영구번호,화장실명,위도,경도,좌표정확도,좌표출처,카카오장소ID,카카오장소명,이름유사도,사유
WC038272,모구리야영장(대피소),33.4070310311947,126.822110539791,A,kakao_place_bldg,20336584,모구리야영장 대피소,1.0,"캠퍼스·단지 건물 좌표(구분어 대피소, 묶음 좌표에서 45m)"
WC038271,모구리야영장(가족영지),33.4058569592827,126.820741231642,A,kakao_place_bldg,17584555,모구리야영장 가족영지,1.0,"캠퍼스·단지 건물 좌표(구분어 가족영지, 묶음 좌표에서 157m)"
WC038270,모구리야영장(일출봉영지),33.4055996259388,126.822362856627,A,kakao_place_bldg,17584563,모구리야영장 일출봉영지,1.0,"캠퍼스·단지 건물 좌표(구분어 일출봉영지, 묶음 좌표에서 116m)"
WC037895,오백장군갤러리 화장실,33.4462714776289,126.660637147636,A,kakao_place_bldg,27120091,오백장군갤러리,1.0,"캠퍼스·단지 건물 좌표(구분어 오백장군갤러리, 묶음 좌표에서 673m)"
WC037892,돌박물관 야외화장실,33.4502961692241,126.657984241152,A,kakao_place_bldg,18119056,제주돌문화공원 돌박물관야외무대,0.57,"캠퍼스·단지 건물 좌표(구분어 돌박물관야외, 묶음 좌표에서 168m)"
WC037891,돌박물관 화장실,33.449955198962,126.658579277075,A,kakao_place_bldg,843290898,제주돌박물관,0.8,"캠퍼스·단지 건물 좌표(구분어 돌박물관, 묶음 좌표에서 235m)"
WC037937,애향운동장,33.49554666108122,126.51782209543354,A,kakao_place_bldg,17808519,제주종합경기장 애향운동장,0.59,"캠퍼스·단지 건물 좌표(구분어 애향운동장, 묶음 좌표에서 105m)"
WC038188,제주시청1별관,33.4998510078275,126.531967882151,A,kakao_place_bldg,106576479,제주시청 1별관,1.0,"캠퍼스·단지 건물 좌표(구분어 별관, 묶음 좌표에서 47m)"
WC037898,제주시청 시민화장실,33.4975520839931,126.531050485132,A,kakao_place_bldg,1051905687,시민정치연대 제주가치,0.25,"캠퍼스·단지 건물 좌표(구분어 시민, 묶음 좌표에서 315m)"
WC037834,제주항 연안여객터미널(1층 매표소),33.5194882503356,126.53523664066,A,kakao_place_bldg,2078038700,매표소 제주항연안여객터미널,0.77,"캠퍼스·단지 건물 좌표(구분어 매표소, 묶음 좌표에서 112m)"
WC037724,주차장화장실,34.32828374985573,126.8086342036775,A,kakao_place_bldg,20848636,신지명사십리해수욕장 1주차장,0.35,"캠퍼스·단지 건물 좌표(구분어 주차장, 묶음 좌표에서 109m)"
WC037803,해안도로입구,34.4327127461606,126.351823142486,A,kakao_place_bldg,1673121327,해안도로입구 화장실,0.8,"캠퍼스·단지 건물 좌표(구분어 해안도로입구, 묶음 좌표에서 617m)"
WC001576,해안도로입구,34.4327127461606,126.351823142486,A,kakao_place_bldg,1673121327,해안도로입구 화장실,0.8,"캠퍼스·단지 건물 좌표(구분어 해안도로입구, 묶음 좌표에서 617m)"
WC004471,고흥군농업기술센터,34.56684435637109,127.25883019551249,A,kakao_place_bldg,25969000,고흥군농업기술센터,1.0,"캠퍼스·단지 건물 좌표(구분어 고흥군농업기술센터, 묶음 좌표에서 100m)"
WC037175,축구장,34.5673751150115,126.619276253123,A,kakao_place_bldg,11585829,우슬체육공원 축구장,0.5,"캠퍼스·단지 건물 좌표(구분어 축구장, 묶음 좌표에서 384m)"
WC037174,풋살장,34.5696245545444,126.62025549208,A,kakao_place_bldg,1055218229,우슬체육공원 풋살장,0.5,"캠퍼스·단지 건물 좌표(구분어 풋살장, 묶음 좌표에서 302m)"
WC037215,해남군보건소,34.5705249265595,126.61189075879,A,kakao_place_bldg,1180629476,해남군보건소 구강보건센터,0.67,"캠퍼스·단지 건물 좌표(구분어 해남군보건소, 묶음 좌표에서 21m)"
WC037214,건강누리센터,34.570163870815804,126.6117398707299,A,kakao_place_bldg,1317104194,해남건강누리센터,0.86,"캠퍼스·단지 건물 좌표(구분어 건강누리센터, 묶음 좌표에서 44m)"
WC037290,명량대첩해전사 공중화장실1층,34.5726125367439,126.309816283472,A,kakao_place_bldg,1841927605,우수영국민관광지 명량대첩해전사기념전시관,0.52,"캠퍼스·단지 건물 좌표(구분어 명량대첩해전사, 묶음 좌표에서 30m)"
WC037289,명량대첩해전사 공중화장실3층,34.5726125367439,126.309816283472,A,kakao_place_bldg,1841927605,우수영국민관광지 명량대첩해전사기념전시관,0.52,"캠퍼스·단지 건물 좌표(구분어 명량대첩해전사, 묶음 좌표에서 30m)"
WC008951,고흥문화원,34.6124652868439,127.297612366226,A,kakao_place_bldg,10165004,고흥문화원,1.0,"캠퍼스·단지 건물 좌표(구분어 고흥문화원, 묶음 좌표에서 421m)"
WC004635,박지성공설운동장,34.61430002729198,127.2985893127222,A,kakao_place_bldg,8193641,박지성공설운동장,1.0,"캠퍼스·단지 건물 좌표(구분어 박지성공설운동장, 묶음 좌표에서 209m)"
WC004634,고흥종합문화회관,34.6124580328575,127.29762978532,A,kakao_place_bldg,10169101,고흥종합문화회관,1.0,"캠퍼스·단지 건물 좌표(구분어 고흥종합문화회관, 묶음 좌표에서 420m)"
WC035766,오동도 용굴,34.743396623851,127.765726220999,A,kakao_place_bldg,18091598,오동도 용굴,1.0,"캠퍼스·단지 건물 좌표(구분어 용굴, 묶음 좌표에서 227m)"
WC037421,왕인박사유적지 주차장,34.7562513068662,126.630486696891,A,kakao_place_bldg,17580753,왕인학당 주차장1,0.56,"캠퍼스·단지 건물 좌표(구분어 주차장, 묶음 좌표에서 129m)"
WC037420,왕인박사유적지 매표소,34.7575498603069,126.62828774959,A,kakao_place_bldg,17944613,왕인학당 매표소,0.59,"캠퍼스·단지 건물 좌표(구분어 매표소, 묶음 좌표에서 136m)"
WC037419,왕인박사유적지 관리사무소,34.7562861806341,126.6312860288,A,kakao_place_bldg,17944615,왕인학당 관리사무소,0.67,"캠퍼스·단지 건물 좌표(구분어 관리사무소, 묶음 좌표에서 200m)"
WC037418,왕인박사유적지 월악루,34.7545103302322,126.630669199875,A,kakao_place_bldg,13147205,월악루,0.46,"캠퍼스·단지 건물 좌표(구분어 월악루, 묶음 좌표에서 266m)"
WC037417,왕인박사유적지 봉선대,34.7552316197509,126.629534488052,A,kakao_place_bldg,13147211,봉선대,0.46,"캠퍼스·단지 건물 좌표(구분어 봉선대, 묶음 좌표에서 149m)"
WC035533,망마국민체육센터,34.758748907447874,127.67835824974992,A,kakao_place_bldg,1487026395,망마국민체육센터 수영장,0.84,"캠퍼스·단지 건물 좌표(구분어 망마국민체육센터, 묶음 좌표에서 108m)"
WC035897,진남체육공원 진남체육관,34.762725714184306,127.72575334032385,A,kakao_place_bldg,17583741,진남체육공원 진남체육관,1.0,"캠퍼스·단지 건물 좌표(구분어 진남체육공원진남체육관, 묶음 좌표에서 146m)"
WC035532,장애인국민체육센터,34.761891854530205,127.72182269198211,A,kakao_place_bldg,1340155887,여수시 장애인국민체육센터,0.86,"캠퍼스·단지 건물 좌표(구분어 국민체육센터, 묶음 좌표에서 440m)"
WC037053,장평다목적회관,34.773539846057076,126.97574803198843,A,kakao_place_bldg,1737175672,장평다목적회관,1.0,"캠퍼스·단지 건물 좌표(구분어 다목적회관, 묶음 좌표에서 86m)"
WC037052,장평면민회관2층,34.77338831467436,126.97528379400826,A,kakao_place_bldg,1296162940,장평면민회관,1.0,"캠퍼스·단지 건물 좌표(구분어 면민회관, 묶음 좌표에서 54m)"
WC037051,장평면민회관1층,34.77338831467436,126.97528379400826,A,kakao_place_bldg,1296162940,장평면민회관,1.0,"캠퍼스·단지 건물 좌표(구분어 면민회관, 묶음 좌표에서 54m)"
WC032187,스포츠파크,34.80415863678158,127.83568365185582,A,kakao_place_bldg,10186256,남해스포츠파크호텔,0.71,"캠퍼스·단지 건물 좌표(구분어 스포츠파크, 묶음 좌표에서 245m)"
WC053088,스포츠파크 테니스장,34.8545309168225,128.581087780609,A,kakao_place_bldg,104056150,거제스포츠파크 테니스장,0.9,"캠퍼스·단지 건물 좌표(구분어 스포츠파크테니스장, 묶음 좌표에서 300m)"
WC053087,스포츠파크 풋살장,34.8509320906035,128.582680745635,A,kakao_place_bldg,535921098,거제스포츠파크 풋살장,0.89,"캠퍼스·단지 건물 좌표(구분어 스포츠파크풋살장, 묶음 좌표에서 147m)"
WC053052,거제경찰서 본관 1층,34.8969392014172,128.689890647923,A,kakao_place_bldg,1165022216,한짐MMA 옥포본관,0.25,"캠퍼스·단지 건물 좌표(구분어 본관, 묶음 좌표에서 368m)"
WC031979,상족암군립공원 주차장화장실,34.90838475723389,128.14708273426328,A,kakao_place_bldg,1321733219,상족암군립공원 주차장 전기차충전소,0.77,"캠퍼스·단지 건물 좌표(구분어 상족암군립공원주차장, 묶음 좌표에서 146m)"
WC050372,낙안행정복지센터(2층),34.908061789694095,127.34625208438437,A,kakao_place_bldg,8234206,낙안면행정복지센터,0.94,"캠퍼스·단지 건물 좌표(구분어 행정복지센터, 묶음 좌표에서 40m)"
WC050371,낙안면행정복지센터(1층),34.908061789694095,127.34625208438437,A,kakao_place_bldg,8234206,낙안면행정복지센터,1.0,"캠퍼스·단지 건물 좌표(구분어 면행정복지센터, 묶음 좌표에서 40m)"
WC050537,순천만국가정원 서문매표소 화장실,34.92848086008426,127.49739554961579,A,kakao_place_bldg,1544551707,무인민원발급창구 순천만국가정원 서문매표소,0.75,"캠퍼스·단지 건물 좌표(구분어 가정원서문매표소, 묶음 좌표에서 314m)"
WC050536,순천만국가정원 한국정원 화장실,34.9268464940016,127.496111752414,A,kakao_place_bldg,19530550,순천만국가정원 한국정원,1.0,"캠퍼스·단지 건물 좌표(구분어 가정원한국정원, 묶음 좌표에서 483m)"
WC050518,순천만국가정원 역사관 화장실,34.9289333561301,127.496292863416,A,kakao_place_bldg,1638042508,순천만국가정원 역사관,1.0,"캠퍼스·단지 건물 좌표(구분어 가정원역사관, 묶음 좌표에서 411m)"
WC050517,순천만국가정원 서문주차장 화장실,34.92886359779077,127.49527458474617,A,kakao_place_bldg,244885362,순천만국가정원 서문주차장,1.0,"캠퍼스·단지 건물 좌표(구분어 가정원서문주차장, 묶음 좌표에서 504m)"
WC053348,순천만국가정원 관람차 매표소 화장실,34.92844050975981,127.51038551717977,A,kakao_place_bldg,1632424456,순천만국가정원 관람차매표소,1.0,"캠퍼스·단지 건물 좌표(구분어 관람차매표소, 묶음 좌표에서 162m)"
WC050515,순천만국가정원 국가정원식물원 화장실(2층),34.9289743668069,127.512042570806,A,kakao_place_bldg,1466483596,순천만국가정원 식물원,0.83,"캠퍼스·단지 건물 좌표(구분어 국가정원식물원, 묶음 좌표에서 240m)"
WC050514,순천만국가정원 국가정원식물원 화장실(1층),34.9289743668069,127.512042570806,A,kakao_place_bldg,1466483596,순천만국가정원 식물원,0.83,"캠퍼스·단지 건물 좌표(구분어 국가정원식물원, 묶음 좌표에서 240m)"
WC050513,순천만국가정원 워케이션 화장실,34.925238874074076,127.51250966500783,A,kakao_place_bldg,1987690721,순천만국가정원 정원워케이션,0.92,"캠퍼스·단지 건물 좌표(구분어 워케이션, 묶음 좌표에서 567m)"
WC050528,순천만국가정원 동문매표소 화장실,34.9309124779237,127.509865617331,A,kakao_place_bldg,1543776099,무인민원발급창구 순천만국가정원 동문매표소,0.75,"캠퍼스·단지 건물 좌표(구분어 동문매표소, 묶음 좌표에서 105m)"
WC050525,순천만국가정원 메타세쿼이아길 화장실,34.9250028421623,127.511194894118,A,kakao_place_bldg,19530454,순천만국가정원 메타세쿼이아길,1.0,"캠퍼스·단지 건물 좌표(구분어 메타세쿼이아길, 묶음 좌표에서 584m)"
WC050524,순천만국가정원 독일정원 화장실,34.9263980395442,127.508651317889,A,kakao_place_bldg,19530291,순천만국가정원 독일정원,1.0,"캠퍼스·단지 건물 좌표(구분어 독일정원, 묶음 좌표에서 465m)"
WC050522,순천만국가정원 프랑스정원 화장실,34.9282572456412,127.506360042491,A,kakao_place_bldg,19530294,순천만국가정원 프랑스정원,1.0,"캠퍼스·단지 건물 좌표(구분어 프랑스정원, 묶음 좌표에서 450m)"
WC050471,팔마골프연습장,34.9371067050483,127.517977570407,A,kakao_place_bldg,19974690,팔마골프연습장,1.0,"캠퍼스·단지 건물 좌표(구분어 팔마골프연습장, 묶음 좌표에서 376m)"
WC050468,올림픽기념관 화장실,34.9352590388311,127.51983873843,A,kakao_place_bldg,1844927460,올림픽기념관 탁구장,0.8,"캠퍼스·단지 건물 좌표(구분어 올림픽기념관, 묶음 좌표에서 494m)"
WC050467,팔마체육관 화장실,34.9347344192871,127.518999193703,A,kakao_place_bldg,1986612398,팔마체육관사거리,0.77,"캠퍼스·단지 건물 좌표(구분어 팔마체육관, 묶음 좌표에서 568m)"
WC050459,게이트볼장화장실,34.93904956889968,127.52104811376462,A,kakao_place_bldg,11584099,팔마게이트볼장,0.83,"캠퍼스·단지 건물 좌표(구분어 게이트볼장, 묶음 좌표에서 73m)"
WC050456,다목적체육관 화장실,34.9394945635586,127.520273754235,A,kakao_place_bldg,1854217265,팔마다목적체육관,0.86,"캠퍼스·단지 건물 좌표(구분어 다목적체육관, 묶음 좌표에서 43m)"
WC050455,테니스장 화장실,34.9383699189129,127.521050382754,A,kakao_place_bldg,1341070297,팔마실내테니스장,0.67,"캠퍼스·단지 건물 좌표(구분어 테니스장, 묶음 좌표에서 145m)"
WC050453,팔마국민체육센터 화장실,34.9411930559742,127.521466686187,A,kakao_place_bldg,2023588204,순천팔마국민체육센터,0.89,"캠퍼스·단지 건물 좌표(구분어 팔마국민체육센터, 묶음 좌표에서 185m)"
WC050451,유소년축구장화장실,34.9417648997588,127.520539860953,A,kakao_place_bldg,1915695982,순천팔마종합운동장 유소년축구장,0.57,"캠퍼스·단지 건물 좌표(구분어 유소년축구장, 묶음 좌표에서 236m)"
WC050450,야구장화장실,34.9415451354624,127.519235852203,A,kakao_place_bldg,2023083679,팔마야구장,0.75,"캠퍼스·단지 건물 좌표(구분어 야구장, 묶음 좌표에서 250m)"
WC050449,인공암벽장 화장실,34.94055517021581,127.51866150153968,A,kakao_place_bldg,1437644096,팔마인공암벽장,0.83,"캠퍼스·단지 건물 좌표(구분어 인공암벽장, 묶음 좌표에서 212m)"
WC050448,국궁장(환선정) 화장실,34.94153042270619,127.5180371302618,A,kakao_place_bldg,2068276365,팔마국궁장 환선정,0.86,"캠퍼스·단지 건물 좌표(구분어 국궁장환선정, 묶음 좌표에서 321m)"
WC030554,삼천포종합운동장,34.9409661715837,128.0913145894946,A,kakao_place_bldg,17572892,삼천포종합운동장 테니스장,0.8,"캠퍼스·단지 건물 좌표(구분어 종합운동장, 묶음 좌표에서 316m)"
WC032123,종합운동장 화장실,34.9803377273084,128.310673425332,A,kakao_place_bldg,8194874,고성군종합운동장,0.77,"캠퍼스·단지 건물 좌표(구분어 종합운동장, 묶음 좌표에서 114m)"
WC032121,문화체육센터 화장실,34.9813321132443,128.312069079251,A,kakao_place_bldg,17808325,고성군문화체육센터,0.8,"캠퍼스·단지 건물 좌표(구분어 문화체육센터, 묶음 좌표에서 256m)"
WC032112,고성군 게이트볼장 화장실,34.9817054765648,128.312215207454,A,kakao_place_bldg,2114906212,고성군게이트볼장,1.0,"캠퍼스·단지 건물 좌표(구분어 고성군게이트볼장, 묶음 좌표에서 299m)"
WC035984,목재문화체험장 화장실,35.055136591366264,127.59924937129509,A,kakao_place_bldg,683645453,광양목재문화체험장,0.88,"캠퍼스·단지 건물 좌표(구분어 목재문화체험장, 묶음 좌표에서 394m)"
WC035982,식물생태숲 영상체험관 화장실,35.052504598745,127.598524247776,A,kakao_place_bldg,19585178,백운산식물생태숲 영상체험관,0.87,"캠퍼스·단지 건물 좌표(구분어 식물생태숲영상체험관, 묶음 좌표에서 96m)"
WC035980,2야영장 화장실,35.0532798059485,127.59485131583,A,kakao_place_bldg,17646212,백운산자연휴양림 야영장2,0.38,"캠퍼스·단지 건물 좌표(구분어 야영장, 묶음 좌표에서 381m)"
WC001528,물놀이장 화장실,35.054245080098404,126.51964002760805,A,kakao_place_bldg,17581902,함평엑스포공원 물놀이장,0.53,"캠퍼스·단지 건물 좌표(구분어 물놀이장, 묶음 좌표에서 211m)"
WC001525,중앙광장 화장실,35.055475503041876,126.52147985057631,A,kakao_place_bldg,17385144,중앙광장,1.0,"캠퍼스·단지 건물 좌표(구분어 광장, 묶음 좌표에서 161m)"
WC001522,황소주차장 화장실,35.05904504505447,126.5231175861414,A,kakao_place_bldg,25611527,함평엑스포공원 제1황소주차장,0.53,"캠퍼스·단지 건물 좌표(구분어 황소주차장, 묶음 좌표에서 437m)"
WC032147,S캠핑장 화장실,35.059352563552,128.398809136139,A,kakao_place_bldg,1682111435,당항포관광지 S캠핑장,0.57,"캠퍼스·단지 건물 좌표(구분어 S캠핑장, 묶음 좌표에서 71m)"
WC032145,C캠핑장 화장실,35.0585439388154,128.396712749066,A,kakao_place_bldg,1609743774,당항포관광지 C캠핑장,0.57,"캠퍼스·단지 건물 좌표(구분어 C캠핑장, 묶음 좌표에서 258m)"
WC032138,주제관 1층 화장실,35.0555750439243,128.400314262252,A,kakao_place_bldg,17576054,당항포관광지 엑스포주제관,0.4,"캠퍼스·단지 건물 좌표(구분어 주제관, 묶음 좌표에서 392m)"
WC032137,주제관 2층 화장실,35.0555750439243,128.400314262252,A,kakao_place_bldg,17576054,당항포관광지 엑스포주제관,0.4,"캠퍼스·단지 건물 좌표(구분어 주제관, 묶음 좌표에서 392m)"
WC032136,주제관 3층 화장실,35.0555750439243,128.400314262252,A,kakao_place_bldg,17576054,당항포관광지 엑스포주제관,0.4,"캠퍼스·단지 건물 좌표(구분어 주제관, 묶음 좌표에서 392m)"
WC032130,홀로그램 화장실,35.0570985864359,128.401686265896,A,kakao_place_bldg,2103560760,당항포관광지 홀로그램영상관,0.47,"캠퍼스·단지 건물 좌표(구분어 홀로그램, 묶음 좌표에서 294m)"
WC032339,공설운동장 보조구장,35.05984980096,127.778723575383,A,kakao_place_bldg,11585842,하동군공설운동장 보조구장,0.86,"캠퍼스·단지 건물 좌표(구분어 공설운동장보조구장, 묶음 좌표에서 459m)"
WC032338,국민체육센터,35.0626758549214,127.778811801473,A,kakao_place_bldg,20710854,하동국민체육센터,0.86,"캠퍼스·단지 건물 좌표(구분어 국민체육센터, 묶음 좌표에서 176m)"
WC032337,농어촌복합체육시설,35.06363397658262,127.7778298944404,A,kakao_place_bldg,468467369,농어촌복합체육시설,1.0,"캠퍼스·단지 건물 좌표(구분어 농어촌복합체육시설, 묶음 좌표에서 37m)"
WC032335,하동공설운동장,35.0624171744167,127.777546486936,A,kakao_place_bldg,8145294,하동공설운동장,1.0,"캠퍼스·단지 건물 좌표(구분어 하동공설운동장, 묶음 좌표에서 161m)"
WC051518,화순군청의회동화장실,35.064288474123,126.986826975496,A,kakao_place_bldg,17561735,화순군청 의회동,1.0,"캠퍼스·단지 건물 좌표(구분어 의회동, 묶음 좌표에서 69m)"
WC011905,영도도서관,35.0756519284141,129.066486786574,A,kakao_place_bldg,8441034,영도도서관,1.0,"캠퍼스·단지 건물 좌표(구분어 도서관, 묶음 좌표에서 55m)"
WC011904,영도문화예술회관,35.0756271199659,129.066038912097,A,kakao_place_bldg,11531771,영도문화예술회관,1.0,"캠퍼스·단지 건물 좌표(구분어 문화예술회관, 묶음 좌표에서 85m)"
WC050923,노안면사무소 개방화장실,35.0758536832441,126.731336228884,A,kakao_place_bldg,26439169,노안면사무소 회관,0.86,"캠퍼스·단지 건물 좌표(구분어 면사무소, 묶음 좌표에서 68m)"
WC050921,노안면사무소,35.0758536832441,126.731336228884,A,kakao_place_bldg,26439169,노안면사무소 회관,0.86,"캠퍼스·단지 건물 좌표(구분어 면사무소, 묶음 좌표에서 68m)"
WC050920,노안보건지소,35.0759117006596,126.731485154776,A,kakao_place_bldg,17085198,노안보건지소,1.0,"캠퍼스·단지 건물 좌표(구분어 보건지소, 묶음 좌표에서 53m)"
WC008102,해양공원 해전사체험관 화장실,35.0920432383698,128.720525445252,A,kakao_place_bldg,26112348,진해해양공원 해전사체험관,0.91,"캠퍼스·단지 건물 좌표(구분어 해전사체험관, 묶음 좌표에서 122m)"
WC008100,해양공원 어류생태학습관 화장실,35.091145325268656,128.7220054692804,A,kakao_place_bldg,26324687,진해해양공원 어류생태학습관,0.92,"캠퍼스·단지 건물 좌표(구분어 어류생태학습관, 묶음 좌표에서 279m)"
WC005344,부경대학교 학군단,35.11455075575722,129.08804656634382,A,kakao_place_bldg,1753680718,국립부경대학교 용당캠퍼스 육군학군단,0.64,"캠퍼스·단지 건물 좌표(구분어 학군단, 묶음 좌표에서 204m)"
WC005341,부경대학교 학생회관,35.1169440849791,129.090407532338,A,kakao_place_bldg,23874557,학생회관,0.62,"캠퍼스·단지 건물 좌표(구분어 학생회관, 묶음 좌표에서 138m)"
WC005336,부경대학교 5공학관,35.114007695608,129.090117546394,A,kakao_place_bldg,17566056,부경대학교용당캠퍼스 5공학관,0.78,"캠퍼스·단지 건물 좌표(구분어 공학관, 묶음 좌표에서 229m)"
WC005326,부경대학교 창업보육센터,35.1171711654267,129.0891542668,A,kakao_place_bldg,17564061,국립부경대학교 용당캠퍼스 창업보육센터,0.76,"캠퍼스·단지 건물 좌표(구분어 창업보육센터, 묶음 좌표에서 134m)"
WC005245,부산문화회관 사랑채,35.1279679161975,129.093699190249,A,kakao_place_bldg,18315859,부산문화회관 사랑채극장,0.9,"캠퍼스·단지 건물 좌표(구분어 사랑채, 묶음 좌표에서 89m)"
WC005244,부산문화회관 챔버홀,35.1277846505011,129.093457569293,A,kakao_place_bldg,34484298,부산문화회관 챔버홀,1.0,"캠퍼스·단지 건물 좌표(구분어 챔버홀, 묶음 좌표에서 67m)"
WC005243,부산문화회관 중극장,35.1270084146323,129.094363463905,A,kakao_place_bldg,11271099,부산문화회관 중극장,1.0,"캠퍼스·단지 건물 좌표(구분어 중극장, 묶음 좌표에서 83m)"
WC005242,부산문화회관 다듬채,35.1268276514957,129.092829785916,A,kakao_place_bldg,994112629,부산문화회관 다듬채,1.0,"캠퍼스·단지 건물 좌표(구분어 다듬채, 묶음 좌표에서 71m)"
WC005241,부산문화회관 전시실,35.1273956385834,129.093649437004,A,kakao_place_bldg,737193828,부산문화회관 전시실,1.0,"캠퍼스·단지 건물 좌표(구분어 전시실, 묶음 좌표에서 28m)"
WC005265,부산박물관 보존관리동2층,35.1295535683308,129.095389551904,A,kakao_place_bldg,1467078909,부산박물관 보존관리동,1.0,"캠퍼스·단지 건물 좌표(구분어 박물관보존관리동, 묶음 좌표에서 223m)"
WC005264,부산박물관 보존관리동1층,35.1295535683308,129.095389551904,A,kakao_place_bldg,1467078909,부산박물관 보존관리동,1.0,"캠퍼스·단지 건물 좌표(구분어 박물관보존관리동, 묶음 좌표에서 223m)"
WC005262,부산박물관 부산관지하,35.1295740100375,129.094832843056,A,kakao_place_bldg,971856667,부산박물관 부산관,1.0,"캠퍼스·단지 건물 좌표(구분어 박물관부산관, 묶음 좌표에서 172m)"
WC005260,부산박물관 부산관2층,35.1295740100375,129.094832843056,A,kakao_place_bldg,971856667,부산박물관 부산관,1.0,"캠퍼스·단지 건물 좌표(구분어 박물관부산관, 묶음 좌표에서 172m)"
WC005259,부산박물관 부산관1층,35.1295740100375,129.094832843056,A,kakao_place_bldg,971856667,부산박물관 부산관,1.0,"캠퍼스·단지 건물 좌표(구분어 박물관부산관, 묶음 좌표에서 172m)"
WC005258,부산박물관 동래관지하,35.12936995945,129.094125591443,A,kakao_place_bldg,23114757,부산박물관 동래관,1.0,"캠퍼스·단지 건물 좌표(구분어 박물관동래관, 묶음 좌표에서 110m)"
WC005257,부산박물관 동래관1층,35.12936995945,129.094125591443,A,kakao_place_bldg,23114757,부산박물관 동래관,1.0,"캠퍼스·단지 건물 좌표(구분어 박물관동래관, 묶음 좌표에서 110m)"
WC005322,부경대학교 양어장관리사,35.1330916955079,129.101517906381,A,kakao_place_bldg,17564521,국립부경대학교 양어장관리사,0.92,"캠퍼스·단지 건물 좌표(구분어 양어장관리사, 묶음 좌표에서 385m)"
WC005320,부경대학교 수조실험동,35.1330195838845,129.107536162757,A,kakao_place_bldg,17564181,국립부경대학교 수조실험동,0.91,"캠퍼스·단지 건물 좌표(구분어 수조실험동, 묶음 좌표에서 305m)"
WC005319,부경대학교 수산질병관리원,35.1337854239267,129.108683589169,A,kakao_place_bldg,79749839,국립부경대학교 수산질병관리원,0.92,"캠퍼스·단지 건물 좌표(구분어 수산질병관리원, 묶음 좌표에서 440m)"
WC005318,부경대학교 한울관,35.1323329723746,129.106962309709,A,kakao_place_bldg,691831096,국립부경대학교 한울관,0.89,"캠퍼스·단지 건물 좌표(구분어 한울관, 묶음 좌표에서 217m)"
WC005317,부경대학교 디자인관,35.1342602159418,129.101482126069,A,kakao_place_bldg,1338876557,국립부경대학교 디자인관,0.9,"캠퍼스·단지 건물 좌표(구분어 디자인관, 묶음 좌표에서 472m)"
WC005316,부경대학교 대학극장,35.1323825385163,129.104992368095,A,kakao_place_bldg,27203568,국립부경대학교 대학극장,0.9,"캠퍼스·단지 건물 좌표(구분어 대학극장, 묶음 좌표에서 134m)"
WC005315,부경대학교 체육관,35.133111185766,129.104962862932,A,kakao_place_bldg,27203569,국립부경대학교 체육관,0.89,"캠퍼스·단지 건물 좌표(구분어 체육관, 묶음 좌표에서 215m)"
WC005314,부경대학교 위드센터,35.13394999701768,129.10575014666566,A,kakao_place_bldg,17564221,국립부경대학교 위드센터,0.9,"캠퍼스·단지 건물 좌표(구분어 위드센터, 묶음 좌표에서 315m)"
WC005313,부경대학교 나비센터,35.134114434730435,129.10639940251266,A,kakao_place_bldg,17555704,국립부경대학교 나비센터,0.9,"캠퍼스·단지 건물 좌표(구분어 나비센터, 묶음 좌표에서 349m)"
WC005312,부경대학교 아름관,35.1330373264555,129.107966627795,A,kakao_place_bldg,602084071,국립부경대학교 아름관,0.89,"캠퍼스·단지 건물 좌표(구분어 아름관, 묶음 좌표에서 337m)"
WC005311,부경대학교 동원장보고관,35.1331609423552,129.102928184687,A,kakao_place_bldg,27203553,국립부경대학교 동원장보고관,0.92,"캠퍼스·단지 건물 좌표(구분어 동원장보고관, 묶음 좌표에서 293m)"
WC005310,부경대학교 청운관,35.1344299439403,129.104786199297,A,kakao_place_bldg,17564226,국립부경대학교 청운관,0.89,"캠퍼스·단지 건물 좌표(구분어 청운관, 묶음 좌표에서 362m)"
WC005309,부경대학교 충무관,35.1350420407047,129.105240753414,A,kakao_place_bldg,17561363,국립부경대학교 충무관,0.89,"캠퍼스·단지 건물 좌표(구분어 충무관, 묶음 좌표에서 430m)"
WC005308,부경대학교 웅비관,35.1344936265887,129.103195025763,A,kakao_place_bldg,17556080,국립부경대학교 웅비관,0.89,"캠퍼스·단지 건물 좌표(구분어 웅비관, 묶음 좌표에서 405m)"
WC005307,부경대학교 누리관,35.1347763372125,129.103105764731,A,kakao_place_bldg,17558526,국립부경대학교 누리관,0.89,"캠퍼스·단지 건물 좌표(구분어 누리관, 묶음 좌표에서 437m)"
WC005305,부경대학교 호연관,35.1352479378729,129.107703309696,A,kakao_place_bldg,17564527,국립부경대학교 호연관,0.89,"캠퍼스·단지 건물 좌표(구분어 호연관, 묶음 좌표에서 513m)"
WC005304,부경대학교 건축관,35.13471112103416,129.10784304627384,A,kakao_place_bldg,17564120,국립부경대학교 건축관,0.89,"캠퍼스·단지 건물 좌표(구분어 건축관, 묶음 좌표에서 468m)"
WC005303,부경대학교 해양공동연구관,35.1354563782743,129.108774958943,A,kakao_place_bldg,17555693,국립부경대학교 해양공동연구관,0.92,"캠퍼스·단지 건물 좌표(구분어 해양공동연구관, 묶음 좌표에서 584m)"
WC005302,부경대학교 장영실관,35.1348089971903,129.108898672649,A,kakao_place_bldg,17564225,국립부경대학교 장영실관,0.9,"캠퍼스·단지 건물 좌표(구분어 장영실관, 묶음 좌표에서 535m)"
WC005301,부경대학교 나래관,35.1348677835344,129.101782960472,A,kakao_place_bldg,17568062,국립부경대학교 나래관,0.89,"캠퍼스·단지 건물 좌표(구분어 나래관, 묶음 좌표에서 506m)"
WC005300,부경대학교 향파관,35.1353498018659,129.102879180294,A,kakao_place_bldg,17562244,국립부경대학교 향파관,0.89,"캠퍼스·단지 건물 좌표(구분어 향파관, 묶음 좌표에서 504m)"
WC005298,부경대학교 수산과학관,35.13365515116286,129.1082984846145,A,kakao_place_bldg,1844239838,국립부경대학교 대연캠퍼스 수산과학관,0.74,"캠퍼스·단지 건물 좌표(구분어 수산과학관, 묶음 좌표에서 404m)"
WC005297,부경대학교 대학본부,35.1340405601084,129.103130714988,A,kakao_place_bldg,26647548,국립부경대학교 대학본부,0.9,"캠퍼스·단지 건물 좌표(구분어 대학본부, 묶음 좌표에서 363m)"
WC005296,부경대학교 학술정보관,35.1326671960425,129.103753557435,A,kakao_place_bldg,17736284,국립부경대학교 학술정보관,0.91,"캠퍼스·단지 건물 좌표(구분어 학술정보관, 묶음 좌표에서 203m)"
WC005295,부경대학교 환경해양관,35.1350518038311,129.106337990674,A,kakao_place_bldg,17566666,국립부경대학교 환경해양관,0.91,"캠퍼스·단지 건물 좌표(구분어 환경해양관, 묶음 좌표에서 446m)"
WC005294,부경대학교 미래관,35.1339739822019,129.102189994083,A,kakao_place_bldg,17555684,국립부경대학교 미래관,0.89,"캠퍼스·단지 건물 좌표(구분어 미래관, 묶음 좌표에서 405m)"
WC005293,부경대학교 가온관,35.1340111771463,129.105029915026,A,kakao_place_bldg,17568624,국립부경대학교 가온관,0.89,"캠퍼스·단지 건물 좌표(구분어 가온관, 묶음 좌표에서 315m)"
WC005292,부경대학교 인문사회·경영관,35.1342230813077,129.107769032028,A,kakao_place_bldg,27203550,국립부경대학교 인문사회경영관,0.92,"캠퍼스·단지 건물 좌표(구분어 인문사회경영관, 묶음 좌표에서 420m)"
WC005289,부경대학교 창의관,35.13278629435381,129.10690817528447,A,kakao_place_bldg,203969528,국립부경대학교 창의관,0.89,"캠퍼스·단지 건물 좌표(구분어 창의관, 묶음 좌표에서 246m)"
WC005288,부경대학교 수상레저관,35.1326613424118,129.104920565925,A,kakao_place_bldg,1836240082,국립부경대학교 수상레저관,0.91,"캠퍼스·단지 건물 좌표(구분어 수상레저관, 묶음 좌표에서 165m)"
WC008132,진해종합사회복지관,35.1341741210038,128.710576985108,A,kakao_place_bldg,11584299,창원시진해 종합사회복지관,0.86,"캠퍼스·단지 건물 좌표(구분어 진해종합사회복지관, 묶음 좌표에서 302m)"
WC008140,진해구청 행정동 지하1층,35.1326369764694,128.710616134956,A,kakao_place_bldg,1157082811,진해구청 행정동,1.0,"캠퍼스·단지 건물 좌표(구분어 진해구청행정동, 묶음 좌표에서 134m)"
WC008139,진해구청 행정동 3층,35.1326369764694,128.710616134956,A,kakao_place_bldg,1157082811,진해구청 행정동,1.0,"캠퍼스·단지 건물 좌표(구분어 진해구청행정동, 묶음 좌표에서 134m)"
WC008138,진해구청 행정동 2층,35.1326369764694,128.710616134956,A,kakao_place_bldg,1157082811,진해구청 행정동,1.0,"캠퍼스·단지 건물 좌표(구분어 진해구청행정동, 묶음 좌표에서 134m)"
WC008137,진해구청 행정동 1층,35.1326369764694,128.710616134956,A,kakao_place_bldg,1157082811,진해구청 행정동,1.0,"캠퍼스·단지 건물 좌표(구분어 진해구청행정동, 묶음 좌표에서 134m)"
WC008135,진해구청 민원동 지하1층,35.1327277173109,128.710125462172,A,kakao_place_bldg,17990896,창원시진해구청 민원동,0.82,"캠퍼스·단지 건물 좌표(구분어 진해구청민원동, 묶음 좌표에서 140m)"
WC008134,진해구청 민원동 2층,35.1327277173109,128.710125462172,A,kakao_place_bldg,17990896,창원시진해구청 민원동,0.82,"캠퍼스·단지 건물 좌표(구분어 진해구청민원동, 묶음 좌표에서 140m)"
WC008133,진해구청 민원동 1층,35.1327277173109,128.710125462172,A,kakao_place_bldg,17990896,창원시진해구청 민원동,0.82,"캠퍼스·단지 건물 좌표(구분어 진해구청민원동, 묶음 좌표에서 140m)"
WC001411,자연생태공원 나비표본전시관2층,35.1357879920025,126.503247264472,A,kakao_place_bldg,27563416,함평자연생태공원 나비표본전시관,0.93,"캠퍼스·단지 건물 좌표(구분어 나비표본전시관, 묶음 좌표에서 240m)"
WC001410,자연생태공원 나비표본전시관1층,35.1357879920025,126.503247264472,A,kakao_place_bldg,27563416,함평자연생태공원 나비표본전시관,0.93,"캠퍼스·단지 건물 좌표(구분어 나비표본전시관, 묶음 좌표에서 240m)"
WC034116,충혼탑,35.1346437162201,128.713825347882,A,kakao_place_bldg,17555832,풍호공원 충혼탑,0.6,"캠퍼스·단지 건물 좌표(구분어 충혼탑, 묶음 좌표에서 169m)"
WC008421,롯데마트월드컵점,35.132746784931555,126.87676172895591,A,kakao_place_bldg,10362136,롯데마트 월드컵점,1.0,"캠퍼스·단지 건물 좌표(구분어 롯데마트월드컵점, 묶음 좌표에서 487m)"
WC008338,광주광역시도시공사(염주실내수영장),35.13351452759344,126.87832959183388,A,kakao_place_bldg,16921150,광주광역시도시공사 염주실내수영장,1.0,"캠퍼스·단지 건물 좌표(구분어 광주광역시도시공사염주실내수영장, 묶음 좌표에서 358m)"
WC001407,양서·파충류생태공원 아나콘다관,35.1402345026116,126.493915205409,A,kakao_place_bldg,1254171969,양서파충류생태공원 아나콘다관,1.0,"캠퍼스·단지 건물 좌표(구분어 아나콘다관, 묶음 좌표에서 212m)"
WC036257,사직공원 유아숲,35.142787664307,126.911501586811,A,kakao_place_bldg,1555817616,사직공원 유아숲체험원,0.82,"캠퍼스·단지 건물 좌표(구분어 유아숲, 묶음 좌표에서 109m)"
WC036256,사직공원 사직단,35.1423588691341,126.911848809,A,kakao_place_bldg,7917009,사직공원 사직단,1.0,"캠퍼스·단지 건물 좌표(구분어 사직단, 묶음 좌표에서 56m)"
WC004421,전남대학교병원(장례식장),35.1399336167358,126.924312398294,A,kakao_place_bldg,8066099,조선대학교병원 장례식장,0.82,"캠퍼스·단지 건물 좌표(구분어 병원장례식장, 묶음 좌표에서 309m)"
WC001313,전남대학교병원장례식장,35.1399336167358,126.924312398294,A,kakao_place_bldg,8066099,조선대학교병원 장례식장,0.82,"캠퍼스·단지 건물 좌표(구분어 병원장례식장, 묶음 좌표에서 309m)"
WC001325,조선대학교 체육대학,35.14036821350518,126.92748980306513,A,kakao_place_bldg,8066097,조선대학교 체육대학,1.0,"캠퍼스·단지 건물 좌표(구분어 체육대학, 묶음 좌표에서 651m)"
WC001324,조선대학교 장미원,35.14164009441866,126.92911271786325,A,kakao_place_bldg,39572500,CU 조선대장미원점,0.71,"캠퍼스·단지 건물 좌표(구분어 장미원, 묶음 좌표에서 471m)"
WC004369,동구보건소,35.1458207495444,126.923415873897,A,kakao_place_bldg,11889444,전남광주통합특별시 동구보건소,0.53,"캠퍼스·단지 건물 좌표(구분어 보건소, 묶음 좌표에서 50m)"
WC001328,동구 보건소,35.1458207495444,126.923415873897,A,kakao_place_bldg,11889444,전남광주통합특별시 동구보건소,0.53,"캠퍼스·단지 건물 좌표(구분어 보건소, 묶음 좌표에서 50m)"
WC004453,문화전당공중화장실(하늘마당),35.1488300638639,126.921490370183,A,kakao_place_bldg,24727634,국립아시아문화전당 하늘마당,0.76,"캠퍼스·단지 건물 좌표(구분어 문화전당하늘마당, 묶음 좌표에서 238m)"
WC004452,문화전당공중화장실(어린이문화원),35.1453487816448,126.91977083338,A,kakao_place_bldg,1047695591,국립아시아문화전당 어린이문화원 놀이터,0.71,"캠퍼스·단지 건물 좌표(구분어 문화전당어린이문화원, 묶음 좌표에서 191m)"
WC001298,아시아문화전당(어린이문화원),35.1453677204388,126.919786178059,A,kakao_place_bldg,24555322,국립아시아문화전당 어린이문화원,0.93,"캠퍼스·단지 건물 좌표(구분어 아시아문화전당어린이문화원, 묶음 좌표에서 189m)"
WC001297,아시아문화전당(하늘마당),35.1488300638639,126.921490370183,A,kakao_place_bldg,24727634,국립아시아문화전당 하늘마당,0.92,"캠퍼스·단지 건물 좌표(구분어 아시아문화전당하늘마당, 묶음 좌표에서 238m)"
WC008232,진해공설운동장,35.1485740663232,128.654900613717,A,kakao_place_bldg,10768225,진해공설운동장,1.0,"캠퍼스·단지 건물 좌표(구분어 진해공설운동장, 묶음 좌표에서 56m)"
WC030131,남부농기계임대사업소 화장실,35.1483635547109,128.143701842473,A,kakao_place_bldg,306852166,진주시 남부농기계임대사업소,0.87,"캠퍼스·단지 건물 좌표(구분어 남부농기계임대사업소, 묶음 좌표에서 226m)"
WC008520,시민공원(테니스장),35.152553116115,126.842381003615,A,kakao_place_bldg,24633473,상무시민공원 테니스장,0.89,"캠퍼스·단지 건물 좌표(구분어 테니스장, 묶음 좌표에서 129m)"
WC029880,경상국립대학교(도서관),35.15316920033759,128.09971138878802,A,kakao_place_bldg,8681577,경상국립대학교 가좌캠퍼스 중앙도서관,0.74,"캠퍼스·단지 건물 좌표(구분어 도서관, 묶음 좌표에서 424m)"
WC029879,경상국립대학교(박물관),35.15562353558561,128.1022806152558,A,kakao_place_bldg,382593992,경상국립대학교 가좌캠퍼스 박물관및고문헌도서관,0.62,"캠퍼스·단지 건물 좌표(구분어 박물관, 묶음 좌표에서 407m)"
WC029878,경상국립대학교(체육관),35.1553863583938,128.102988558158,A,kakao_place_bldg,17556885,경상국립대학교 가좌캠퍼스 체육관,0.8,"캠퍼스·단지 건물 좌표(구분어 체육관, 묶음 좌표에서 477m)"
WC029877,경상국립대학교(컨벤션센터),35.15456368135829,128.10187563296546,A,kakao_place_bldg,2054744256,경상국립대학교 가좌캠퍼스 GNU컨벤션센터,0.75,"캠퍼스·단지 건물 좌표(구분어 컨벤션센터, 묶음 좌표에서 426m)"
WC012073,황령산 금성사,35.1584865576517,129.078315701425,A,kakao_place_bldg,12889310,금성사,0.67,"캠퍼스·단지 건물 좌표(구분어 금성사, 묶음 좌표에서 312m)"
WC029795,경상남도산림환경연구원,35.161180934406175,128.2936686508617,A,kakao_place_bldg,15692647,경상남도산림환경연구원,1.0,"캠퍼스·단지 건물 좌표(구분어 상남도산림환경연구원, 묶음 좌표에서 481m)"
WC029792,경상남도수목원전망대,35.1557170714214,128.298077168928,A,kakao_place_bldg,27606215,경상남도수목원 전망대,1.0,"캠퍼스·단지 건물 좌표(구분어 상남도수목원전망대, 묶음 좌표에서 269m)"
WC029791,경상남도 수목원(열대식물원),35.1617481393281,128.295411685328,A,kakao_place_bldg,17562686,경상남도 수목원 열대식물원,1.0,"캠퍼스·단지 건물 좌표(구분어 상남도수목원열대식물원, 묶음 좌표에서 507m)"
WC029789,경상남도수목원주차장,35.1625743842062,128.296359868375,A,kakao_place_bldg,17561594,경상남도수목원 주차장3,0.95,"캠퍼스·단지 건물 좌표(구분어 상남도수목원주차장, 묶음 좌표에서 600m)"
WC030028,진주스포츠파크(궁도장),35.1579718961473,128.161553884551,A,kakao_place_bldg,27238507,진주스포츠파크 궁도장,1.0,"캠퍼스·단지 건물 좌표(구분어 궁도장, 묶음 좌표에서 106m)"
WC012161,부산시민공원 다솜관,35.1689068315441,129.06042909989,A,kakao_place_bldg,881060177,부산시민공원 다솜관,1.0,"캠퍼스·단지 건물 좌표(구분어 다솜관, 묶음 좌표에서 560m)"
WC012156,부산시민공원 문화예술촌,35.1685978129558,129.055280853741,A,kakao_place_bldg,24406059,부산시민공원 문화예술촌,1.0,"캠퍼스·단지 건물 좌표(구분어 문화예술촌, 묶음 좌표에서 343m)"
WC012155,부산시민공원 공원역사관,35.1671531481414,129.054384104229,A,kakao_place_bldg,24406057,부산시민공원 역사관,0.9,"캠퍼스·단지 건물 좌표(구분어 공원역사관, 묶음 좌표에서 223m)"
WC012154,부산시민공원방문자센터지하2층,35.1655542858827,129.055564195666,A,kakao_place_bldg,26100095,부산시민공원 방문자센터,1.0,"캠퍼스·단지 건물 좌표(구분어 방문자센터, 묶음 좌표에서 25m)"
WC012153,부산시민공원방문자센터지하1층,35.1655542858827,129.055564195666,A,kakao_place_bldg,26100095,부산시민공원 방문자센터,1.0,"캠퍼스·단지 건물 좌표(구분어 방문자센터, 묶음 좌표에서 25m)"
WC012152,부산시민공원방문자센터 1층,35.1655542858827,129.055564195666,A,kakao_place_bldg,26100095,부산시민공원 방문자센터,1.0,"캠퍼스·단지 건물 좌표(구분어 방문자센터, 묶음 좌표에서 25m)"
WC013157,김해공항 국내선,35.17038487088587,128.94882917677478,A,kakao_place_bldg,19952704,김해국제공항 국내선청사,0.78,"캠퍼스·단지 건물 좌표(구분어 공항국내선, 묶음 좌표에서 201m)"
WC013082,김해공항 국제선,35.17346939814785,128.94721808614506,A,kakao_place_bldg,23727843,김해국제공항 국제선 Gate1(출발),0.61,"캠퍼스·단지 건물 좌표(구분어 공항국제선, 묶음 좌표에서 175m)"
WC030174,진주성촉석문,35.1898181224294,128.082786742252,A,kakao_place_bldg,21931270,촉석문,0.67,"캠퍼스·단지 건물 좌표(구분어 촉석문, 묶음 좌표에서 179m)"
WC030171,진주성 공북문,35.1902529882821,128.080113603458,A,kakao_place_bldg,21931301,공북문,0.67,"캠퍼스·단지 건물 좌표(구분어 공북문, 묶음 좌표에서 85m)"
WC034073,펫빌리지,35.1974378493045,128.66318811509328,A,kakao_place_bldg,1121767561,펫빌리지,1.0,"캠퍼스·단지 건물 좌표(구분어 펫빌리지, 묶음 좌표에서 622m)"
WC034072,2봉안당,35.19229256145969,128.66398894681754,A,kakao_place_bldg,731685598,창원시립상복공원 2봉안당,0.5,"캠퍼스·단지 건물 좌표(구분어 봉안당, 묶음 좌표에서 59m)"
WC008258,창원시립상복공원,35.19316282265331,128.66112480772617,A,kakao_place_bldg,26447222,창원시립상복공원 장례식장,0.8,"캠퍼스·단지 건물 좌표(구분어 창원시립상복공원, 묶음 좌표에서 269m)"
WC005512,국립부산과학관 어린이과학관,35.205773837673,129.212667189044,A,kakao_place_bldg,122962296,국립부산과학관 어린이과학관,1.0,"캠퍼스·단지 건물 좌표(구분어 어린이과학관, 묶음 좌표에서 150m)"
WC005510,국립부산과학관 천체투영관,35.2043510639459,129.212168559846,A,kakao_place_bldg,1963481971,국립부산과학관 천체투영관,1.0,"캠퍼스·단지 건물 좌표(구분어 천체투영관, 묶음 좌표에서 40m)"
WC013121,강서체육공원 보조경기장2층,35.2107523426418,128.972190371347,A,kakao_place_bldg,1375033074,강서체육공원 보조경기장 매점,0.92,"캠퍼스·단지 건물 좌표(구분어 보조경기장, 묶음 좌표에서 23m)"
WC013111,강서체육공원 보조경기장1층,35.2107523426418,128.972190371347,A,kakao_place_bldg,1375033074,강서체육공원 보조경기장 매점,0.92,"캠퍼스·단지 건물 좌표(구분어 보조경기장, 묶음 좌표에서 23m)"
WC007923,마산야구센터 테니스장 화장실,35.2235616232564,128.580328738359,A,kakao_place_bldg,11585294,마산야구센터 테니스장,1.0,"캠퍼스·단지 건물 좌표(구분어 야구센터테니스장, 묶음 좌표에서 188m)"
WC007964,창원축구센터 관리동,35.2219978297533,128.70817035713,A,kakao_place_bldg,17572803,창원축구센터 관리동,1.0,"캠퍼스·단지 건물 좌표(구분어 창원축구센터관리동, 묶음 좌표에서 222m)"
WC007963,창원축구센터 주경기장,35.2229776398603,128.705664906373,A,kakao_place_bldg,17579479,창원축구센터 주경기장,1.0,"캠퍼스·단지 건물 좌표(구분어 창원축구센터주경기장, 묶음 좌표에서 159m)"
WC007962,창원축구센터 관리동화장실,35.2219978297533,128.70817035713,A,kakao_place_bldg,17572803,창원축구센터 관리동,1.0,"캠퍼스·단지 건물 좌표(구분어 창원축구센터관리동, 묶음 좌표에서 222m)"
WC008060,창원시청 시의회 화장실,35.2284322868823,128.681739899299,A,kakao_place_bldg,1901917741,창원특례시의회,0.71,"캠퍼스·단지 건물 좌표(구분어 시의회, 묶음 좌표에서 44m)"
WC008058,창원시청 2별관 화장실,35.22881551775237,128.68198395238096,A,kakao_place_bldg,1418709513,창원시청 제2별관,0.93,"캠퍼스·단지 건물 좌표(구분어 별관, 묶음 좌표에서 83m)"
WC008057,창원시청 1별관 화장실,35.22827158682585,128.68286237250942,A,kakao_place_bldg,1393059113,창원시청 제1별관,0.93,"캠퍼스·단지 건물 좌표(구분어 별관, 묶음 좌표에서 146m)"
WC051322,영락공원(주차장),35.230201751133,126.917523308598,A,kakao_place_bldg,18053876,광주영락공원 주차장,0.88,"캠퍼스·단지 건물 좌표(구분어 주차장, 묶음 좌표에서 135m)"
WC051318,영락공원(2추모관),35.2292394513946,126.91802520039,A,kakao_place_bldg,1254958013,전남광주통합특별시도시공사 영락공원 제2추모관,0.53,"캠퍼스·단지 건물 좌표(구분어 추모관, 묶음 좌표에서 245m)"
WC051317,영락공원(1추모관),35.23151539032055,126.91675300466521,A,kakao_place_bldg,25733600,전남광주통합특별시도시공사 영락공원 제1추모관,0.53,"캠퍼스·단지 건물 좌표(구분어 추모관, 묶음 좌표에서 69m)"
WC008199,창원실내수영장,35.2319043844647,128.669917191776,A,kakao_place_bldg,17577976,창원실내수영장,1.0,"캠퍼스·단지 건물 좌표(구분어 실내수영장, 묶음 좌표에서 526m)"
WC030821,클레이아크김해 미술관 연수관 화장실,35.2502057228448,128.746053541146,A,kakao_place_bldg,27061980,클레이아크김해미술관 연수관,1.0,"캠퍼스·단지 건물 좌표(구분어 연수관, 묶음 좌표에서 132m)"
WC030820,클레이아크김해 미술관 큐빅하우스 화장실,35.2498141593918,128.744959715979,A,kakao_place_bldg,1674252295,클레이아크 김해미술관 큐빅하우스,1.0,"캠퍼스·단지 건물 좌표(구분어 큐빅하우스, 묶음 좌표에서 111m)"
WC030816,클레이아크김해 미술관 체험관 화장실,35.2499113699581,128.745717644506,A,kakao_place_bldg,8566415,클레이아크김해미술관 체험관,1.0,"캠퍼스·단지 건물 좌표(구분어 체험관, 묶음 좌표에서 130m)"
WC030813,김해가야테마파크 공연장화장실,35.2509186406428,128.892799240075,A,kakao_place_bldg,26511605,김해가야테마파크 철광산공연장,0.88,"캠퍼스·단지 건물 좌표(구분어 공연장, 묶음 좌표에서 118m)"
WC030808,김해가야테마파크 가야관화장실,35.25135316792433,128.8924435096893,A,kakao_place_bldg,26851291,가야관 가야테마파크점,0.57,"캠퍼스·단지 건물 좌표(구분어 가야관, 묶음 좌표에서 123m)"
WC030927,시민체육공원(테니스장)화장실,35.2586426575638,128.882809301109,A,kakao_place_bldg,1419110147,김해시시민체육공원 테니스장,0.87,"캠퍼스·단지 건물 좌표(구분어 시민체육공원테니스장, 묶음 좌표에서 624m)"
WC030943,동부스포츠센터 화장실,35.25660658054888,128.9057332257225,A,kakao_place_bldg,11584151,김해동부스포츠센터,0.88,"캠퍼스·단지 건물 좌표(구분어 동부스포츠센터, 묶음 좌표에서 152m)"
WC036582,화엄사 금정암,35.25721029895955,127.50097371304165,A,kakao_place_bldg,10977786,금정암,0.67,"캠퍼스·단지 건물 좌표(구분어 금정암, 묶음 좌표에서 296m)"
WC036580,화엄사주차장 화장실,35.25417804506462,127.49620152985356,A,kakao_place_bldg,20579003,화엄사 주차장,1.0,"캠퍼스·단지 건물 좌표(구분어 주차장, 묶음 좌표에서 375m)"
WC012441,부산광역시인재개발원,35.2669832940285,129.0231563448,A,kakao_place_bldg,7908882,부산광역시 인재개발원,1.0,"캠퍼스·단지 건물 좌표(구분어 부산광역시인재개발원, 묶음 좌표에서 231m)"
WC012395,평생교육진흥원,35.26715371860111,129.0215871214953,A,kakao_place_bldg,9042271,부산여성가족과 평생교육진흥원 금곡동청사,0.54,"캠퍼스·단지 건물 좌표(구분어 평생교육진흥원, 묶음 좌표에서 122m)"
WC012442,부산인재개발원(운동장),35.2662358124251,129.021942289826,A,kakao_place_bldg,17557244,부산인재개발원 운동장,1.0,"캠퍼스·단지 건물 좌표(구분어 부산인재개발원운동장, 묶음 좌표에서 229m)"
WC031668,국민체육센터,35.31573039247912,128.2569671790743,A,kakao_place_bldg,9914179,의령국민체육센터,0.86,"캠퍼스·단지 건물 좌표(구분어 국민체육센터, 묶음 좌표에서 102m)"
WC008025,북면사무소,35.3473574543779,128.607670582469,A,kakao_place_bldg,15143885,북면사무소앞교차로,0.71,"캠퍼스·단지 건물 좌표(구분어 북면사무소, 묶음 좌표에서 76m)"
WC001177,양산종합운동장(실내체육관),35.34619387594259,129.03284892964166,A,kakao_place_bldg,14735489,양산종합운동장 실내체육관,1.0,"캠퍼스·단지 건물 좌표(구분어 양산종합운동장실내체육관, 묶음 좌표에서 352m)"
WC000762,강천산군립공원(병풍폭포),35.4078150577436,127.065249455611,A,kakao_place_bldg,7959492,순창병풍폭포,0.47,"캠퍼스·단지 건물 좌표(구분어 병풍폭포, 묶음 좌표에서 123m)"
WC026818,모양정,35.4326463257427,126.725689664474,A,kakao_place_bldg,17580997,고창군 공설운동장 모양정,0.43,"캠퍼스·단지 건물 좌표(구분어 모양정, 묶음 좌표에서 202m)"
WC000497,울산하늘공원 자연장지 1층,35.470055054237214,129.13549141341207,A,kakao_place_bldg,2051262805,울산하늘공원 자연장지,1.0,"캠퍼스·단지 건물 좌표(구분어 자연장지, 묶음 좌표에서 186m)"
WC000496,울산하늘공원 추모의집 1층,35.4714008554253,129.132256548793,A,kakao_place_bldg,2108655376,울산하늘공원 추모의집,1.0,"캠퍼스·단지 건물 좌표(구분어 추모의집, 묶음 좌표에서 143m)"
WC000494,울산하늘공원 승화원 1층,35.471110737215,129.133579538265,A,kakao_place_bldg,1543949620,울산하늘공원 승화원,1.0,"캠퍼스·단지 건물 좌표(구분어 승화원, 묶음 좌표에서 30m)"
WC017462,고래생태체험관 화장실,35.50233017909422,129.3821134233071,A,kakao_place_bldg,25023209,장생포고래생태체험관,0.82,"캠퍼스·단지 건물 좌표(구분어 고래생태체험관, 묶음 좌표에서 128m)"
WC017452,고래바다여행선 매표소 화장실,35.502920377744175,129.38024219277492,A,kakao_place_bldg,26432594,고래바다여행선 매표소,1.0,"캠퍼스·단지 건물 좌표(구분어 고래바다여행선매표소, 묶음 좌표에서 54m)"
WC017520,울산광역시 동구보건소 화장실,35.5065156628068,129.41764606722,A,kakao_place_bldg,12481537,울산광역시동구보건소,1.0,"캠퍼스·단지 건물 좌표(구분어 광역시동구보건소, 묶음 좌표에서 194m)"
WC017297,현충탑,35.5271874271818,129.29246926285,A,kakao_place_bldg,24926114,울산대공원 현충탑,0.55,"캠퍼스·단지 건물 좌표(구분어 현충탑, 묶음 좌표에서 448m)"
WC017288,산림놀이,35.5302580341373,129.291154518491,A,kakao_place_bldg,17567079,울산대공원 산림놀이시설,0.53,"캠퍼스·단지 건물 좌표(구분어 산림놀이, 묶음 좌표에서 259m)"
WC031443,표충사주차장,35.53217353576014,128.95577758398912,A,kakao_place_bldg,25492709,표충사 주차장,1.0,"캠퍼스·단지 건물 좌표(구분어 표충사주차장, 묶음 좌표에서 296m)"
WC017337,문수론볼경기장,35.533556630063494,129.25398107786566,A,kakao_place_bldg,11474892,문수론볼경기장,1.0,"캠퍼스·단지 건물 좌표(구분어 문수론볼경기장, 묶음 좌표에서 537m)"
WC017335,문수실내사격장,35.53491787850425,129.2558744738415,A,kakao_place_bldg,17579494,문수실내사격장,1.0,"캠퍼스·단지 건물 좌표(구분어 문수실내사격장, 묶음 좌표에서 333m)"
WC017334,문수야구장,35.5318359582476,129.265832614912,A,kakao_place_bldg,11474895,울산문수야구장,0.83,"캠퍼스·단지 건물 좌표(구분어 문수야구장, 묶음 좌표에서 686m)"
WC017333,문수실내수영장,35.53259336436829,129.26211146817386,A,kakao_place_bldg,8311798,문수실내수영장,1.0,"캠퍼스·단지 건물 좌표(구분어 문수실내수영장, 묶음 좌표에서 378m)"
WC017332,문수축구경기장,35.53584300202364,129.25988221520086,A,kakao_place_bldg,1859433649,고래떡방 울산문수축구경기장5호점,0.61,"캠퍼스·단지 건물 좌표(구분어 문수축구경기장, 묶음 좌표에서 71m)"
WC017303,북측매표소 화장실,35.5372191935851,129.259964929755,A,kakao_place_bldg,18161898,울산문수월드컵경기장 북측매표소,0.5,"캠퍼스·단지 건물 좌표(구분어 매표소, 묶음 좌표에서 221m)"
WC017302,남측매표소 화장실,35.5339325727176,129.261283727348,A,kakao_place_bldg,18161893,울산 문수월드컵경기장 남측매표소,0.5,"캠퍼스·단지 건물 좌표(구분어 매표소, 묶음 좌표에서 217m)"
WC017354,울산광역시 의회,35.53948219612976,129.3114987700164,A,kakao_place_bldg,8468504,울산광역시의회 공보,0.88,"캠퍼스·단지 건물 좌표(구분어 의회, 묶음 좌표에서 52m)"
WC017351,울산광역시청 본관,35.5394718964365,129.31147201615,A,kakao_place_bldg,27284747,울산광역시청 본관 시민홀,0.84,"캠퍼스·단지 건물 좌표(구분어 청본관, 묶음 좌표에서 51m)"
WC032819,영상테마파크 주차장화장실,35.54816501133926,128.07189340451023,A,kakao_place_bldg,18100136,합천영상테마파크 주차장,0.9,"캠퍼스·단지 건물 좌표(구분어 주차장, 묶음 좌표에서 90m)"
WC048759,호국원청사,35.5517499189996,127.190355889195,A,kakao_place_bldg,285426577,국립임실호국원 청사,0.71,"캠퍼스·단지 건물 좌표(구분어 청사, 묶음 좌표에서 127m)"
WC048758,호국원현충관,35.551409886455,127.189938196849,A,kakao_place_bldg,1847672426,국립임실호국원 현충관,0.75,"캠퍼스·단지 건물 좌표(구분어 현충관, 묶음 좌표에서 76m)"
WC032897,목재문화체험장,35.5492016227275,128.071366836049,A,kakao_place_bldg,1661246598,합천목재문화체험장,0.88,"캠퍼스·단지 건물 좌표(구분어 목재문화체험장, 묶음 좌표에서 663m)"
WC032824,목재문화체험장 화장실,35.5492016227275,128.071366836049,A,kakao_place_bldg,1661246598,합천목재문화체험장,0.88,"캠퍼스·단지 건물 좌표(구분어 목재문화체험장, 묶음 좌표에서 663m)"
WC032818,분재공원 화장실,35.55233469286873,128.07800345246497,A,kakao_place_bldg,27079657,합천분재공원,0.8,"캠퍼스·단지 건물 좌표(구분어 분재공원, 묶음 좌표에서 462m)"
WC032954,합천군 CCTV 통합관제센터,35.5664846220646,128.166356190396,A,kakao_place_bldg,252811882,합천군CCTV통합관제센터,1.0,"캠퍼스·단지 건물 좌표(구분어 CCTV통합관제센터, 묶음 좌표에서 51m)"
WC032950,합천군의회,35.5663982327308,128.166342805185,A,kakao_place_bldg,17807042,합천군의회,1.0,"캠퍼스·단지 건물 좌표(구분어 의회, 묶음 좌표에서 55m)"
WC048661,방화동 휴양동 화장실,35.5918176720606,127.530026296836,A,kakao_place_bldg,1016377700,방화동자연휴양림 가족휴양동,0.63,"캠퍼스·단지 건물 좌표(구분어 휴양동, 묶음 좌표에서 313m)"
WC048659,방화동 청소년 야영장 화장실,35.5947336517761,127.530155865439,A,kakao_place_bldg,20869794,방화동자연휴양림 청소년야영장,0.78,"캠퍼스·단지 건물 좌표(구분어 청소년야영장, 묶음 좌표에서 543m)"
WC048652,방화동 목재문화 체험장 화장실,35.5919803076028,127.529113734906,A,kakao_place_bldg,27272671,방화동자연휴양림 목재문화체험장,0.8,"캠퍼스·단지 건물 좌표(구분어 목재문화체험장, 묶음 좌표에서 251m)"
WC014284,구지오토캠핑장,35.67199220479655,128.3716703932688,A,kakao_place_bldg,1561339898,낙동강레포츠밸리 구지오토캠핑장,0.64,"캠퍼스·단지 건물 좌표(구분어 구지오토캠핑장, 묶음 좌표에서 52m)"
WC048662,와룡 썰매장 화장실,35.6772560025144,127.477225383892,A,kakao_place_bldg,27587369,와룡자연휴양림 썰매장,0.67,"캠퍼스·단지 건물 좌표(구분어 썰매장, 묶음 좌표에서 115m)"
WC032671,스포츠파크 게이트볼장 화장실,35.6911432183344,127.931290789089,A,kakao_place_bldg,17574938,거창스포츠파크 게이트볼장,0.91,"캠퍼스·단지 건물 좌표(구분어 스포츠파크게이트볼장, 묶음 좌표에서 629m)"
WC032670,스포츠파크 족구장 화장실,35.6919008426599,127.930283212495,A,kakao_place_bldg,17578124,거창스포츠파크 족구장,0.89,"캠퍼스·단지 건물 좌표(구분어 스포츠파크족구장, 묶음 좌표에서 505m)"
WC032669,스포츠파크 호수공원 화장실,35.69337289305391,127.92989153727669,A,kakao_place_bldg,17579597,거창스포츠파크 호수공원,0.9,"캠퍼스·단지 건물 좌표(구분어 스포츠파크호수공원, 묶음 좌표에서 375m)"
WC032668,스포츠파크 다목적구장 화장실,35.6961461920659,127.925776223013,A,kakao_place_bldg,126119389,거창스포츠파크 다목적구장,0.91,"캠퍼스·단지 건물 좌표(구분어 스포츠파크다목적구장, 묶음 좌표에서 124m)"
WC032578,실내체육관화장실1층,35.6921626549958,127.929057749447,A,kakao_place_bldg,11585192,거창군실내체육관,0.77,"캠퍼스·단지 건물 좌표(구분어 실내체육관, 묶음 좌표에서 411m)"
WC032577,실내체육관화장실2층,35.6921626549958,127.929057749447,A,kakao_place_bldg,11585192,거창군실내체육관,0.77,"캠퍼스·단지 건물 좌표(구분어 실내체육관, 묶음 좌표에서 411m)"
WC029254,대가야생활촌 물놀이장,35.71250888416,128.267914047873,A,kakao_place_bldg,1014101186,대가야생활촌 물놀이장,1.0,"캠퍼스·단지 건물 좌표(구분어 물놀이장, 묶음 좌표에서 140m)"
WC027474,외동읍 행정복지센터 2층 화장실,35.717405948062684,129.3275604363007,A,kakao_place_bldg,8023721,외동읍행정복지센터,1.0,"캠퍼스·단지 건물 좌표(구분어 행정복지센터, 묶음 좌표에서 48m)"
WC027473,외동읍 행정복지센터 1층 화장실,35.717405948062684,129.3275604363007,A,kakao_place_bldg,8023721,외동읍행정복지센터,1.0,"캠퍼스·단지 건물 좌표(구분어 행정복지센터, 묶음 좌표에서 48m)"
WC027471,외동읍 주민자치센터 2층 화장실,35.7176579008497,129.327857244657,A,kakao_place_bldg,1832584928,외동읍주민자치센터 헬스장,0.86,"캠퍼스·단지 건물 좌표(구분어 주민자치센터, 묶음 좌표에서 85m)"
WC027470,외동읍 주민자치센터 1층 화장실,35.7176579008497,129.327857244657,A,kakao_place_bldg,1832584928,외동읍주민자치센터 헬스장,0.86,"캠퍼스·단지 건물 좌표(구분어 주민자치센터, 묶음 좌표에서 85m)"
WC026274,모악산주차장,35.7182731801828,127.040073698814,A,kakao_place_bldg,1748101548,모악산 주차장,1.0,"캠퍼스·단지 건물 좌표(구분어 주차장, 묶음 좌표에서 64m)"
WC029235,생활체육공원 1,35.7221329909543,128.279225160296,A,kakao_place_bldg,17559983,고령군 생활체육공원 운동장1,0.7,"캠퍼스·단지 건물 좌표(구분어 생활체육공원, 묶음 좌표에서 180m)"
WC029234,생활체육공원 2,35.7233047321253,128.279208529721,A,kakao_place_bldg,17557142,고령군생활체육공원 운동장2,0.7,"캠퍼스·단지 건물 좌표(구분어 생활체육공원, 묶음 좌표에서 299m)"
WC032834,대장경테마파크도예체험관2층,35.7665664284665,128.134963845324,A,kakao_place_bldg,2032149518,대장경테마파크 도예체험관,1.0,"캠퍼스·단지 건물 좌표(구분어 도예체험관, 묶음 좌표에서 176m)"
WC032833,대장경테마파크도예체험관1층,35.7665664284665,128.134963845324,A,kakao_place_bldg,2032149518,대장경테마파크 도예체험관,1.0,"캠퍼스·단지 건물 좌표(구분어 도예체험관, 묶음 좌표에서 176m)"
WC032832,대장경테마파크기록문화관3층,35.766691763179374,128.13696044673713,A,kakao_place_bldg,27447958,대장경테마파크 기록문화관,1.0,"캠퍼스·단지 건물 좌표(구분어 기록문화관, 묶음 좌표에서 97m)"
WC032831,대장경테마파크기록문화관2층,35.766691763179374,128.13696044673713,A,kakao_place_bldg,27447958,대장경테마파크 기록문화관,1.0,"캠퍼스·단지 건물 좌표(구분어 기록문화관, 묶음 좌표에서 97m)"
WC032830,대장경테마파크기록문화관1층,35.766691763179374,128.13696044673713,A,kakao_place_bldg,27447958,대장경테마파크 기록문화관,1.0,"캠퍼스·단지 건물 좌표(구분어 기록문화관, 묶음 좌표에서 97m)"
WC032829,대장경테마파크빛소리관1층,35.7671116088431,128.136973057137,A,kakao_place_bldg,27447952,대장경테마파크 대장경빛소리관,0.88,"캠퍼스·단지 건물 좌표(구분어 빛소리관, 묶음 좌표에서 58m)"
WC047878,완산생활체육공원 인공암벽장,35.7666153218444,127.103856504936,A,kakao_place_bldg,27597229,완산체육생활공원 인공암벽장,0.85,"캠퍼스·단지 건물 좌표(구분어 인공암벽장, 묶음 좌표에서 246m)"
WC047876,완산생활체육공원 테니스장,35.7674011917021,127.099637583286,A,kakao_place_bldg,17566279,완산체육생활공원 테니스장,0.83,"캠퍼스·단지 건물 좌표(구분어 테니스장, 묶음 좌표에서 158m)"
WC040403,전시관,35.7993339668221,128.522589634816,A,kakao_place_bldg,17558367,대구수목원 산림문화전시관,0.4,"캠퍼스·단지 건물 좌표(구분어 전시관, 묶음 좌표에서 278m)"
WC049315,삼성현역사문화공원어린이놀이터,35.802795254808,128.797842335517,A,kakao_place_bldg,27305156,삼성현역사문화공원 어린이놀이터,1.0,"캠퍼스·단지 건물 좌표(구분어 어린이놀이터, 묶음 좌표에서 166m)"
WC049313,삼성현역사문화공원(일주문),35.8022735885236,128.798980988968,A,kakao_place_bldg,27305159,삼성현역사문화공원 일주문,1.0,"캠퍼스·단지 건물 좌표(구분어 일주문, 묶음 좌표에서 223m)"
WC005528,화원동산 주차장,35.8117098384101,128.478616199904,A,kakao_place_bldg,17583464,화원동산 주차장,1.0,"캠퍼스·단지 건물 좌표(구분어 화원동산주차장, 묶음 좌표에서 217m)"
WC005525,화원동산 전망대,35.8145050871511,128.483456494123,A,kakao_place_bldg,15251979,화원동산 전망대,1.0,"캠퍼스·단지 건물 좌표(구분어 화원동산전망대, 묶음 좌표에서 319m)"
WC026292,어린이물놀이장,35.81299046011306,126.90217324485599,A,kakao_place_bldg,30271014,김제시민공원 어린이물놀이장,0.7,"캠퍼스·단지 건물 좌표(구분어 어린이물놀이장, 묶음 좌표에서 214m)"
WC000683,시민운동장,35.811934826145276,126.90076046802287,A,kakao_place_bldg,8186145,김제시민운동장,0.83,"캠퍼스·단지 건물 좌표(구분어 시민운동장, 묶음 좌표에서 276m)"
WC000680,청소년수련관,35.8148189601594,126.900878595584,A,kakao_place_bldg,27190013,김제시청소년수련관 수영장,0.67,"캠퍼스·단지 건물 좌표(구분어 청소년수련관, 묶음 좌표에서 53m)"
WC048500,상전게이트볼장,35.8224950925579,127.486463587814,A,kakao_place_bldg,11587419,상전전천후게이트볼장,0.82,"캠퍼스·단지 건물 좌표(구분어 게이트볼장, 묶음 좌표에서 80m)"
WC048498,상전면 행정복지센터,35.8230006781451,127.487135067423,A,kakao_place_bldg,7923782,상전면행정복지센터,1.0,"캠퍼스·단지 건물 좌표(구분어 면행정복지센터, 묶음 좌표에서 37m)"
WC014086,대구스타디움(종합안내소),35.828963612566,128.68494070243,A,kakao_place_bldg,14507643,대구스타디움 종합안내소,1.0,"캠퍼스·단지 건물 좌표(구분어 종합안내소, 묶음 좌표에서 479m)"
WC040464,대구공업대학교 정문 수위실 화장실,35.839049746994,128.544557618437,A,kakao_place_bldg,274870632,더샵달서센트럴아파트 정문 수위실,0.37,"캠퍼스·단지 건물 좌표(구분어 정문수위실, 묶음 좌표에서 553m)"
WC040462,대구공업대학교 지식정보관 화장실,35.8341621758183,128.542360220954,A,kakao_place_bldg,17561970,대구공업대학교 지식정보관,1.0,"캠퍼스·단지 건물 좌표(구분어 지식정보관, 묶음 좌표에서 178m)"
WC040456,대구공업대학교 도서관 화장실,35.8334268510766,128.541797091267,A,kakao_place_bldg,1444641225,학산작은도서관,0.47,"캠퍼스·단지 건물 좌표(구분어 도서관, 묶음 좌표에서 240m)"
WC040448,대구공업대학교 월천기념관 화장실,35.8367619183196,128.543419851908,A,kakao_place_bldg,497699231,대구공업대학교 월천기념관,1.0,"캠퍼스·단지 건물 좌표(구분어 월천기념관, 묶음 좌표에서 309m)"
WC014039,국립대구박물관 본관,35.8444935193248,128.631289430223,A,kakao_place_bldg,17571450,수성구청소년수련관 본관,0.4,"캠퍼스·단지 건물 좌표(구분어 본관, 묶음 좌표에서 647m)"
WC047735,드림랜드,35.8578495239468,127.144464587144,A,kakao_place_bldg,10729547,전주드림랜드,0.8,"캠퍼스·단지 건물 좌표(구분어 드림랜드, 묶음 좌표에서 70m)"
WC040478,계명문화대학교 보건관,35.8606152742732,128.489903647253,A,kakao_place_bldg,27159767,계명문화대학교 보건관,1.0,"캠퍼스·단지 건물 좌표(구분어 보건관, 묶음 좌표에서 346m)"
WC040477,계명문화대학교 KMC스포츠센터,35.86165342714184,128.49084635507703,A,kakao_place_bldg,25826747,KMC스포츠센터,0.7,"캠퍼스·단지 건물 좌표(구분어 KMC스포츠센터, 묶음 좌표에서 473m)"
WC040475,계명문화대학교 복지관,35.8586353371924,128.491726353854,A,kakao_place_bldg,10167489,계명문화대학교 복지관,1.0,"캠퍼스·단지 건물 좌표(구분어 복지관, 묶음 좌표에서 494m)"
WC040474,계명문화대학교 음악관,35.8582939479087,128.490480118724,A,kakao_place_bldg,17565891,계명문화대학교 음악관,1.0,"캠퍼스·단지 건물 좌표(구분어 음악관, 묶음 좌표에서 395m)"
WC040473,계명문화대학교 수련관,35.8610972478195,128.491440380028,A,kakao_place_bldg,18318897,계명문화대학 수련관,0.95,"캠퍼스·단지 건물 좌표(구분어 수련관, 묶음 좌표에서 494m)"
WC040472,계명문화대학교 동산생활관 별관,35.8601496706426,128.489952497552,A,kakao_place_bldg,27177033,계명문화대학교 동산생활관별관,1.0,"캠퍼스·단지 건물 좌표(구분어 동산생활관별관, 묶음 좌표에서 334m)"
WC040470,계명문화대학교 사회과학관,35.8573544887034,128.490661786578,A,kakao_place_bldg,17564718,계명문화대학교 사회과학관,1.0,"캠퍼스·단지 건물 좌표(구분어 사회과학관, 묶음 좌표에서 454m)"
WC040469,계명문화대학교 예술관,35.8587367307941,128.491108331585,A,kakao_place_bldg,17561982,계명문화대학교 예술관,1.0,"캠퍼스·단지 건물 좌표(구분어 예술관, 묶음 좌표에서 437m)"
WC027568,4구장 화장실,35.8583160194773,129.210145746879,A,kakao_place_bldg,17808729,경주시민운동장 경주축구공원4구장,0.32,"캠퍼스·단지 건물 좌표(구분어 구장, 묶음 좌표에서 254m)"
WC027564,2구장 화장실,35.8569060693748,129.212337974407,A,kakao_place_bldg,17807498,경주시민운동장 경주축구공원2구장,0.32,"캠퍼스·단지 건물 좌표(구분어 구장, 묶음 좌표에서 334m)"
WC027563,1구장 화장실,35.85627410537736,129.2133829618988,A,kakao_place_bldg,17808665,경주시민운동장 경주축구공원1구장,0.32,"캠퍼스·단지 건물 좌표(구분어 구장, 묶음 좌표에서 418m)"
WC027557,시민운동장 2층 화장실,35.85627410537736,129.2133829618988,A,kakao_place_bldg,17808665,경주시민운동장 경주축구공원1구장,0.48,"캠퍼스·단지 건물 좌표(구분어 시민운동장, 묶음 좌표에서 418m)"
WC027556,시민운동장 1층 화장실,35.85627410537736,129.2133829618988,A,kakao_place_bldg,17808665,경주시민운동장 경주축구공원1구장,0.48,"캠퍼스·단지 건물 좌표(구분어 시민운동장, 묶음 좌표에서 418m)"
WC013619,대구의료원 국화원,35.85963258059903,128.53854954275585,A,kakao_place_bldg,10267106,대구의료원 국화원장례식장,0.8,"캠퍼스·단지 건물 좌표(구분어 국화원, 묶음 좌표에서 234m)"
WC013618,대구의료원 라파엘웰빙센터,35.8591271403573,128.538752317859,A,kakao_place_bldg,15092399,대구의료원 라파엘웰빙센터,1.0,"캠퍼스·단지 건물 좌표(구분어 라파엘웰빙센터, 묶음 좌표에서 231m)"
WC032685,백두대간 생태교육장 3층 화장실,35.8674080079511,127.82859427753,A,kakao_place_bldg,1469593047,백두대간생태교육장,1.0,"캠퍼스·단지 건물 좌표(구분어 백두대간생태교육장, 묶음 좌표에서 65m)"
WC032684,백두대간 생태교육장 2층 화장실,35.8674080079511,127.82859427753,A,kakao_place_bldg,1469593047,백두대간생태교육장,1.0,"캠퍼스·단지 건물 좌표(구분어 백두대간생태교육장, 묶음 좌표에서 65m)"
WC047762,농수산물도매시장(활어동),35.8687582173847,127.118149281642,A,kakao_place_bldg,1793526612,농수산물도매시장활어동 화장실,0.88,"캠퍼스·단지 건물 좌표(구분어 활어동, 묶음 좌표에서 138m)"
WC047759,농수산물도매시장(원협공판장),35.8675151112091,127.117514092723,A,kakao_place_bldg,883898497,농수산물도매시장원협공판장 화장실,0.9,"캠퍼스·단지 건물 좌표(구분어 원협공판장, 묶음 좌표에서 83m)"
WC013674,시민운동장 스쿼시장,35.8821630744091,128.586754994201,A,kakao_place_bldg,11584146,대구복합스포츠타운 대구스쿼시장,0.42,"캠퍼스·단지 건물 좌표(구분어 스쿼시장, 묶음 좌표에서 110m)"
WC026634,구천동탐방지원센터 화장실,35.89559023907747,127.77596335588339,A,kakao_place_bldg,22019743,덕유산 구천동탐방지원센터/공원지킴터분기점,0.6,"캠퍼스·단지 건물 좌표(구분어 탐방지원센터, 묶음 좌표에서 48m)"
WC013519,봉무공원 놀이터,35.9196021868767,128.651792293444,A,kakao_place_bldg,27584204,봉무공원 놀이터,1.0,"캠퍼스·단지 건물 좌표(구분어 놀이터, 묶음 좌표에서 300m)"
WC013518,봉무공원 테니스장,35.9204764522404,128.650600717579,A,kakao_place_bldg,17559180,봉무공원 테니스장,1.0,"캠퍼스·단지 건물 좌표(구분어 테니스장, 묶음 좌표에서 169m)"
WC027003,읍민운동장 화장실,35.9468079104174,129.401268410882,A,kakao_place_bldg,17385423,오천읍민운동장,0.83,"캠퍼스·단지 건물 좌표(구분어 읍민운동장, 묶음 좌표에서 129m)"
WC026697,부남면 보건지소,35.9737465762013,127.55942184488573,A,kakao_place_bldg,8333447,무주군부남보건지소,0.75,"캠퍼스·단지 건물 좌표(구분어 보건지소, 묶음 좌표에서 32m)"
WC026591,부남면 복지회관,35.97373340457129,127.55934746838537,A,kakao_place_bldg,25624163,부남면복지회관,1.0,"캠퍼스·단지 건물 좌표(구분어 복지회관, 묶음 좌표에서 26m)"
WC026585,부남면행정복지센터 1층,35.9737926439182,127.558819031319,A,kakao_place_bldg,1730596834,무인민원발급창구 부남면행정복지센터,0.69,"캠퍼스·단지 건물 좌표(구분어 행정복지센터, 묶음 좌표에서 37m)"
WC026590,전통생활문화체험관,36.00303856941126,127.66606506019247,A,kakao_place_bldg,570629861,전통생활문화체험관,1.0,"캠퍼스·단지 건물 좌표(구분어 전통생활문화체험관, 묶음 좌표에서 67m)"
WC027431,안강운동장 화장실,36.0024051891498,129.191522862913,A,kakao_place_bldg,11585760,안강운동장,1.0,"캠퍼스·단지 건물 좌표(구분어 안강운동장, 묶음 좌표에서 146m)"
WC027430,북경주체육문화센터 2층 화장실,36.003561280806,129.191568175486,A,kakao_place_bldg,1181563470,북경주체육문화센터 수영장,0.86,"캠퍼스·단지 건물 좌표(구분어 북경주체육문화센터, 묶음 좌표에서 54m)"
WC027429,북경주체육문화센터 1층 화장실,36.003561280806,129.191568175486,A,kakao_place_bldg,1181563470,북경주체육문화센터 수영장,0.86,"캠퍼스·단지 건물 좌표(구분어 북경주체육문화센터, 묶음 좌표에서 54m)"
WC026646,곤충박물관 1층,36.0131420448618,127.75877031756,A,kakao_place_bldg,11049464,무주반디랜드 무주곤충박물관,0.56,"캠퍼스·단지 건물 좌표(구분어 곤충박물관, 묶음 좌표에서 264m)"
WC048997,농업기술센터1층 화장실,36.0803559782137,128.100492641668,A,kakao_place_bldg,8191275,김천시 농업기술센터,0.8,"캠퍼스·단지 건물 좌표(구분어 농업기술센터, 묶음 좌표에서 318m)"
WC048996,농업기술센터 2층화장실,36.0803559782137,128.100492641668,A,kakao_place_bldg,8191275,김천시 농업기술센터,0.8,"캠퍼스·단지 건물 좌표(구분어 농업기술센터, 묶음 좌표에서 318m)"
WC027978,동락공원 민속정원 화장실,36.0940809273678,128.402596624425,A,kakao_place_bldg,17560217,동락공원 민속정원,1.0,"캠퍼스·단지 건물 좌표(구분어 민속정원, 묶음 좌표에서 602m)"
WC048938,농소면보건지소 화장실,36.1057644501182,128.172403878002,A,kakao_place_bldg,11020343,농소면보건지소,1.0,"캠퍼스·단지 건물 좌표(구분어 농소면보건지소, 묶음 좌표에서 31m)"
WC048883,여행자센터 화장실,36.116985448336,128.009776885142,A,kakao_place_bldg,1256869834,김천여행자센터,0.83,"캠퍼스·단지 건물 좌표(구분어 여행자센터, 묶음 좌표에서 144m)"
WC027887,구미시청 별관4 화장실,36.1197792606984,128.343260296569,A,kakao_place_bldg,115759561,구미시청 별관4,1.0,"캠퍼스·단지 건물 좌표(구분어 별관, 묶음 좌표에서 57m)"
WC028528,삼국유사면보건지소 화장실,36.1233282105112,128.794431496791,A,kakao_place_bldg,21659969,군위군삼국유사면보건지소,0.86,"캠퍼스·단지 건물 좌표(구분어 보건지소, 묶음 좌표에서 44m)"
WC007430,삼국유사면보건지소 화장실,36.1233282105112,128.794431496791,A,kakao_place_bldg,21659969,군위군삼국유사면보건지소,0.86,"캠퍼스·단지 건물 좌표(구분어 보건지소, 묶음 좌표에서 44m)"
WC027935,낙동강체육공원 1주차장 화장실,36.1312698034578,128.368875515822,A,kakao_place_bldg,1280356416,낙동강체육공원 제1주차장,0.96,"캠퍼스·단지 건물 좌표(구분어 주차장, 묶음 좌표에서 74m)"
WC048879,김천실내수영장 1층,36.14422037422417,128.08820027383837,A,kakao_place_bldg,8236829,김천종합스포츠타운 김천실내수영장,0.61,"캠퍼스·단지 건물 좌표(구분어 김천실내수영장, 묶음 좌표에서 526m)"
WC048876,김천실내수영장 3층,36.14422037422417,128.08820027383837,A,kakao_place_bldg,8236829,김천종합스포츠타운 김천실내수영장,0.61,"캠퍼스·단지 건물 좌표(구분어 김천실내수영장, 묶음 좌표에서 526m)"
WC048875,국민체육센터 1층,36.14499467778796,128.0885742894742,A,kakao_place_bldg,1048044184,김천국민체육센터,0.86,"캠퍼스·단지 건물 좌표(구분어 국민체육센터, 묶음 좌표에서 618m)"
WC048874,국민체육센터 2층,36.14499467778796,128.0885742894742,A,kakao_place_bldg,1048044184,김천국민체육센터,0.86,"캠퍼스·단지 건물 좌표(구분어 국민체육센터, 묶음 좌표에서 618m)"
WC023749,CCTV 통합관제센터 화장실,36.17540087514739,127.78525447342595,A,kakao_place_bldg,1400521884,영동군CCTV통합관제센터,0.87,"캠퍼스·단지 건물 좌표(구분어 CCTV통합관제센터, 묶음 좌표에서 195m)"
WC023733,영동군청,36.1749928212919,127.783438619241,A,kakao_place_bldg,8009810,영동군청,1.0,"캠퍼스·단지 건물 좌표(구분어 영동군청, 묶음 좌표에서 26m)"
WC023732,영동군의회,36.1751830979651,127.784107428938,A,kakao_place_bldg,17807066,영동군의회,1.0,"캠퍼스·단지 건물 좌표(구분어 영동군의회, 묶음 좌표에서 90m)"
WC049005,감문면 보건지소 화장실,36.2143157028318,128.181351985308,A,kakao_place_bldg,21659866,감문면보건지소,1.0,"캠퍼스·단지 건물 좌표(구분어 감문면보건지소, 묶음 좌표에서 46m)"
WC028523,군위(춘천)주유소,36.266985133914,128.577036244519,A,kakao_place_bldg,336374545,군위휴게소 주유소 춘천방향,0.53,"캠퍼스·단지 건물 좌표(구분어 주유소, 묶음 좌표에서 296m)"
WC028521,군위(춘천)휴게소,36.2654861173125,128.577006098369,A,kakao_place_bldg,11421479,군위휴게소 춘천방향,0.62,"캠퍼스·단지 건물 좌표(구분어 휴게소, 묶음 좌표에서 141m)"
WC007437,군위(춘천)휴게소,36.2654861173125,128.577006098369,A,kakao_place_bldg,11421479,군위휴게소 춘천방향,0.62,"캠퍼스·단지 건물 좌표(구분어 휴게소, 묶음 좌표에서 141m)"
WC007435,군위(춘천)주유소,36.266985133914,128.577036244519,A,kakao_place_bldg,336374545,군위휴게소 주유소 춘천방향,0.53,"캠퍼스·단지 건물 좌표(구분어 주유소, 묶음 좌표에서 296m)"
WC028522,군위(부산)주유소,36.2652258395765,128.5747392920618,A,kakao_place_bldg,302705980,군위휴게소주유소 부산방향,0.53,"캠퍼스·단지 건물 좌표(구분어 주유소, 묶음 좌표에서 35m)"
WC028520,군위(부산)휴게소,36.2652258395765,128.5747392920618,A,kakao_place_bldg,302705980,군위휴게소주유소 부산방향,0.53,"캠퍼스·단지 건물 좌표(구분어 휴게소, 묶음 좌표에서 35m)"
WC007438,군위(부산)휴게소,36.2652258395765,128.5747392920618,A,kakao_place_bldg,302705980,군위휴게소주유소 부산방향,0.53,"캠퍼스·단지 건물 좌표(구분어 휴게소, 묶음 좌표에서 35m)"
WC007436,군위(부산)주유소,36.2652258395765,128.5747392920618,A,kakao_place_bldg,302705980,군위휴게소주유소 부산방향,0.53,"캠퍼스·단지 건물 좌표(구분어 주유소, 묶음 좌표에서 35m)"
WC016016,한국족보박물관 공중화장실,36.2840180033613,127.386885561999,A,kakao_place_bldg,17562738,뿌리공원 한국족보박물관,0.78,"캠퍼스·단지 건물 좌표(구분어 한국족보박물관, 묶음 좌표에서 198m)"
WC016013,뿌리공원 관광안내소 공중화장실,36.2841167118365,127.386458621638,A,kakao_place_bldg,27091646,뿌리공원 관광안내소,1.0,"캠퍼스·단지 건물 좌표(구분어 뿌리공원관광안내소, 묶음 좌표에서 217m)"
WC023672,충북도립대학교 라이프스타일센터 화장실,36.298872182472806,127.57319026903497,A,kakao_place_bldg,514764077,충북도립대학교 라이프스타일센터,1.0,"캠퍼스·단지 건물 좌표(구분어 라이프스타일센터, 묶음 좌표에서 157m)"
WC023670,충북도립대학교 복지관 화장실,36.3047353032405,127.569591318984,A,kakao_place_bldg,9275839,옥천군 노인복지관,0.33,"캠퍼스·단지 건물 좌표(구분어 복지관, 묶음 좌표에서 574m)"
WC023669,충북도립대학교 미래관 화장실,36.3003368226705,127.572013079709,A,kakao_place_bldg,17568746,충북도립대학 미래관,0.95,"캠퍼스·단지 건물 좌표(구분어 미래관, 묶음 좌표에서 39m)"
WC023668,충북도립대학교 공학관 화장실,36.3002292630233,127.572644655752,A,kakao_place_bldg,688305569,충북도립대학 공학관,0.95,"캠퍼스·단지 건물 좌표(구분어 공학관, 묶음 좌표에서 52m)"
WC023667,충북도립대학교 정보관 화장실,36.3006477347737,127.572576462449,A,kakao_place_bldg,17560865,충북도립대학 정보관,0.95,"캠퍼스·단지 건물 좌표(구분어 정보관, 묶음 좌표에서 82m)"
WC023557,옥천군농업기술센터 1층 화장실,36.3001270361169,127.595778495164,A,kakao_place_bldg,9271692,옥천군농업기술센터,1.0,"캠퍼스·단지 건물 좌표(구분어 옥천군농업기술센터, 묶음 좌표에서 30m)"
WC023556,옥천군농업기술센터 2층 화장실,36.3001270361169,127.595778495164,A,kakao_place_bldg,9271692,옥천군농업기술센터,1.0,"캠퍼스·단지 건물 좌표(구분어 옥천군농업기술센터, 묶음 좌표에서 30m)"
WC023634,관성회관 1층 화장실,36.3020388628262,127.57338823434,A,kakao_place_bldg,23989830,관성회관,1.0,"캠퍼스·단지 건물 좌표(구분어 관성회관, 묶음 좌표에서 245m)"
WC023633,관성회관 2층 화장실,36.3020388628262,127.57338823434,A,kakao_place_bldg,23989830,관성회관,1.0,"캠퍼스·단지 건물 좌표(구분어 관성회관, 묶음 좌표에서 245m)"
WC023549,옥천공설운동장,36.3024196781574,127.57440639115,A,kakao_place_bldg,11585960,옥천공설운동장,1.0,"캠퍼스·단지 건물 좌표(구분어 옥천공설운동장, 묶음 좌표에서 145m)"
WC023629,옥천군다목적회관 1층 화장실,36.3074913810909,127.57367755726,A,kakao_place_bldg,12666778,옥천군 다목적회관,1.0,"캠퍼스·단지 건물 좌표(구분어 군다목적회관, 묶음 좌표에서 133m)"
WC023628,옥천군다목적회관 2층 화장실,36.3074913810909,127.57367755726,A,kakao_place_bldg,12666778,옥천군 다목적회관,1.0,"캠퍼스·단지 건물 좌표(구분어 군다목적회관, 묶음 좌표에서 133m)"
WC023627,옥천군다목적회관 3층 화장실,36.3074913810909,127.57367755726,A,kakao_place_bldg,12666778,옥천군 다목적회관,1.0,"캠퍼스·단지 건물 좌표(구분어 군다목적회관, 묶음 좌표에서 133m)"
WC023626,옥천군다목적회관 4층 화장실,36.3074913810909,127.57367755726,A,kakao_place_bldg,12666778,옥천군 다목적회관,1.0,"캠퍼스·단지 건물 좌표(구분어 군다목적회관, 묶음 좌표에서 133m)"
WC023625,옥천군다목적회관 5층 화장실,36.3074913810909,127.57367755726,A,kakao_place_bldg,12666778,옥천군 다목적회관,1.0,"캠퍼스·단지 건물 좌표(구분어 군다목적회관, 묶음 좌표에서 133m)"
WC023651,옥천청소년수련관 별관 1층 화장실,36.3069609331991,127.57679010045712,A,kakao_place_bldg,1335325050,옥천군청소년수련관 별관,0.95,"캠퍼스·단지 건물 좌표(구분어 수련관별관, 묶음 좌표에서 34m)"
WC023650,옥천청소년수련관 별관 2층 화장실,36.3069609331991,127.57679010045712,A,kakao_place_bldg,1335325050,옥천군청소년수련관 별관,0.95,"캠퍼스·단지 건물 좌표(구분어 수련관별관, 묶음 좌표에서 34m)"
WC023649,옥천 청소년실내체육관,36.3062548971558,127.577063250203,A,kakao_place_bldg,1928447213,옥천군청소년실내체육관,0.95,"캠퍼스·단지 건물 좌표(구분어 실내체육관, 묶음 좌표에서 51m)"
WC015913,동구청,36.31177684421038,127.4548049053032,A,kakao_place_bldg,13142544,대전광역시동구청,0.55,"캠퍼스·단지 건물 좌표(구분어 동구청, 묶음 좌표에서 31m)"
WC015827,대전여자고등학교(구조관),36.3295597976563,127.447876108245,A,kakao_place_bldg,27550074,대전여자고등학교 구조관,1.0,"캠퍼스·단지 건물 좌표(구분어 구조관, 묶음 좌표에서 152m)"
WC015826,대전여자고등학교(별관),36.326925443775,127.450092883619,A,kakao_place_bldg,1638280578,영화정 별관,0.27,"캠퍼스·단지 건물 좌표(구분어 별관, 묶음 좌표에서 484m)"
WC016669,노은농수산물도매시장 구근류동,36.3658822392874,127.319414339297,A,kakao_place_bldg,17575856,노은 농수산물도매시장 구근류동,1.0,"캠퍼스·단지 건물 좌표(구분어 구근류동, 묶음 좌표에서 39m)"
WC016667,노은농수산물도매시장 양념동,36.36622573935844,127.32003081665724,A,kakao_place_bldg,17581453,노은 농수산물도매시장 양념동,1.0,"캠퍼스·단지 건물 좌표(구분어 양념동, 묶음 좌표에서 103m)"
WC016664,노은농수산물도매시장 환경관리동,36.3658090340623,127.322511675741,A,kakao_place_bldg,17575845,노은 농수산물도매시장 환경관리동,1.0,"캠퍼스·단지 건물 좌표(구분어 환경관리동, 묶음 좌표에서 317m)"
WC016832,약초원관리동,36.3647813285169,127.342084673605,A,kakao_place_bldg,576072197,충남대학교 대덕캠퍼스 약초원관리동,0.55,"캠퍼스·단지 건물 좌표(구분어 약초원관리동, 묶음 좌표에서 396m)"
WC016830,사회과학대학,36.366379655778154,127.34220866772435,A,kakao_place_bldg,10834940,충남대학교 사회과학대학,0.71,"캠퍼스·단지 건물 좌표(구분어 사회과학대학, 묶음 좌표에서 222m)"
WC016828,한누리회관,36.3674939629043,127.342678202406,A,kakao_place_bldg,17568019,충남대학교 대덕캠퍼스 한누리회관,0.5,"캠퍼스·단지 건물 좌표(구분어 한누리회관, 묶음 좌표에서 130m)"
WC016823,동물병원,36.37117528746475,127.33855794178419,A,kakao_place_bldg,1967197356,유성튼튼동물병원,0.67,"캠퍼스·단지 건물 좌표(구분어 동물병원, 묶음 좌표에서 421m)"
WC016814,트레이닝센터,36.3694595981917,127.339459784086,A,kakao_place_bldg,1550034440,JP트레이닝센터,0.86,"캠퍼스·단지 건물 좌표(구분어 트레이닝센터, 묶음 좌표에서 234m)"
WC016813,실내체육관,36.3715777807093,127.341523827672,A,kakao_place_bldg,25045365,충남대학교 실내체육관,0.67,"캠퍼스·단지 건물 좌표(구분어 실내체육관, 묶음 좌표에서 362m)"
WC016812,디자인관,36.3717092628494,127.34344106863,A,kakao_place_bldg,17562088,충남대학교 디자인관,0.62,"캠퍼스·단지 건물 좌표(구분어 디자인관, 묶음 좌표에서 408m)"
WC016811,미술관,36.37106673852,127.343750257273,A,kakao_place_bldg,17563872,충남대학교 미술관,0.55,"캠퍼스·단지 건물 좌표(구분어 미술관, 묶음 좌표에서 357m)"
WC016808,공동실험실습관,36.3687855793529,127.341021332134,A,kakao_place_bldg,9474398,충남대학교 공동실험실습관,0.74,"캠퍼스·단지 건물 좌표(구분어 공동실험실습관, 묶음 좌표에서 77m)"
WC016807,인문대학,36.3684716915641,127.342379401826,A,kakao_place_bldg,17558393,충남대학교 인문대학,0.62,"캠퍼스·단지 건물 좌표(구분어 인문대학, 묶음 좌표에서 66m)"
WC016806,백마교양교육관,36.3679150337849,127.340393532437,A,kakao_place_bldg,17555953,충남대학교 대덕캠퍼스 백마교양교육관,0.58,"캠퍼스·단지 건물 좌표(구분어 백마교양교육관, 묶음 좌표에서 123m)"
WC016795,농업생명공학관,36.3686067587159,127.34926634585,A,kakao_place_bldg,17564345,충남 대학교 농업생명공학관,0.74,"캠퍼스·단지 건물 좌표(구분어 농업생명공학관, 묶음 좌표에서 682m)"
WC016793,대학본부 별관,36.368166444998,127.346977854516,A,kakao_place_bldg,27074642,충남대학교 대덕캠퍼스 대학본부별관,0.55,"캠퍼스·단지 건물 좌표(구분어 대학본부별관, 묶음 좌표에서 476m)"
WC016792,대학본부,36.3687976075753,127.346860312776,A,kakao_place_bldg,17564407,충남대학교 대덕캠퍼스 대학본부,0.44,"캠퍼스·단지 건물 좌표(구분어 대학본부, 묶음 좌표에서 468m)"
WC016787,학군단,36.3723186986891,127.347098813635,A,kakao_place_bldg,17564832,충남대학교 학군단,0.55,"캠퍼스·단지 건물 좌표(구분어 학군단, 묶음 좌표에서 659m)"
WC016786,박물관,36.3635386181168,127.345526644244,A,kakao_place_bldg,17567427,충남대학교 자연사박물관,0.43,"캠퍼스·단지 건물 좌표(구분어 박물관, 묶음 좌표에서 635m)"
WC016785,중앙도서관,36.3702455521552,127.346010942599,A,kakao_place_bldg,8105719,충남대학교 대덕캠퍼스 중앙도서관,0.5,"캠퍼스·단지 건물 좌표(구분어 도서관, 묶음 좌표에서 444m)"
WC016783,약학대학,36.3689955914964,127.343210738086,A,kakao_place_bldg,10835308,충남대학교 약학대학,0.62,"캠퍼스·단지 건물 좌표(구분어 약학대학, 묶음 좌표에서 157m)"
WC016775,환경관리동,36.3655958394142,127.347135807617,A,kakao_place_bldg,1367548685,충남대학교 환경관리동,0.67,"캠퍼스·단지 건물 좌표(구분어 환경관리동, 묶음 좌표에서 577m)"
WC016770,정심화 국제문화회관,36.3633997966212,127.346163365642,A,kakao_place_bldg,26844234,충남대학교 정심화국제문화회관 대덕홀,0.69,"캠퍼스·단지 건물 좌표(구분어 정심화국제문화회관, 묶음 좌표에서 680m)"
WC016767,대덕홀,36.3633997966212,127.346163365642,A,kakao_place_bldg,26844234,충남대학교 정심화국제문화회관 대덕홀,0.3,"캠퍼스·단지 건물 좌표(구분어 대덕홀, 묶음 좌표에서 680m)"
WC016765,산학연교육연구관,36.3657689174811,127.344627271876,A,kakao_place_bldg,9503123,충남대학교 산학연교육연구관,0.76,"캠퍼스·단지 건물 좌표(구분어 산학연교육연구관, 묶음 좌표에서 389m)"
WC016598,국립대전현충원 보훈미래관,36.366318017595,127.297215502829,A,kakao_place_bldg,8292775,국립대전현충원 보훈미래관,1.0,"캠퍼스·단지 건물 좌표(구분어 보훈미래관, 묶음 좌표에서 595m)"
WC016596,국립대전현충원 현충관 1층,36.369538325403,127.299576719476,A,kakao_place_bldg,17579757,국립대전현충원 현충관,1.0,"캠퍼스·단지 건물 좌표(구분어 현충관, 묶음 좌표에서 270m)"
WC016595,국립대전현충원 현충관 2층,36.369538325403,127.299576719476,A,kakao_place_bldg,17579757,국립대전현충원 현충관,1.0,"캠퍼스·단지 건물 좌표(구분어 현충관, 묶음 좌표에서 270m)"
WC016580,국립대전현충원 경찰관묘역,36.37048863830776,127.3015371172723,A,kakao_place_bldg,7830097,국립대전현충원 경찰관묘역,1.0,"캠퍼스·단지 건물 좌표(구분어 경찰관묘역, 묶음 좌표에서 148m)"
WC016576,국립중앙과학관 어린이과학관 2층,36.37424717321639,127.37628063969841,A,kakao_place_bldg,1366722337,국립중앙과학관 어린이과학관,1.0,"캠퍼스·단지 건물 좌표(구분어 어린이과학관, 묶음 좌표에서 341m)"
WC016575,국립중앙과학관 어린이과학관 1층,36.37424717321639,127.37628063969841,A,kakao_place_bldg,1366722337,국립중앙과학관 어린이과학관,1.0,"캠퍼스·단지 건물 좌표(구분어 어린이과학관, 묶음 좌표에서 341m)"
WC016574,국립중앙과학관 과학기술관 지하 1층,36.3762526969888,127.375288449856,A,kakao_place_bldg,17576018,국립중앙과학관 과학기술관,1.0,"캠퍼스·단지 건물 좌표(구분어 과학기술관, 묶음 좌표에서 101m)"
WC016573,국립중앙과학관 과학기술관 1층,36.3762526969888,127.375288449856,A,kakao_place_bldg,17576018,국립중앙과학관 과학기술관,1.0,"캠퍼스·단지 건물 좌표(구분어 과학기술관, 묶음 좌표에서 101m)"
WC016572,국립중앙과학관 과학기술관 2층,36.3762526969888,127.375288449856,A,kakao_place_bldg,17576018,국립중앙과학관 과학기술관,1.0,"캠퍼스·단지 건물 좌표(구분어 과학기술관, 묶음 좌표에서 101m)"
WC016571,국립중앙과학관 자연사관,36.3753841909946,127.375217414134,A,kakao_place_bldg,2101050889,국립중앙과학관 자연사관,1.0,"캠퍼스·단지 건물 좌표(구분어 자연사관, 묶음 좌표에서 195m)"
WC016570,국립중앙과학관 사이언스홀,36.37496341113552,127.37548284583454,A,kakao_place_bldg,8208601,국립중앙과학관 사이언스홀,1.0,"캠퍼스·단지 건물 좌표(구분어 사이언스홀, 묶음 좌표에서 245m)"
WC016569,국립중앙과학관 창의나래관 1층,36.3751735355846,127.376865698141,A,kakao_place_bldg,17579428,국립중앙과학관 창의나래관,1.0,"캠퍼스·단지 건물 좌표(구분어 창의나래관, 묶음 좌표에서 275m)"
WC016568,국립중앙과학관 천체관,36.376890296375,127.375425242547,A,kakao_place_bldg,17576387,국립중앙과학관 천체관,1.0,"캠퍼스·단지 건물 좌표(구분어 천체관, 묶음 좌표에서 47m)"
WC016566,국립중앙과학관 생물탐구관,36.37739339677926,127.37706362997211,A,kakao_place_bldg,17558368,국립중앙과학관 생물탐구관,1.0,"캠퍼스·단지 건물 좌표(구분어 생물탐구관, 묶음 좌표에서 188m)"
WC016565,국립중앙과학관 과학캠프관 1층,36.3769956862797,127.374003755402,A,kakao_place_bldg,17580248,국립중앙과학관 과학캠프관,1.0,"캠퍼스·단지 건물 좌표(구분어 과학캠프관, 묶음 좌표에서 90m)"
WC016564,국립중앙과학관 과학교육관 1층,36.377100806552,127.373817036694,A,kakao_place_bldg,26986482,국립중앙과학관 과학교육관,1.0,"캠퍼스·단지 건물 좌표(구분어 과학교육관, 묶음 좌표에서 105m)"
WC016563,국립중앙과학관 역사의광장,36.3745063835781,127.376956087741,A,kakao_place_bldg,17576096,국립 중앙과학관 역사의광장,1.0,"캠퍼스·단지 건물 좌표(구분어 역사의광장, 묶음 좌표에서 341m)"
WC016612,국제지식재산연수원 국가발명인재관 3층,36.3772408795998,127.365536461166,A,kakao_place_bldg,891307271,국제지식재산연수원 국가발명인재관,1.0,"캠퍼스·단지 건물 좌표(구분어 국가발명인재관, 묶음 좌표에서 165m)"
WC016611,국제지식재산연수원 국가발명인재관 2층,36.3772408795998,127.365536461166,A,kakao_place_bldg,891307271,국제지식재산연수원 국가발명인재관,1.0,"캠퍼스·단지 건물 좌표(구분어 국가발명인재관, 묶음 좌표에서 165m)"
WC016610,국제지식재산연수원 국가발명인재관 1층,36.3772408795998,127.365536461166,A,kakao_place_bldg,891307271,국제지식재산연수원 국가발명인재관,1.0,"캠퍼스·단지 건물 좌표(구분어 국가발명인재관, 묶음 좌표에서 165m)"
WC049474,의성 펫월드 관리동 화장실,36.3906425443156,128.427456956747,A,kakao_place_bldg,1837807675,의성펫월드 관리동,1.0,"캠퍼스·단지 건물 좌표(구분어 관리동, 묶음 좌표에서 172m)"
WC047382,공주나래원 주차장,36.4010066542151,127.0454199814,A,kakao_place_bldg,26351462,공주나래원주차장,1.0,"캠퍼스·단지 건물 좌표(구분어 주차장, 묶음 좌표에서 587m)"
WC047381,공주나래원 수목장,36.3957168205796,127.045274223257,A,kakao_place_bldg,1319006740,공주나래원 수목장,1.0,"캠퍼스·단지 건물 좌표(구분어 수목장, 묶음 좌표에서 309m)"
WC047380,공주나래원 봉안당,36.3994248673307,127.043613178499,A,kakao_place_bldg,25083822,공주나래원 봉안당,1.0,"캠퍼스·단지 건물 좌표(구분어 봉안당, 묶음 좌표에서 355m)"
WC027751,계명산자연휴양림 산림휴양관,36.41400752471519,128.94662465143207,A,kakao_place_bldg,17581536,안동계명산자연휴양림 산림휴양관,0.93,"캠퍼스·단지 건물 좌표(구분어 산림휴양관, 묶음 좌표에서 432m)"
WC027750,계명산자연휴양림 복합산림휴양관,36.4119603767031,128.947731756919,A,kakao_place_bldg,17582948,안동 계명산자연휴양림 복합산림휴양관,0.94,"캠퍼스·단지 건물 좌표(구분어 복합산림휴양관, 묶음 좌표에서 232m)"
WC052585,청송국민체육센터,36.4331638685603,129.063073113089,A,kakao_place_bldg,1802154163,청송국민체육센터,1.0,"캠퍼스·단지 건물 좌표(구분어 청송국민체육센터, 묶음 좌표에서 161m)"
WC052584,청송군민테니스장,36.4305111995123,129.061829937227,A,kakao_place_bldg,11588007,청송군민테니스장,1.0,"캠퍼스·단지 건물 좌표(구분어 청송군민테니스장, 묶음 좌표에서 204m)"
WC047447,유아교육관,36.4532633736258,127.132741462848,A,kakao_place_bldg,17555759,국립공주대학교 옥룡캠퍼스 유아교육관,0.45,"캠퍼스·단지 건물 좌표(구분어 유아교육관, 묶음 좌표에서 301m)"
WC047446,예술관,36.453021951241,127.132660734903,A,kakao_place_bldg,17568749,국립공주대학교 옥룡캠퍼스 예술관,0.33,"캠퍼스·단지 건물 좌표(구분어 예술관, 묶음 좌표에서 274m)"
WC006779,농산물종합가공지원실,36.4547370323053,128.167147466196,A,kakao_place_bldg,1535849374,상주시농업기술센터 농산물종합가공지원실,0.69,"캠퍼스·단지 건물 좌표(구분어 산물종합가공지원실, 묶음 좌표에서 105m)"
WC006778,농업기술센터 농업미생물관,36.4551490792946,128.16767568114395,A,kakao_place_bldg,1535805860,상주시농업기술센터 농업미생물관,0.89,"캠퍼스·단지 건물 좌표(구분어 업기술센터농업미생물관, 묶음 좌표에서 101m)"
WC028425,교육센터교육동 4층,36.4626658500767,128.231791132412,A,kakao_place_bldg,1042950985,상주국제승마장 유청소년 승마교육센터 교육동,0.52,"캠퍼스·단지 건물 좌표(구분어 교육센터교육동, 묶음 좌표에서 442m)"
WC028424,교육센터교육동 3층,36.4626658500767,128.231791132412,A,kakao_place_bldg,1042950985,상주국제승마장 유청소년 승마교육센터 교육동,0.52,"캠퍼스·단지 건물 좌표(구분어 교육센터교육동, 묶음 좌표에서 442m)"
WC028423,교육센터교육동 2층,36.4626658500767,128.231791132412,A,kakao_place_bldg,1042950985,상주국제승마장 유청소년 승마교육센터 교육동,0.52,"캠퍼스·단지 건물 좌표(구분어 교육센터교육동, 묶음 좌표에서 442m)"
WC028422,교육센터교육동 1층,36.4626658500767,128.231791132412,A,kakao_place_bldg,1042950985,상주국제승마장 유청소년 승마교육센터 교육동,0.52,"캠퍼스·단지 건물 좌표(구분어 교육센터교육동, 묶음 좌표에서 442m)"
WC028419,본마사동,36.4605264266636,128.23172382207,A,kakao_place_bldg,1781230342,상주국제승마장 본마사동,0.53,"캠퍼스·단지 건물 좌표(구분어 본마사동, 묶음 좌표에서 207m)"
WC047431,공산성 주차장 화장실,36.46224469066532,127.12407039654778,A,kakao_place_bldg,1615023946,공산성 주차장,1.0,"캠퍼스·단지 건물 좌표(구분어 주차장, 묶음 좌표에서 332m)"
WC047426,공산성 방문자센터 공중화장실,36.4649055078301,127.123507871459,A,kakao_place_bldg,768367396,공산성 방문자센터,1.0,"캠퍼스·단지 건물 좌표(구분어 방문자센터, 묶음 좌표에서 38m)"
WC047590,학생복지관,36.4702652237874,127.140183521266,A,kakao_place_bldg,1583331588,국립공주대학교 신관캠퍼스 학생복지관,0.45,"캠퍼스·단지 건물 좌표(구분어 학생복지관, 묶음 좌표에서 403m)"
WC047589,특수문헌정보관,36.4693246067027,127.143055977301,A,kakao_place_bldg,17559733,국립공주대학교 신관캠퍼스 특수문헌정보관,0.54,"캠퍼스·단지 건물 좌표(구분어 특수문헌정보관, 묶음 좌표에서 479m)"
WC047588,체육관,36.47094479381137,127.13778138799348,A,kakao_place_bldg,1734668319,천하체육관,0.75,"캠퍼스·단지 건물 좌표(구분어 체육관, 묶음 좌표에서 462m)"
WC047587,중앙도서관,36.4695005412283,127.140606127058,A,kakao_place_bldg,17559734,국립공주대학교 신관캠퍼스 중앙도서관,0.45,"캠퍼스·단지 건물 좌표(구분어 도서관, 묶음 좌표에서 342m)"
WC047583,자연과학대학관,36.4707437346527,127.14397350954,A,kakao_place_bldg,17561388,국립공주대학교 신관캠퍼스 자연과학대학관,0.54,"캠퍼스·단지 건물 좌표(구분어 자연과학대학관, 묶음 좌표에서 642m)"
WC047581,음악관,36.4675360116959,127.140602579279,A,kakao_place_bldg,17560462,국립공주대학교 신관캠퍼스 음악관,0.33,"캠퍼스·단지 건물 좌표(구분어 음악관, 묶음 좌표에서 189m)"
WC047580,웅비학생회관,36.469941760072,127.139368441178,A,kakao_place_bldg,1585826434,국립공주대학교 신관캠퍼스 웅비학생회관,0.5,"캠퍼스·단지 건물 좌표(구분어 웅비학생회관, 묶음 좌표에서 350m)"
WC047579,외국어상업정보관,36.4684077503397,127.141099536852,A,kakao_place_bldg,17563928,국립공주대학교 신관캠퍼스 외국어상업정보관,0.57,"캠퍼스·단지 건물 좌표(구분어 외국어상업정보관, 묶음 좌표에서 278m)"
WC047578,세종한민족교육문화센터,36.4690462020721,127.143760611737,A,kakao_place_bldg,572007849,세종한민족교육문화센터,1.0,"캠퍼스·단지 건물 좌표(구분어 세종한민족교육문화센터, 묶음 좌표에서 517m)"
WC047577,생활미술관,36.4704139028202,127.139425074237,A,kakao_place_bldg,17563926,국립공주대학교 신관캠퍼스 생활미술관,0.45,"캠퍼스·단지 건물 좌표(구분어 생활미술관, 묶음 좌표에서 402m)"
WC047576,산학연구관,36.4711184558352,127.141091060509,A,kakao_place_bldg,17560870,국립공주대학교 신관캠퍼스 산학연구관,0.45,"캠퍼스·단지 건물 좌표(구분어 산학연구관, 묶음 좌표에서 522m)"
WC047570,백제교육문화관,36.4667376993811,127.138963283783,A,kakao_place_bldg,17564421,국립공주대학교 신관캠퍼스 백제교육문화관,0.54,"캠퍼스·단지 건물 좌표(구분어 백제교육문화관, 묶음 좌표에서 29m)"
WC047569,박물관,36.4698220363822,127.140026518471,A,kakao_place_bldg,8189999,국립공주대학교 신관캠퍼스 역사박물관,0.3,"캠퍼스·단지 건물 좌표(구분어 박물관, 묶음 좌표에서 352m)"
WC047568,문화체육관,36.4687087582165,127.141843160221,A,kakao_place_bldg,1359139626,국립공주대학교 신관캠퍼스 문화체육관,0.45,"캠퍼스·단지 건물 좌표(구분어 문화체육관, 묶음 좌표에서 351m)"
WC047566,대학본부,36.4699247280077,127.141588753106,A,kakao_place_bldg,17560464,국립공주대학교 신관캠퍼스 대학본부,0.4,"캠퍼스·단지 건물 좌표(구분어 대학본부, 묶음 좌표에서 430m)"
WC047565,글로벌인재관,36.4706527226126,127.140184219014,A,kakao_place_bldg,1583571977,국립공주대학교 신관캠퍼스 글로벌인재관,0.5,"캠퍼스·단지 건물 좌표(구분어 글로벌인재관, 묶음 좌표에서 444m)"
WC047564,국제교육원,36.46994978294974,127.1386699958285,A,kakao_place_bldg,10156188,국립공주대학교 신관캠퍼스 국제교육원,0.45,"캠퍼스·단지 건물 좌표(구분어 국제교육원, 묶음 좌표에서 345m)"
WC047563,교육정보관,36.4686782988146,127.140930435885,A,kakao_place_bldg,17567497,국립공주대학교 신관캠퍼스 교육정보관,0.45,"캠퍼스·단지 건물 좌표(구분어 교육정보관, 묶음 좌표에서 287m)"
WC047562,교양관,36.469418995921956,127.13944560736157,A,kakao_place_bldg,17555762,국립공주대학교 신관캠퍼스 교양관,0.33,"캠퍼스·단지 건물 좌표(구분어 교양관, 묶음 좌표에서 294m)"
WC003359,결초보은 체육관,36.48296939040221,127.73131291030143,A,kakao_place_bldg,1780482553,결초보은체육관,1.0,"캠퍼스·단지 건물 좌표(구분어 결초보은체육관, 묶음 좌표에서 145m)"
WC034148,국립세종수목원 사계절전시온실,36.4976294899479,127.2880217032917,A,kakao_place_bldg,1025403530,국립세종수목원 사계절전시온실,1.0,"캠퍼스·단지 건물 좌표(구분어 사계절전시온실, 묶음 좌표에서 206m)"
WC034147,국립세종수목원 방문자센터,36.49815316174693,127.28610721025224,A,kakao_place_bldg,992987218,국립세종수목원 방문자센터,1.0,"캠퍼스·단지 건물 좌표(구분어 방문자센터, 묶음 좌표에서 29m)"
WC034548,호수공원 푸른들판 화장실,36.4963755504603,127.27404985505,A,kakao_place_bldg,22836544,세종호수공원 푸른들판,0.89,"캠퍼스·단지 건물 좌표(구분어 푸른들판, 묶음 좌표에서 447m)"
WC034545,호수공원 수상무대섬 화장실,36.4972914484315,127.272334227192,A,kakao_place_bldg,22836585,세종호수공원 수상무대섬,0.9,"캠퍼스·단지 건물 좌표(구분어 수상무대섬, 묶음 좌표에서 264m)"
WC025884,광천문예회관(2층),36.5044367481725,126.625611884625,A,kakao_place_bldg,20327513,광천문예회관,1.0,"캠퍼스·단지 건물 좌표(구분어 문예회관, 묶음 좌표에서 63m)"
WC025883,광천문예회관(1층),36.5044367481725,126.625611884625,A,kakao_place_bldg,20327513,광천문예회관,1.0,"캠퍼스·단지 건물 좌표(구분어 문예회관, 묶음 좌표에서 63m)"
WC034421,은하수공원 화장장,36.53398149456225,127.24597435674664,A,kakao_place_bldg,26198059,은하수공원 화장장,1.0,"캠퍼스·단지 건물 좌표(구분어 화장장, 묶음 좌표에서 118m)"
WC034418,은하수공원 봉안당,36.53554600448894,127.24548238454827,A,kakao_place_bldg,692979791,은하수공원 봉안당,1.0,"캠퍼스·단지 건물 좌표(구분어 봉안당, 묶음 좌표에서 283m)"
WC006795,자연휴양림 강당 화장실,36.536619652532885,128.04274301411522,A,kakao_place_bldg,27472935,성주봉자연휴양림 강당,0.82,"캠퍼스·단지 건물 좌표(구분어 자연휴양림강당, 묶음 좌표에서 380m)"
WC006792,자연휴양림 관리사무소,36.537908929726164,128.04317907910195,A,kakao_place_bldg,7946043,성주봉자연휴양림 관리사무소,0.87,"캠퍼스·단지 건물 좌표(구분어 자연휴양림관리사무소, 묶음 좌표에서 526m)"
WC025858,홍성군청 본관 3층,36.601447800740985,126.6608766995707,A,kakao_place_bldg,973277980,홍성군청 본관,1.0,"캠퍼스·단지 건물 좌표(구분어 본관, 묶음 좌표에서 55m)"
WC025856,홍성군청 본관 2층,36.601447800740985,126.6608766995707,A,kakao_place_bldg,973277980,홍성군청 본관,1.0,"캠퍼스·단지 건물 좌표(구분어 본관, 묶음 좌표에서 55m)"
WC025855,홍성군청 본관 1층,36.601447800740985,126.6608766995707,A,kakao_place_bldg,973277980,홍성군청 본관,1.0,"캠퍼스·단지 건물 좌표(구분어 본관, 묶음 좌표에서 55m)"
WC024727,추모공원 화장시설 지하1층,36.665515404157,127.116371280065,A,kakao_place_bldg,25621539,천안추모공원 화장시설,0.89,"캠퍼스·단지 건물 좌표(구분어 화장시설, 묶음 좌표에서 156m)"
WC025109,호서대학교 벤처산학협력관,36.7370781950193,127.07803646471,A,kakao_place_bldg,17558564,호서대학교 아산캠퍼스 벤처산학협력관,0.83,"캠퍼스·단지 건물 좌표(구분어 벤처산학협력관, 묶음 좌표에서 356m)"
WC025108,호서대학교 벤처창업기업관,36.7355719727543,127.077340798801,A,kakao_place_bldg,26903641,호서대학교 벤처창업기업관,1.0,"캠퍼스·단지 건물 좌표(구분어 벤처창업기업관, 묶음 좌표에서 510m)"
WC025107,호서대학교 학생벤처창업관,36.735222453772,127.077161315748,A,kakao_place_bldg,17568804,호서대학교 아산캠퍼스 학생벤처창업관,0.83,"캠퍼스·단지 건물 좌표(구분어 학생벤처창업관, 묶음 좌표에서 548m)"
WC025106,호서대학교 교육문화관,36.7376080456372,127.078050436376,A,kakao_place_bldg,17561401,호서대학교 아산캠퍼스 교육문화관,0.8,"캠퍼스·단지 건물 좌표(구분어 교육문화관, 묶음 좌표에서 301m)"
WC025105,호서대학교 골프전공실습장,36.7352940634395,127.072181500628,A,kakao_place_bldg,17566135,호서대학교 아산캠퍼스 골프전공실습장,0.83,"캠퍼스·단지 건물 좌표(구분어 골프전공실습장, 묶음 좌표에서 683m)"
WC025103,호서대학교 자연과학관,36.7364618847124,127.072236334557,A,kakao_place_bldg,15643891,자연과학관 매점,0.59,"캠퍼스·단지 건물 좌표(구분어 자연과학관, 묶음 좌표에서 583m)"
WC025101,호서대학교 대학교회,36.7381793656139,127.075238527462,A,kakao_place_bldg,17566136,호서대학교아산캠퍼스 대학교회,0.78,"캠퍼스·단지 건물 좌표(구분어 대학교회, 묶음 좌표에서 264m)"
WC025100,호서대학교 학군단,36.7380369364203,127.072416949333,A,kakao_place_bldg,17568802,호서대학교 학군단,1.0,"캠퍼스·단지 건물 좌표(구분어 학군단, 묶음 좌표에서 463m)"
WC025098,호서대학교 학생회관,36.7395929649918,127.074218794235,A,kakao_place_bldg,12812029,호서대학교 학생회관,1.0,"캠퍼스·단지 건물 좌표(구분어 학생회관, 묶음 좌표에서 246m)"
WC025097,호서대학교 교직원회관,36.7356108572612,127.072840112294,A,kakao_place_bldg,21308509,호서대학교 교직원회관,1.0,"캠퍼스·단지 건물 좌표(구분어 교직원회관, 묶음 좌표에서 620m)"
WC025096,호서대학교 조형과학관,36.7350368133261,127.074344278963,A,kakao_place_bldg,17559825,호서대학교 조형과학관,1.0,"캠퍼스·단지 건물 좌표(구분어 조형과학관, 묶음 좌표에서 612m)"
WC025095,호서대학교 보건과학관,36.7355580822571,127.073668553639,A,kakao_place_bldg,843642788,호서대학교 아산캠퍼스 보건과학관,0.8,"캠퍼스·단지 건물 좌표(구분어 보건과학관, 묶음 좌표에서 585m)"
WC025092,호서대학교 체육관,36.7376223932629,127.07246134445,A,kakao_place_bldg,17567546,호서대학교 체육관,1.0,"캠퍼스·단지 건물 좌표(구분어 체육관, 묶음 좌표에서 484m)"
WC025091,호서대학교 예술관,36.7349425762476,127.075172672679,A,kakao_place_bldg,17556125,호서대학교 아산캠퍼스 예술관,0.76,"캠퍼스·단지 건물 좌표(구분어 예술관, 묶음 좌표에서 599m)"
WC025086,호서대학교 강석규 교육관,36.7358439576032,127.074761543558,A,kakao_place_bldg,17560909,호서대학교 아산캠퍼스 강석규교육관,0.81,"캠퍼스·단지 건물 좌표(구분어 강석규교육관, 묶음 좌표에서 515m)"
WC025141,경찰인재개발원 실내사격장,36.7407510784104,126.989734971916,A,kakao_place_bldg,1023403097,경찰인재개발원 실내사격장,1.0,"캠퍼스·단지 건물 좌표(구분어 실내사격장, 묶음 좌표에서 518m)"
WC024755,학생회관,36.7630020797753,127.282391872449,A,kakao_place_bldg,17564626,한국기술교육대학교 학생회관,0.47,"캠퍼스·단지 건물 좌표(구분어 학생회관, 묶음 좌표에서 257m)"
WC024753,체육관,36.7612194370365,127.284759635033,A,kakao_place_bldg,26556835,한국기술교육대학교 체육관,0.4,"캠퍼스·단지 건물 좌표(구분어 체육관, 묶음 좌표에서 536m)"
WC024752,창업보육관,36.7608393611716,127.279355608429,A,kakao_place_bldg,27309381,한국기술교육대학교 창업보육관,0.53,"캠퍼스·단지 건물 좌표(구분어 창업보육관, 묶음 좌표에서 502m)"
WC024751,인문경영관,36.7649823877978,127.281776409552,A,kakao_place_bldg,17555859,한국기술교육대학교 인문경영관,0.53,"캠퍼스·단지 건물 좌표(구분어 인문경영관, 묶음 좌표에서 53m)"
WC024750,새롬관,36.7612006050762,127.280548547178,A,kakao_place_bldg,17555858,한국기술교육대학교 새롬관,0.4,"캠퍼스·단지 건물 좌표(구분어 새롬관, 묶음 좌표에서 438m)"
WC024749,산학협력관,36.7600330587882,127.277345761172,A,kakao_place_bldg,17560522,한국기술교육대학교 산학협력관,0.53,"캠퍼스·단지 건물 좌표(구분어 산학협력관, 묶음 좌표에서 660m)"
WC024748,복지관,36.7630084217962,127.281236078438,A,kakao_place_bldg,17566147,한국기술교육대학교 복지관,0.4,"캠퍼스·단지 건물 좌표(구분어 복지관, 묶음 좌표에서 233m)"
WC024747,미래학습관,36.7624160445682,127.28176254105,A,kakao_place_bldg,1474633427,한국기술교육대학교 제1캠퍼스 다담미래학습관,0.38,"캠퍼스·단지 건물 좌표(구분어 미래학습관, 묶음 좌표에서 303m)"
WC024746,대학본부,36.7645334835701,127.28259908731,A,kakao_place_bldg,17566145,한국기술교육대학교 대학본부,0.47,"캠퍼스·단지 건물 좌표(구분어 대학본부, 묶음 좌표에서 140m)"
WC024745,다산정보관,36.7638489802996,127.281313067002,A,kakao_place_bldg,842650963,투루카 한국기술교육대학교 다산정보관,0.45,"캠퍼스·단지 건물 좌표(구분어 다산정보관, 묶음 좌표에서 140m)"
WC024744,나우리인성관,36.7613708094334,127.27867660364,A,kakao_place_bldg,17568811,한국기술교육대학교 나우리인성관,0.57,"캠퍼스·단지 건물 좌표(구분어 나우리인성관, 묶음 좌표에서 472m)"
WC024742,국제교육센터,36.7642924136803,127.280895807881,A,kakao_place_bldg,17560523,한국기술교육대학교 국제교육센터,0.57,"캠퍼스·단지 건물 좌표(구분어 국제교육센터, 묶음 좌표에서 94m)"
WC025116,한국폴리텍대학 아산캠퍼스 혁신기술센터,36.77160557468728,126.9486307801956,A,kakao_place_bldg,1611452729,한국폴리텍대학 아산캠퍼스 혁신기술센터,1.0,"캠퍼스·단지 건물 좌표(구분어 혁신기술센터, 묶음 좌표에서 53m)"
WC006206,국민체육센터,36.7983299200193,126.437648093593,A,kakao_place_bldg,11586691,서산국민체육센터,0.86,"캠퍼스·단지 건물 좌표(구분어 국민체육센터, 묶음 좌표에서 191m)"
WC006205,서산시민 체육관,36.79779139321394,126.43619541612613,A,kakao_place_bldg,1900896190,서산시민체육관,1.0,"캠퍼스·단지 건물 좌표(구분어 서산시민체육관, 묶음 좌표에서 95m)"
WC024717,천안어린이꿈누리터 2층 화장실,36.806716933983424,127.15068386193343,A,kakao_place_bldg,2130696707,천안어린이꿈누리터,1.0,"캠퍼스·단지 건물 좌표(구분어 천안어린이꿈누리터, 묶음 좌표에서 45m)"
WC024716,천안어린이꿈누리터 1층 화장실,36.806716933983424,127.15068386193343,A,kakao_place_bldg,2130696707,천안어린이꿈누리터,1.0,"캠퍼스·단지 건물 좌표(구분어 천안어린이꿈누리터, 묶음 좌표에서 45m)"
WC024650,천안어린이꿈누리터,36.806716933983424,127.15068386193343,A,kakao_place_bldg,2130696707,천안어린이꿈누리터,1.0,"캠퍼스·단지 건물 좌표(구분어 천안어린이꿈누리터, 묶음 좌표에서 45m)"
WC023935,산림문화휴양관,36.8075917456632,127.847356209803,A,kakao_place_bldg,1833429432,성불산자연휴양림 산림문화휴양관,0.64,"캠퍼스·단지 건물 좌표(구분어 산림문화휴양관, 묶음 좌표에서 106m)"
WC028178,대한복싱훈련장,36.8096479998253,128.608470249167,A,kakao_place_bldg,988392758,대한복싱훈련장,1.0,"캠퍼스·단지 건물 좌표(구분어 대한복싱훈련장, 묶음 좌표에서 148m)"
WC028174,국민체육센터,36.8066292522885,128.606631111281,A,kakao_place_bldg,11584253,영주국민체육센터,0.86,"캠퍼스·단지 건물 좌표(구분어 국민체육센터, 묶음 좌표에서 225m)"
WC024633,서북구보건소 1층 화장실,36.815021888227314,127.11488694693728,A,kakao_place_bldg,8597503,서북구보건소,1.0,"캠퍼스·단지 건물 좌표(구분어 서북구보건소, 묶음 좌표에서 205m)"
WC024553,종합운동장 인라인스케이트장,36.8159353578746,127.111366909816,A,kakao_place_bldg,17572847,천안종합운동장 인라인스케이트장,0.93,"캠퍼스·단지 건물 좌표(구분어 종합운동장인라인스케이트장, 묶음 좌표에서 392m)"
WC024546,종합운동장 보조경기장 화장실,36.8206160573839,127.116654995583,A,kakao_place_bldg,17578028,천안종합운동장 보조경기장,0.91,"캠퍼스·단지 건물 좌표(구분어 종합운동장보조경기장, 묶음 좌표에서 342m)"
WC024545,종합운동장 다목적구장,36.8184290240194,127.112011613406,A,kakao_place_bldg,17572817,천안종합운동장 다목적구장,0.91,"캠퍼스·단지 건물 좌표(구분어 종합운동장다목적구장, 묶음 좌표에서 137m)"
WC024542,실내테니스장 화장실,36.81719027006148,127.11267778735635,A,kakao_place_bldg,17574989,천안시실내테니스장,0.8,"캠퍼스·단지 건물 좌표(구분어 실내테니스장, 묶음 좌표에서 220m)"
WC024723,천안시태조산청소년수련관 화장실,36.82167928100438,127.19008027119328,A,kakao_place_bldg,23280565,천안시 태조산청소년수련관,1.0,"캠퍼스·단지 건물 좌표(구분어 천안시태조산청소년수련관, 묶음 좌표에서 110m)"
WC025197,영인산주유소,36.86005114475438,126.95477296656065,A,kakao_place_bldg,1271628767,영인산주유소,1.0,"캠퍼스·단지 건물 좌표(구분어 영인산주유소, 묶음 좌표에서 54m)"
WC050234,대호지면행정복지센터,36.900035137668105,126.50416464076928,A,kakao_place_bldg,7836570,대호지면행정복지센터,1.0,"캠퍼스·단지 건물 좌표(구분어 대호지면행정복지센터, 묶음 좌표에서 31m)"
WC050122,삼선산수목원 방문자센터 1층,36.9068312530299,126.5897346574,A,kakao_place_bldg,1494085476,삼선산수목원 방문자센터,1.0,"캠퍼스·단지 건물 좌표(구분어 방문자센터, 묶음 좌표에서 370m)"
WC050121,삼선산수목원 방문자센터 2층,36.9068312530299,126.5897346574,A,kakao_place_bldg,1494085476,삼선산수목원 방문자센터,1.0,"캠퍼스·단지 건물 좌표(구분어 방문자센터, 묶음 좌표에서 370m)"
WC050115,당진종합운동장,36.9220761243022,126.599845689196,A,kakao_place_bldg,11586325,당진종합운동장,1.0,"캠퍼스·단지 건물 좌표(구분어 종합운동장, 묶음 좌표에서 243m)"
WC050113,당진트레이닝센터,36.9229431284999,126.596164474637,A,kakao_place_bldg,17572794,당진종합운동장 당진트레이닝센터,0.7,"캠퍼스·단지 건물 좌표(구분어 트레이닝센터, 묶음 좌표에서 100m)"
WC047333,우륵당화장실,36.9636617253127,127.925817881241,A,kakao_place_bldg,9518184,우륵당,1.0,"캠퍼스·단지 건물 좌표(구분어 우륵당, 묶음 좌표에서 160m)"
WC050210,석문면행정복지센터,36.9819388160341,126.590888457961,A,kakao_place_bldg,8363527,석문면행정복지센터,1.0,"캠퍼스·단지 건물 좌표(구분어 면행정복지센터, 묶음 좌표에서 26m)"
WC050102,석문면행정복지센터,36.9819388160341,126.590888457961,A,kakao_place_bldg,8363527,석문면행정복지센터,1.0,"캠퍼스·단지 건물 좌표(구분어 면행정복지센터, 묶음 좌표에서 26m)"
WC024171,단양군의회 2층,36.985089520948854,128.36560809370715,A,kakao_place_bldg,1279930385,단양군의회,1.0,"캠퍼스·단지 건물 좌표(구분어 의회, 묶음 좌표에서 85m)"
WC024170,단양군의회 1층,36.985089520948854,128.36560809370715,A,kakao_place_bldg,1279930385,단양군의회,1.0,"캠퍼스·단지 건물 좌표(구분어 의회, 묶음 좌표에서 85m)"
WC024180,단양군평생학습센터 3층,36.985612544350666,128.3679176501338,A,kakao_place_bldg,891326335,단양군평생학습센터,1.0,"캠퍼스·단지 건물 좌표(구분어 군평생학습센터, 묶음 좌표에서 33m)"
WC024179,단양군평생학습센터 2층,36.985612544350666,128.3679176501338,A,kakao_place_bldg,891326335,단양군평생학습센터,1.0,"캠퍼스·단지 건물 좌표(구분어 군평생학습센터, 묶음 좌표에서 33m)"
WC024178,단양군평생학습센터 1층,36.985612544350666,128.3679176501338,A,kakao_place_bldg,891326335,단양군평생학습센터,1.0,"캠퍼스·단지 건물 좌표(구분어 군평생학습센터, 묶음 좌표에서 33m)"
WC043173,소사벌레포츠타운(인라인스케이트장),36.98729125643,127.10777465333,A,kakao_place_bldg,17575124,소사벌레포츠타운 인라인스케이트장,1.0,"캠퍼스·단지 건물 좌표(구분어 소사벌레포츠타운인라인스케이트장, 묶음 좌표에서 116m)"
WC043172,소사벌레포츠타운(농구장),36.9863089160063,127.105949115603,A,kakao_place_bldg,12526812,소사벌 레포츠타운 농구장,1.0,"캠퍼스·단지 건물 좌표(구분어 소사벌레포츠타운농구장, 묶음 좌표에서 148m)"
WC047341,탄금공원 종합안내소,36.98880440928798,127.90777434903403,A,kakao_place_bldg,27562848,충주탄금공원 종합안내소,0.9,"캠퍼스·단지 건물 좌표(구분어 종합안내소, 묶음 좌표에서 224m)"
WC043125,서평택국민체육센터 3층,36.9891294763279,126.919509662004,A,kakao_place_bldg,24633545,서평택국민체육센터 실내수영장,0.78,"캠퍼스·단지 건물 좌표(구분어 서평택국민체육센터, 묶음 좌표에서 126m)"
WC043124,서평택국민체육센터 2층,36.9891294763279,126.919509662004,A,kakao_place_bldg,24633545,서평택국민체육센터 실내수영장,0.78,"캠퍼스·단지 건물 좌표(구분어 서평택국민체육센터, 묶음 좌표에서 126m)"
WC043123,서평택국민체육센터 1층,36.9891294763279,126.919509662004,A,kakao_place_bldg,24633545,서평택국민체육센터 실내수영장,0.78,"캠퍼스·단지 건물 좌표(구분어 서평택국민체육센터, 묶음 좌표에서 126m)"
WC043102,안중도서관(4층),36.989475290810105,126.91921274826142,A,kakao_place_bldg,17808499,평택시립안중도서관,0.71,"캠퍼스·단지 건물 좌표(구분어 안중도서관, 묶음 좌표에서 111m)"
WC043101,안중도서관(3층),36.989475290810105,126.91921274826142,A,kakao_place_bldg,17808499,평택시립안중도서관,0.71,"캠퍼스·단지 건물 좌표(구분어 안중도서관, 묶음 좌표에서 111m)"
WC043100,안중도서관(2층),36.989475290810105,126.91921274826142,A,kakao_place_bldg,17808499,평택시립안중도서관,0.71,"캠퍼스·단지 건물 좌표(구분어 안중도서관, 묶음 좌표에서 111m)"
WC043099,안중도서관(1층),36.989475290810105,126.91921274826142,A,kakao_place_bldg,17808499,평택시립안중도서관,0.71,"캠퍼스·단지 건물 좌표(구분어 안중도서관, 묶음 좌표에서 111m)"
WC043216,평택시생명농업센터,37.01292923910435,126.98003968662225,A,kakao_place_bldg,972060896,평택생명농업센터,0.94,"캠퍼스·단지 건물 좌표(구분어 생명농업센터, 묶음 좌표에서 211m)"
WC042808,평택로컬푸드종합센터(2층),37.01320268559338,126.98271051324463,A,kakao_place_bldg,1387078569,평택로컬푸드종합센터,1.0,"캠퍼스·단지 건물 좌표(구분어 평택로컬푸드종합센터, 묶음 좌표에서 210m)"
WC042807,평택로컬푸드종합센터(1층),37.01320268559338,126.98271051324463,A,kakao_place_bldg,1387078569,평택로컬푸드종합센터,1.0,"캠퍼스·단지 건물 좌표(구분어 평택로컬푸드종합센터, 묶음 좌표에서 210m)"
WC042831,평택휴게소(2층),37.0447316623924,126.947052313679,A,kakao_place_bldg,614941705,평택복합휴게소주유소 제천방향,0.53,"캠퍼스·단지 건물 좌표(구분어 휴게소, 묶음 좌표에서 220m)"
WC042830,평택휴게소(1층),37.0447316623924,126.947052313679,A,kakao_place_bldg,614941705,평택복합휴게소주유소 제천방향,0.53,"캠퍼스·단지 건물 좌표(구분어 휴게소, 묶음 좌표에서 220m)"
WC043144,평택시의회 화장실 2층,37.0673380884422,127.065051129588,A,kakao_place_bldg,8579794,평택시의회,1.0,"캠퍼스·단지 건물 좌표(구분어 평택시의회, 묶음 좌표에서 169m)"
WC043143,평택시의회 화장실 1층,37.0673380884422,127.065051129588,A,kakao_place_bldg,8579794,평택시의회,1.0,"캠퍼스·단지 건물 좌표(구분어 평택시의회, 묶음 좌표에서 169m)"
WC043083,송탄출장소 4층,37.0666425276861,127.064929097155,A,kakao_place_bldg,8633659,평택시청 송탄출장소,0.71,"캠퍼스·단지 건물 좌표(구분어 송탄출장소, 묶음 좌표에서 93m)"
WC043082,송탄출장소 3층,37.0666425276861,127.064929097155,A,kakao_place_bldg,8633659,평택시청 송탄출장소,0.71,"캠퍼스·단지 건물 좌표(구분어 송탄출장소, 묶음 좌표에서 93m)"
WC043081,송탄출장소 2층,37.0666425276861,127.064929097155,A,kakao_place_bldg,8633659,평택시청 송탄출장소,0.71,"캠퍼스·단지 건물 좌표(구분어 송탄출장소, 묶음 좌표에서 93m)"
WC043080,송탄출장소 1층,37.0666425276861,127.064929097155,A,kakao_place_bldg,8633659,평택시청 송탄출장소,0.71,"캠퍼스·단지 건물 좌표(구분어 송탄출장소, 묶음 좌표에서 93m)"
WC042809,평택시로컬푸드직매장 이충점(1층),37.065073374027,127.070348525309,A,kakao_place_bldg,1162127138,평택시로컬푸드직매장 이충점,1.0,"캠퍼스·단지 건물 좌표(구분어 평택시로컬푸드직매장이충점, 묶음 좌표에서 114m)"
WC044897,용인평온의숲(장례식장) 개방화장실,37.1188194756018,127.227421050461,A,kakao_place_bldg,26446776,용인평온의숲 장례식장,1.0,"캠퍼스·단지 건물 좌표(구분어 장례식장, 묶음 좌표에서 435m)"
WC021676,철암고등학교(3층),37.122094804331,129.04497319057,A,kakao_place_bldg,8090919,철암고등학교,1.0,"캠퍼스·단지 건물 좌표(구분어 고등학교, 묶음 좌표에서 66m)"
WC021675,철암고등학교(2층),37.122094804331,129.04497319057,A,kakao_place_bldg,8090919,철암고등학교,1.0,"캠퍼스·단지 건물 좌표(구분어 고등학교, 묶음 좌표에서 66m)"
WC021674,철암고등학교(1층),37.122094804331,129.04497319057,A,kakao_place_bldg,8090919,철암고등학교,1.0,"캠퍼스·단지 건물 좌표(구분어 고등학교, 묶음 좌표에서 66m)"
WC021670,장성여자고등학교(체육관),37.1254084613102,129.005854665205,A,kakao_place_bldg,18410979,장성여자고등학교 체육관,1.0,"캠퍼스·단지 건물 좌표(구분어 체육관, 묶음 좌표에서 100m)"
WC023404,정구장화장실,37.1315111048138,128.216241745894,A,kakao_place_bldg,17578145,제천종합운동장 제천정구장,0.4,"캠퍼스·단지 건물 좌표(구분어 정구장, 묶음 좌표에서 74m)"
WC023403,올림픽스포츠센터,37.1313204831327,128.215149387761,A,kakao_place_bldg,11586833,제천올림픽스포츠센터,0.89,"캠퍼스·단지 건물 좌표(구분어 올림픽스포츠센터, 묶음 좌표에서 90m)"
WC033283,화성종합경기타운(실내체육관),37.13830760228957,126.92247625610617,A,kakao_place_bldg,24633308,화성종합경기타운 실내체육관,1.0,"캠퍼스·단지 건물 좌표(구분어 실내체육관, 묶음 좌표에서 215m)"
WC033282,화성종합경기타운(실내체육관),37.13830760228957,126.92247625610617,A,kakao_place_bldg,24633308,화성종합경기타운 실내체육관,1.0,"캠퍼스·단지 건물 좌표(구분어 실내체육관, 묶음 좌표에서 215m)"
WC033281,화성종합경기타운(실내체육관),37.13830760228957,126.92247625610617,A,kakao_place_bldg,24633308,화성종합경기타운 실내체육관,1.0,"캠퍼스·단지 건물 좌표(구분어 실내체육관, 묶음 좌표에서 215m)"
WC033280,화성종합경기타운(실내체육관),37.13830760228957,126.92247625610617,A,kakao_place_bldg,24633308,화성종합경기타운 실내체육관,1.0,"캠퍼스·단지 건물 좌표(구분어 실내체육관, 묶음 좌표에서 215m)"
WC033279,화성종합경기타운(실내체육관),37.13830760228957,126.92247625610617,A,kakao_place_bldg,24633308,화성종합경기타운 실내체육관,1.0,"캠퍼스·단지 건물 좌표(구분어 실내체육관, 묶음 좌표에서 215m)"
WC033278,화성종합경기타운(실내체육관),37.13830760228957,126.92247625610617,A,kakao_place_bldg,24633308,화성종합경기타운 실내체육관,1.0,"캠퍼스·단지 건물 좌표(구분어 실내체육관, 묶음 좌표에서 215m)"
WC033277,화성종합경기타운(실내체육관),37.13830760228957,126.92247625610617,A,kakao_place_bldg,24633308,화성종합경기타운 실내체육관,1.0,"캠퍼스·단지 건물 좌표(구분어 실내체육관, 묶음 좌표에서 215m)"
WC033276,화성종합경기타운(실내체육관),37.13830760228957,126.92247625610617,A,kakao_place_bldg,24633308,화성종합경기타운 실내체육관,1.0,"캠퍼스·단지 건물 좌표(구분어 실내체육관, 묶음 좌표에서 215m)"
WC033275,화성종합경기타운(실내체육관),37.13830760228957,126.92247625610617,A,kakao_place_bldg,24633308,화성종합경기타운 실내체육관,1.0,"캠퍼스·단지 건물 좌표(구분어 실내체육관, 묶음 좌표에서 215m)"
WC033274,화성종합경기타운(실내체육관),37.13830760228957,126.92247625610617,A,kakao_place_bldg,24633308,화성종합경기타운 실내체육관,1.0,"캠퍼스·단지 건물 좌표(구분어 실내체육관, 묶음 좌표에서 215m)"
WC021700,황지고등학교(도서관 1층),37.16352562605633,128.98549876920893,A,kakao_place_bldg,169104243,태백시 스마트도서관,0.33,"캠퍼스·단지 건물 좌표(구분어 도서관, 묶음 좌표에서 267m)"
WC023368,농업미생물실,37.16139376598466,128.17698991052194,A,kakao_place_bldg,305240360,제천농업기술센터 농업미생물실,0.6,"캠퍼스·단지 건물 좌표(구분어 농업미생물실, 묶음 좌표에서 175m)"
WC023367,농기계임대사업소,37.1618830710016,128.176983988731,A,kakao_place_bldg,777449471,제천시농기계임대사업소 제천본소,0.7,"캠퍼스·단지 건물 좌표(구분어 농기계임대사업소, 묶음 좌표에서 153m)"
WC021623,황지초등학교(A동 3층),37.1696291208283,128.987603835741,A,kakao_place_bldg,1118998720,궁전아파트 A동,0.27,"캠퍼스·단지 건물 좌표(구분어 A동, 묶음 좌표에서 659m)"
WC021622,황지초등학교(A동 2층),37.1696291208283,128.987603835741,A,kakao_place_bldg,1118998720,궁전아파트 A동,0.27,"캠퍼스·단지 건물 좌표(구분어 A동, 묶음 좌표에서 659m)"
WC021621,황지초등학교(A동 1층),37.1696291208283,128.987603835741,A,kakao_place_bldg,1118998720,궁전아파트 A동,0.27,"캠퍼스·단지 건물 좌표(구분어 A동, 묶음 좌표에서 659m)"
WC021476,태백시청 별관 3층,37.1648151113629,128.985696864618,A,kakao_place_bldg,17554643,태백시청 별관,1.0,"캠퍼스·단지 건물 좌표(구분어 별관, 묶음 좌표에서 102m)"
WC021475,태백시청 별관 2층,37.1648151113629,128.985696864618,A,kakao_place_bldg,17554643,태백시청 별관,1.0,"캠퍼스·단지 건물 좌표(구분어 별관, 묶음 좌표에서 102m)"
WC021474,태백시청 별관 1층,37.1648151113629,128.985696864618,A,kakao_place_bldg,17554643,태백시청 별관,1.0,"캠퍼스·단지 건물 좌표(구분어 별관, 묶음 좌표에서 102m)"
WC033163,서신보건지소,37.165718448179064,126.70866116054428,A,kakao_place_bldg,13522133,서신보건지소,1.0,"캠퍼스·단지 건물 좌표(구분어 보건지소, 묶음 좌표에서 97m)"
WC021665,황지중학교(체육관),37.1671550742789,128.993777826805,A,kakao_place_bldg,14830604,강원태권도체육관,0.38,"캠퍼스·단지 건물 좌표(구분어 체육관, 묶음 좌표에서 606m)"
WC021489,태백문화예술회관 지하사무실,37.1717485334254,128.993205063545,A,kakao_place_bldg,11023080,김인수법무사사무실,0.3,"캠퍼스·단지 건물 좌표(구분어 사무실, 묶음 좌표에서 461m)"
WC046805,스포츠파크 축구장 화장실,37.1740171151191,128.457661387948,A,kakao_place_bldg,19122883,영월스포츠파크 축구장,0.89,"캠퍼스·단지 건물 좌표(구분어 스포츠파크축구장, 묶음 좌표에서 136m)"
WC022537,영월스포츠파크게이트볼장,37.175260434385656,128.4583225597724,A,kakao_place_bldg,27290490,영월스포츠파크 게이트볼장,1.0,"캠퍼스·단지 건물 좌표(구분어 영월스포츠파크게이트볼장, 묶음 좌표에서 147m)"
WC022534,영월국민체육센터,37.1777897673996,128.462683674516,A,kakao_place_bldg,259899122,영월국민체육센터,1.0,"캠퍼스·단지 건물 좌표(구분어 영월국민체육센터, 묶음 좌표에서 511m)"
WC045652,이천농업테마공원 안내센터,37.179381526625,127.444677283567,A,kakao_place_bldg,463524044,이천농업테마공원 종합안내센터,0.92,"캠퍼스·단지 건물 좌표(구분어 안내센터, 묶음 좌표에서 57m)"
WC033493,동탄중앙어울림센터 (동탄중앙어울림센터 수영장 1층),37.200038336377,127.112099889221,A,kakao_place_bldg,1176711368,동탄중앙어울림센터 수영장,0.73,"캠퍼스·단지 건물 좌표(구분어 어울림센터수영장, 묶음 좌표에서 29m)"
WC033488,동탄중앙어울림센터 (동탄중앙어울림센터2층),37.200038336377,127.112099889221,A,kakao_place_bldg,1176711368,동탄중앙어울림센터 수영장,0.6,"캠퍼스·단지 건물 좌표(구분어 어울림센터, 묶음 좌표에서 29m)"
WC033840,반석산에코스쿨,37.20244673687721,127.07448031439617,A,kakao_place_bldg,742850767,시립반석산에코스쿨,0.88,"캠퍼스·단지 건물 좌표(구분어 반석산에코스쿨, 묶음 좌표에서 44m)"
WC045245,용인시청,37.2410299792379,127.177482330873,A,kakao_place_bldg,8021938,용인시청,1.0,"캠퍼스·단지 건물 좌표(구분어 용인시청, 묶음 좌표에서 37m)"
WC045241,용인시의회,37.24117770902573,127.17690789895568,A,kakao_place_bldg,17807328,용인시의회,1.0,"캠퍼스·단지 건물 좌표(구분어 용인시의회, 묶음 좌표에서 89m)"
WC045239,문화예술원,37.2405768583031,127.17920784365,A,kakao_place_bldg,17591666,용인 문화예술원 마루홀,0.67,"캠퍼스·단지 건물 좌표(구분어 문화예술원, 묶음 좌표에서 126m)"
WC045238,처인구보건소,37.2409851442829,127.176129809637,A,kakao_place_bldg,11353931,처인구보건소,1.0,"캠퍼스·단지 건물 좌표(구분어 처인구보건소, 묶음 좌표에서 156m)"
WC052140,용인미르스타디움 개방화장실,37.247670313290335,127.16398381749686,A,kakao_place_bldg,2048106304,용인미르스타디움 보조경기장,0.76,"캠퍼스·단지 건물 좌표(구분어 미르스타디움, 묶음 좌표에서 249m)"
WC044908,용인미르스타디움(보조경기장) 개방화장실,37.247670313290335,127.16398381749686,A,kakao_place_bldg,2048106304,용인미르스타디움 보조경기장,1.0,"캠퍼스·단지 건물 좌표(구분어 미르스타디움보조경기장, 묶음 좌표에서 249m)"
WC044914,용인어린이상상의숲 개방화장실,37.249803252894644,127.16580314301494,A,kakao_place_bldg,262113903,용인어린이상상의숲,1.0,"캠퍼스·단지 건물 좌표(구분어 어린이상상의숲, 묶음 좌표에서 52m)"
WC017850,염원,37.2600350726733,127.036687933674,A,kakao_place_bldg,1706253117,염원화장실,0.57,"캠퍼스·단지 건물 좌표(구분어 염원, 묶음 좌표에서 71m)"
WC018169,AK플라자 수원,37.2665525892817,127.000169109369,A,kakao_place_bldg,1039406399,메가박스 수원AK플라자 수원역,0.67,"캠퍼스·단지 건물 좌표(구분어 AK플라자수원, 묶음 좌표에서 107m)"
WC018032,매산지구대,37.2643450254925,127.00162340255,A,kakao_place_bldg,12380486,매산지구대,1.0,"캠퍼스·단지 건물 좌표(구분어 매산지구대, 묶음 좌표에서 189m)"
WC018085,나루터,37.2823626659088,127.064554648888,A,kakao_place_bldg,26465927,광교호수공원 나루터,0.5,"캠퍼스·단지 건물 좌표(구분어 나루터, 묶음 좌표에서 227m)"
WC017863,어번레비,37.2777622689266,127.06055576517,A,kakao_place_bldg,557271212,어번레비,1.0,"캠퍼스·단지 건물 좌표(구분어 어번레비, 묶음 좌표에서 580m)"
WC017822,원천호수,37.2806085445946,127.062498654014,A,kakao_place_bldg,226286469,원천호수,1.0,"캠퍼스·단지 건물 좌표(구분어 원천호수, 묶음 좌표에서 309m)"
WC017791,재미난밭,37.2857740821296,127.067633880135,A,kakao_place_bldg,26465945,광교호수공원 재미난밭,0.57,"캠퍼스·단지 건물 좌표(구분어 재미난밭, 묶음 좌표에서 586m)"
WC017790,전망대,37.2818138012352,127.066421524104,A,kakao_place_bldg,1802667942,전망대까페,0.75,"캠퍼스·단지 건물 좌표(구분어 전망대, 묶음 좌표에서 133m)"
WC043812,방아머리공원(운동장) 화장실,37.2901241930047,126.580366200537,A,kakao_place_bldg,17556431,방아머리공원 운동장,1.0,"캠퍼스·단지 건물 좌표(구분어 방아머리공원운동장, 묶음 좌표에서 85m)"
WC017909,수원시연화장(추모의 집1층),37.29157228736161,127.08315604031974,A,kakao_place_bldg,25083717,수원시연화장 추모의집,1.0,"캠퍼스·단지 건물 좌표(구분어 추모의집, 묶음 좌표에서 201m)"
WC034783,복합체육관화장실,37.29379485316549,127.62317507947195,A,kakao_place_bldg,274099853,여주복합체육관,0.83,"캠퍼스·단지 건물 좌표(구분어 복합체육관, 묶음 좌표에서 88m)"
WC034786,세종국악당화장실,37.2974441938121,127.624675887028,A,kakao_place_bldg,17566905,세종국악당,1.0,"캠퍼스·단지 건물 좌표(구분어 국악당, 묶음 좌표에서 76m)"
WC052097,반달섬선착장 화장실,37.2992723264572,126.740114342918,A,kakao_place_bldg,1655859726,반달섬선착장,1.0,"캠퍼스·단지 건물 좌표(구분어 반달섬선착장, 묶음 좌표에서 92m)"
WC044874,철도공학관,37.3155612349346,126.954557905733,A,kakao_place_bldg,1034416085,투루카 한국교통대학교 의왕캠퍼스(철도공학관 앞),0.38,"캠퍼스·단지 건물 좌표(구분어 철도공학관, 묶음 좌표에서 28m)"
WC044873,전산관,37.3149705590249,126.953277846944,A,kakao_place_bldg,17564343,한국교통대학교 의왕캠퍼스 전산관,0.33,"캠퍼스·단지 건물 좌표(구분어 전산관, 묶음 좌표에서 147m)"
WC044872,본관동,37.31233179887807,126.95661633750534,A,kakao_place_bldg,26368088,한국철도기술연구원 본관동,0.4,"캠퍼스·단지 건물 좌표(구분어 본관동, 묶음 좌표에서 427m)"
WC044870,교통대학원,37.3157059200144,126.953575217965,A,kakao_place_bldg,17567350,한국교통대학교교통대학원 의왕캠퍼스,0.45,"캠퍼스·단지 건물 좌표(구분어 교통대학원, 묶음 좌표에서 88m)"
WC044825,한국철도공사 인재개발원,37.31425410137304,126.95525924741794,A,kakao_place_bldg,18164744,한국철도공사 인재개발원,1.0,"캠퍼스·단지 건물 좌표(구분어 한국철도공사인재개발원, 묶음 좌표에서 184m)"
WC045037,수지구청 개방화장실,37.322115297572424,127.09768172993404,A,kakao_place_bldg,7963977,수지구청,1.0,"캠퍼스·단지 건물 좌표(구분어 구청, 묶음 좌표에서 41m)"
WC045036,수지구청 야외 공중화장실,37.3224311323487,127.097106741652,A,kakao_place_bldg,132025056,수지구청 야외화장실,0.8,"캠퍼스·단지 건물 좌표(구분어 구청야외, 묶음 좌표에서 55m)"
WC045035,수지복지센터 개방화장실,37.3219532216364,127.09754838992,A,kakao_place_bldg,742057282,수지복지센터,1.0,"캠퍼스·단지 건물 좌표(구분어 복지센터, 묶음 좌표에서 61m)"
WC045204,수지구보건소 개방화장실,37.322161053896636,127.09682433777253,A,kakao_place_bldg,21659486,수지구보건소,1.0,"캠퍼스·단지 건물 좌표(구분어 구보건소, 묶음 좌표에서 88m)"
WC043894,올림픽수영장 화장실,37.3264701239751,126.827470933792,A,kakao_place_bldg,16310642,올림픽수영장 매점,0.86,"캠퍼스·단지 건물 좌표(구분어 수영장, 묶음 좌표에서 67m)"
WC043892,올림픽기념관 1층-공연장 화장실,37.3257240262275,126.827441047846,A,kakao_place_bldg,17808470,안산올림픽기념관 공연장,0.86,"캠퍼스·단지 건물 좌표(구분어 기념관공연장, 묶음 좌표에서 91m)"
WC043891,올림픽기념관 1층 화장실,37.3261707784116,126.827331710925,A,kakao_place_bldg,8001559,안산올림픽기념관,0.86,"캠퍼스·단지 건물 좌표(구분어 기념관, 묶음 좌표에서 77m)"
WC045787,원주의료원 장례식장,37.3333627941751,127.9487371115,A,kakao_place_bldg,14650906,강원특별자치도도원주의료원 장례식장,0.69,"캠퍼스·단지 건물 좌표(구분어 장례식장, 묶음 좌표에서 77m)"
WC045721,원주의료원 장례식장,37.3333627941751,127.9487371115,A,kakao_place_bldg,14650906,강원특별자치도도원주의료원 장례식장,0.69,"캠퍼스·단지 건물 좌표(구분어 장례식장, 묶음 좌표에서 77m)"
WC019369,체육공원 야구장,37.3411703307975,126.758864635153,A,kakao_place_bldg,13080943,정왕동체육공원 야구장,0.82,"캠퍼스·단지 건물 좌표(구분어 체육공원야구장, 묶음 좌표에서 400m)"
WC045877,롯데마트 원주점(지하2층),37.34523398253162,127.92765202670184,A,kakao_place_bldg,22549854,롯데마트 원주점,1.0,"캠퍼스·단지 건물 좌표(구분어 롯데마트원주점, 묶음 좌표에서 55m)"
WC045876,롯데마트 원주점(지하1층),37.34523398253162,127.92765202670184,A,kakao_place_bldg,22549854,롯데마트 원주점,1.0,"캠퍼스·단지 건물 좌표(구분어 롯데마트원주점, 묶음 좌표에서 55m)"
WC019325,옥구공원 3주차장,37.3531061743599,126.711724151024,A,kakao_place_bldg,20519601,옥구공원 제3주차장,0.94,"캠퍼스·단지 건물 좌표(구분어 주차장, 묶음 좌표에서 224m)"
WC019324,옥구공원 2주차장,37.356602690484,126.716419872078,A,kakao_place_bldg,20519600,옥구공원 제2주차장,0.94,"캠퍼스·단지 건물 좌표(구분어 주차장, 묶음 좌표에서 620m)"
WC041984,중앙공원(관리사무소),37.3755317654654,127.124657864114,A,kakao_place_bldg,24127500,분당중앙공원 관리사무소,0.9,"캠퍼스·단지 건물 좌표(구분어 관리사무소, 묶음 좌표에서 614m)"
WC041982,중앙공원(중앙광장),37.3752108869768,127.124765718941,A,kakao_place_bldg,17807903,분당중앙공원 중앙광장,0.89,"캠퍼스·단지 건물 좌표(구분어 광장, 묶음 좌표에서 649m)"
WC041981,중앙공원(황새울광장),37.380358373229,127.12048367931,A,kakao_place_bldg,986011788,분당중앙공원 황새울광장,0.9,"캠퍼스·단지 건물 좌표(구분어 황새울광장, 묶음 좌표에서 62m)"
WC005677,미추홀공원(누각 옆),37.38303798091779,126.64747035530407,A,kakao_place_bldg,818977978,미추홀공원(누각 옆) 공중화장실,0.76,"캠퍼스·단지 건물 좌표(구분어 누각옆, 묶음 좌표에서 193m)"
WC005676,미추홀공원(다례원 옆),37.38126982962878,126.65222087448932,A,kakao_place_bldg,818946030,미추홀공원(다례원 옆) 공중화장실,0.78,"캠퍼스·단지 건물 좌표(구분어 다례원옆, 묶음 좌표에서 271m)"
WC005675,미추홀공원(다례원 내),37.38055605848943,126.65277855612568,A,kakao_place_bldg,818949456,미추홀공원(다례원 내) 공중화장실,0.78,"캠퍼스·단지 건물 좌표(구분어 다례원내, 묶음 좌표에서 354m)"
WC005686,센트럴파크(방문자 센터),37.3922218933794,126.636110944548,A,kakao_place_bldg,813711138,센트럴파크(방문자 센터) 공중화장실,0.8,"캠퍼스·단지 건물 좌표(구분어 방문자센터, 묶음 좌표에서 406m)"
WC005691,새아침공원(생태교육관 내),37.39611107333046,126.65611060637842,A,kakao_place_bldg,818779502,새아침공원(생태교육관 내) 공중화장실,0.81,"캠퍼스·단지 건물 좌표(구분어 새아침공원생태교육관내, 묶음 좌표에서 301m)"
WC005689,"새아침공원(이동식, 도서관옆)",37.39777769419119,126.65416728041401,A,kakao_place_bldg,818757120,"새아침공원(이동식, 도서관옆) 공중화장실",0.83,"캠퍼스·단지 건물 좌표(구분어 새아침공원이동식도서관옆, 묶음 좌표에서 51m)"
WC005698,달빛공원(이동식-다목적운동장),37.400833238399464,126.65055610409006,A,kakao_place_bldg,819832754,달빛공원(이동식 다목적운동장) 공중화장실,0.81,"캠퍼스·단지 건물 좌표(구분어 달빛공원이동식다목적운동장, 묶음 좌표에서 558m)"
WC005545,송도파크골프장(이동식),37.3963892247523,126.659444253774,A,kakao_place_bldg,802412106,송도파크골프장(이동식) 공중화장실,0.8,"캠퍼스·단지 건물 좌표(구분어 송도파크골프장이동식, 묶음 좌표에서 399m)"
WC041874,성남아트센터(사무동),37.4027174769028,127.131262624979,A,kakao_place_bldg,17578092,성남아트센터 사무동,1.0,"캠퍼스·단지 건물 좌표(구분어 사무동, 묶음 좌표에서 68m)"
WC041872,성남아트센터(콘서트홀),37.4033544924815,127.132076933942,A,kakao_place_bldg,18059986,성남아트센터 콘서트홀,1.0,"캠퍼스·단지 건물 좌표(구분어 콘서트홀, 묶음 좌표에서 141m)"
WC041871,성남아트센터(앙상블시어터),37.4024839025188,127.130638773128,A,kakao_place_bldg,7987128,성남아트센터 앙상블시어터,1.0,"캠퍼스·단지 건물 좌표(구분어 앙상블시어터, 묶음 좌표에서 53m)"
WC003102,안양종합운동장 체육관,37.4050604844652,126.94845109346,A,kakao_place_bldg,17358155,안양종합운동장 실내체육관,0.91,"캠퍼스·단지 건물 좌표(구분어 체육관, 묶음 좌표에서 139m)"
WC003098,안양종합운동장 빙상장,37.4045165091586,126.949007160183,A,kakao_place_bldg,11487194,안양도시공사 빙상장,0.53,"캠퍼스·단지 건물 좌표(구분어 빙상장, 묶음 좌표에서 199m)"
WC005695,달빛축제공원(기와화장실),37.40777762661689,126.63222252057932,A,kakao_place_bldg,819828277,달빛축제공원(기와화장실) 공중화장실,0.67,"캠퍼스·단지 건물 좌표(구분어 기와, 묶음 좌표에서 27m)"
WC005694,달빛축제공원(이동식 1),37.404999828757084,126.63194356804499,A,kakao_place_bldg,819789492,달빛축제공원(이동식 1) 공중화장실,0.8,"캠퍼스·단지 건물 좌표(구분어 이동식, 묶음 좌표에서 321m)"
WC005693,달빛축제공원(이동식 2),37.404722047861945,126.63388872151079,A,kakao_place_bldg,819773305,달빛축제공원(이동식 2) 공중화장실,0.8,"캠퍼스·단지 건물 좌표(구분어 이동식, 묶음 좌표에서 369m)"
WC005692,달빛축제공원(공연장사이),37.40555568402418,126.63249993620181,A,kakao_place_bldg,819828852,달빛축제공원(공연장사이) 공중화장실,0.81,"캠퍼스·단지 건물 좌표(구분어 공연장사이, 묶음 좌표에서 256m)"
WC041771,탄천종합운동장 스포츠센터 1층,37.4093431623124,127.119771037198,A,kakao_place_bldg,24537473,탄천스포츠센터 골프연습장,0.58,"캠퍼스·단지 건물 좌표(구분어 스포츠센터, 묶음 좌표에서 293m)"
WC041769,탄천종합운동장 주경기장 1층,37.4104126665704,127.120662823288,A,kakao_place_bldg,17736126,탄천종합운동장 주경기장,1.0,"캠퍼스·단지 건물 좌표(구분어 주경기장, 묶음 좌표에서 165m)"
WC041768,탄천종합운동장 체육회관 1층,37.4097577952413,127.119609043885,A,kakao_place_bldg,23809360,탄천종합운동장 체육회관,1.0,"캠퍼스·단지 건물 좌표(구분어 체육회관, 묶음 좌표에서 253m)"
WC041776,성남종합운동장 씨름장,37.433839899090245,127.13883417429969,A,kakao_place_bldg,17577988,성남종합운동장 씨름장,1.0,"캠퍼스·단지 건물 좌표(구분어 씨름장, 묶음 좌표에서 234m)"
WC041775,성남종합운동장 하키장,37.432089289135,127.138780096725,A,kakao_place_bldg,11585322,성남종합운동장 하키장,1.0,"캠퍼스·단지 건물 좌표(구분어 하키장, 묶음 좌표에서 69m)"
WC014828,인천터미널역,37.4419166733897,126.699694889876,A,kakao_place_bldg,21161098,인천터미널역 인천1호선,0.71,"캠퍼스·단지 건물 좌표(구분어 인천터미널역, 묶음 좌표에서 174m)"
WC015119,남동구의회,37.4469655824057,126.730969266008,A,kakao_place_bldg,8052887,인천광역시 남동구의회,0.67,"캠퍼스·단지 건물 좌표(구분어 의회, 묶음 좌표에서 54m)"
WC015024,인천광역시청(본관),37.454946149026,126.702171089225,A,kakao_place_bldg,1476795255,연세 와병원 본관,0.27,"캠퍼스·단지 건물 좌표(구분어 본관, 묶음 좌표에서 299m)"
WC015022,인천광역시청(통합데이터센터),37.4553786014656,126.704311141316,A,kakao_place_bldg,18668047,인천광역시청 인천시통합데이터센터,0.9,"캠퍼스·단지 건물 좌표(구분어 통합데이터센터, 묶음 좌표에서 112m)"
WC040619,인천대공원(건강마당),37.4563664652522,126.756614554293,A,kakao_place_bldg,17557702,인천대공원 건강마당,1.0,"캠퍼스·단지 건물 좌표(구분어 건강마당, 묶음 좌표에서 479m)"
WC040618,인천대공원(개울숲),37.45466835497562,126.75763498617233,A,kakao_place_bldg,1045747011,인천대공원 진달래피는개울숲,0.76,"캠퍼스·단지 건물 좌표(구분어 개울숲, 묶음 좌표에서 664m)"
WC015018,인천대공원(환경미래관),37.45765458141558,126.75909242114986,A,kakao_place_bldg,17558638,인천대공원 환경미래관,1.0,"캠퍼스·단지 건물 좌표(구분어 환경미래관, 묶음 좌표에서 638m)"
WC014942,인천전자마이스터고등학교,37.47545824382999,126.65257851675017,A,kakao_place_bldg,8046975,인천전자마이스터고등학교,1.0,"캠퍼스·단지 건물 좌표(구분어 인천전자마이스터고등학교, 묶음 좌표에서 174m)"
WC014925,인천소방고등학교,37.473064621377,126.653618337564,A,kakao_place_bldg,467178988,인천소방고등학교,1.0,"캠퍼스·단지 건물 좌표(구분어 인천소방고등학교, 묶음 좌표에서 176m)"
WC014913,인천대중예술고등학교,37.47483509485146,126.6520839762689,A,kakao_place_bldg,873033273,인천대중예술고등학교,1.0,"캠퍼스·단지 건물 좌표(구분어 인천대중예술고등학교, 묶음 좌표에서 97m)"
WC014644,작은 도서관(5층),37.4754014462895,126.636689324529,A,kakao_place_bldg,1485570784,파크푸르지오푸른작은도서관,0.56,"캠퍼스·단지 건물 좌표(구분어 작은도서관, 묶음 좌표에서 157m)"
WC019957,스타필드시티위례점 화장실 (9층),37.480651433338,127.14818264204442,A,kakao_place_bldg,77867875,컬럼비아유니버시티 스타필드시티 위례점,0.67,"캠퍼스·단지 건물 좌표(구분어 스타필드시티위례점, 묶음 좌표에서 61m)"
WC019956,스타필드시티위례점 화장실 (8층),37.480651433338,127.14818264204442,A,kakao_place_bldg,77867875,컬럼비아유니버시티 스타필드시티 위례점,0.67,"캠퍼스·단지 건물 좌표(구분어 스타필드시티위례점, 묶음 좌표에서 61m)"
WC019955,스타필드시티위례점 화장실 (7층),37.480651433338,127.14818264204442,A,kakao_place_bldg,77867875,컬럼비아유니버시티 스타필드시티 위례점,0.67,"캠퍼스·단지 건물 좌표(구분어 스타필드시티위례점, 묶음 좌표에서 61m)"
WC019954,스타필드시티위례점 화장실 (6층),37.480651433338,127.14818264204442,A,kakao_place_bldg,77867875,컬럼비아유니버시티 스타필드시티 위례점,0.67,"캠퍼스·단지 건물 좌표(구분어 스타필드시티위례점, 묶음 좌표에서 61m)"
WC019953,스타필드시티위례점 화장실 (5층),37.480651433338,127.14818264204442,A,kakao_place_bldg,77867875,컬럼비아유니버시티 스타필드시티 위례점,0.67,"캠퍼스·단지 건물 좌표(구분어 스타필드시티위례점, 묶음 좌표에서 61m)"
WC019952,스타필드시티위례점 화장실 (4층),37.480651433338,127.14818264204442,A,kakao_place_bldg,77867875,컬럼비아유니버시티 스타필드시티 위례점,0.67,"캠퍼스·단지 건물 좌표(구분어 스타필드시티위례점, 묶음 좌표에서 61m)"
WC019951,스타필드시티위례점 화장실 (3층),37.480651433338,127.14818264204442,A,kakao_place_bldg,77867875,컬럼비아유니버시티 스타필드시티 위례점,0.67,"캠퍼스·단지 건물 좌표(구분어 스타필드시티위례점, 묶음 좌표에서 61m)"
WC019950,스타필드시티위례점 화장실 (2층),37.480651433338,127.14818264204442,A,kakao_place_bldg,77867875,컬럼비아유니버시티 스타필드시티 위례점,0.67,"캠퍼스·단지 건물 좌표(구분어 스타필드시티위례점, 묶음 좌표에서 61m)"
WC019949,스타필드시티위례점 화장실 (1층),37.480651433338,127.14818264204442,A,kakao_place_bldg,77867875,컬럼비아유니버시티 스타필드시티 위례점,0.67,"캠퍼스·단지 건물 좌표(구분어 스타필드시티위례점, 묶음 좌표에서 61m)"
WC019948,스타필드시티위례점 화장실 (지하1층),37.480651433338,127.14818264204442,A,kakao_place_bldg,77867875,컬럼비아유니버시티 스타필드시티 위례점,0.67,"캠퍼스·단지 건물 좌표(구분어 스타필드시티위례점, 묶음 좌표에서 61m)"
WC019947,스타필드시티위례점 화장실 (지하4층),37.480651433338,127.14818264204442,A,kakao_place_bldg,77867875,컬럼비아유니버시티 스타필드시티 위례점,0.67,"캠퍼스·단지 건물 좌표(구분어 스타필드시티위례점, 묶음 좌표에서 61m)"
WC019946,스타필드시티위례점 화장실 (지하5층),37.480651433338,127.14818264204442,A,kakao_place_bldg,77867875,컬럼비아유니버시티 스타필드시티 위례점,0.67,"캠퍼스·단지 건물 좌표(구분어 스타필드시티위례점, 묶음 좌표에서 61m)"
WC019945,스타필드시티위례점 화장실 (지하6층),37.480651433338,127.14818264204442,A,kakao_place_bldg,77867875,컬럼비아유니버시티 스타필드시티 위례점,0.67,"캠퍼스·단지 건물 좌표(구분어 스타필드시티위례점, 묶음 좌표에서 61m)"
WC019657,스타필드시티위례점 화장실 (9층),37.480651433338,127.14818264204442,A,kakao_place_bldg,77867875,컬럼비아유니버시티 스타필드시티 위례점,0.67,"캠퍼스·단지 건물 좌표(구분어 스타필드시티위례점, 묶음 좌표에서 61m)"
WC019656,스타필드시티위례점 화장실 (8층),37.480651433338,127.14818264204442,A,kakao_place_bldg,77867875,컬럼비아유니버시티 스타필드시티 위례점,0.67,"캠퍼스·단지 건물 좌표(구분어 스타필드시티위례점, 묶음 좌표에서 61m)"
WC019655,스타필드시티위례점 화장실 (7층),37.480651433338,127.14818264204442,A,kakao_place_bldg,77867875,컬럼비아유니버시티 스타필드시티 위례점,0.67,"캠퍼스·단지 건물 좌표(구분어 스타필드시티위례점, 묶음 좌표에서 61m)"
WC019654,스타필드시티위례점 화장실 (6층),37.480651433338,127.14818264204442,A,kakao_place_bldg,77867875,컬럼비아유니버시티 스타필드시티 위례점,0.67,"캠퍼스·단지 건물 좌표(구분어 스타필드시티위례점, 묶음 좌표에서 61m)"
WC019653,스타필드시티위례점 화장실 (5층),37.480651433338,127.14818264204442,A,kakao_place_bldg,77867875,컬럼비아유니버시티 스타필드시티 위례점,0.67,"캠퍼스·단지 건물 좌표(구분어 스타필드시티위례점, 묶음 좌표에서 61m)"
WC019652,스타필드시티위례점 화장실 (4층),37.480651433338,127.14818264204442,A,kakao_place_bldg,77867875,컬럼비아유니버시티 스타필드시티 위례점,0.67,"캠퍼스·단지 건물 좌표(구분어 스타필드시티위례점, 묶음 좌표에서 61m)"
WC019651,스타필드시티위례점 화장실 (3층),37.480651433338,127.14818264204442,A,kakao_place_bldg,77867875,컬럼비아유니버시티 스타필드시티 위례점,0.67,"캠퍼스·단지 건물 좌표(구분어 스타필드시티위례점, 묶음 좌표에서 61m)"
WC019650,스타필드시티위례점 화장실 (2층),37.480651433338,127.14818264204442,A,kakao_place_bldg,77867875,컬럼비아유니버시티 스타필드시티 위례점,0.67,"캠퍼스·단지 건물 좌표(구분어 스타필드시티위례점, 묶음 좌표에서 61m)"
WC019649,스타필드시티위례점 화장실 (1층),37.480651433338,127.14818264204442,A,kakao_place_bldg,77867875,컬럼비아유니버시티 스타필드시티 위례점,0.67,"캠퍼스·단지 건물 좌표(구분어 스타필드시티위례점, 묶음 좌표에서 61m)"
WC019648,스타필드시티위례점 화장실 (지하1층),37.480651433338,127.14818264204442,A,kakao_place_bldg,77867875,컬럼비아유니버시티 스타필드시티 위례점,0.67,"캠퍼스·단지 건물 좌표(구분어 스타필드시티위례점, 묶음 좌표에서 61m)"
WC019647,스타필드시티위례점 화장실 (지하4층),37.480651433338,127.14818264204442,A,kakao_place_bldg,77867875,컬럼비아유니버시티 스타필드시티 위례점,0.67,"캠퍼스·단지 건물 좌표(구분어 스타필드시티위례점, 묶음 좌표에서 61m)"
WC019646,스타필드시티위례점 화장실 (지하5층),37.480651433338,127.14818264204442,A,kakao_place_bldg,77867875,컬럼비아유니버시티 스타필드시티 위례점,0.67,"캠퍼스·단지 건물 좌표(구분어 스타필드시티위례점, 묶음 좌표에서 61m)"
WC019645,스타필드시티위례점 화장실 (지하6층),37.480651433338,127.14818264204442,A,kakao_place_bldg,77867875,컬럼비아유니버시티 스타필드시티 위례점,0.67,"캠퍼스·단지 건물 좌표(구분어 스타필드시티위례점, 묶음 좌표에서 61m)"
WC014453,씨사이드파크 관리사무소,37.481932294492665,126.56603147418821,A,kakao_place_bldg,2112619944,씨사이드파크 관리사무소,1.0,"캠퍼스·단지 건물 좌표(구분어 씨사이드파크관리사무소, 묶음 좌표에서 28m)"
WC004929,청사화장실(1층),37.49374374320016,126.91695391788363,A,kakao_place_bldg,11486616,기상청 서울청사,0.44,"캠퍼스·단지 건물 좌표(구분어 청사, 묶음 좌표에서 258m)"
WC004836,놀이터화장실,37.4910180152422,126.917983666218,A,kakao_place_bldg,17556577,보라매공원 어린이놀이터,0.43,"캠퍼스·단지 건물 좌표(구분어 놀이터, 묶음 좌표에서 451m)"
WC004834,정문화장실,37.4987297400532,126.923363860438,A,kakao_place_bldg,1961668627,보라매코오롱하늘채아파트 정문,0.25,"캠퍼스·단지 건물 좌표(구분어 정문, 묶음 좌표에서 547m)"
WC004833,동문화장실,37.4933401122602,126.922280411593,A,kakao_place_bldg,1303239231,보라매공원 동문화장실,0.33,"캠퍼스·단지 건물 좌표(구분어 동문, 묶음 좌표에서 301m)"
WC002582,마루공원 원형 화장실,37.4964389467763,127.081330186387,A,kakao_place_bldg,27275528,마루공원 원형광장,0.86,"캠퍼스·단지 건물 좌표(구분어 마루공원원형, 묶음 좌표에서 180m)"
WC004921,국립서울현충원 유품전시관,37.5005516535036,126.976925024056,A,kakao_place_bldg,17985103,국립서울현충원 유품전시관,1.0,"캠퍼스·단지 건물 좌표(구분어 유품전시관, 묶음 좌표에서 154m)"
WC004920,국립서울현충원 호국전시관,37.5015916972943,126.97842204233645,A,kakao_place_bldg,17985109,국립서울현충원 호국전시관,1.0,"캠퍼스·단지 건물 좌표(구분어 호국전시관, 묶음 좌표에서 197m)"
WC004919,국립서울현충원 현충관,37.5007826039167,126.978476558753,A,kakao_place_bldg,10986409,국립서울현충원 현충관,1.0,"캠퍼스·단지 건물 좌표(구분어 현충관, 묶음 좌표에서 107m)"
WC004823,국립서울현충원 정국교화장실,37.500536839766184,126.97497195691521,A,kakao_place_bldg,23583002,정국교,0.46,"캠퍼스·단지 건물 좌표(구분어 정국교, 묶음 좌표에서 313m)"
WC004822,국립서울현충원 호국종화장실,37.5025761885212,126.97259065794,A,kakao_place_bldg,17985098,국립서울현충원 호국종,1.0,"캠퍼스·단지 건물 좌표(구분어 호국종, 묶음 좌표에서 598m)"
WC004821,국립서울현충원 정문화장실,37.5036472062595,126.975422168197,A,kakao_place_bldg,27299111,국립서울현충원 정문,1.0,"캠퍼스·단지 건물 좌표(구분어 정문, 묶음 좌표에서 500m)"
WC004913,국립서울현충원 만남의집,37.50218583878068,126.97573025995902,A,kakao_place_bldg,23340906,국립서울현충원 만남의집,1.0,"캠퍼스·단지 건물 좌표(구분어 만남의집, 묶음 좌표에서 353m)"
WC039556,오금공원4(배드민턴장)화장실,37.502092826992,127.131309732445,A,kakao_place_bldg,940592097,오금공원4 배드민턴장 개방화장실,0.8,"캠퍼스·단지 건물 좌표(구분어 배드민턴장, 묶음 좌표에서 187m)"
WC039555,오금공원3(다목적경기장) 화장실,37.5051486219321,127.131681519618,A,kakao_place_bldg,64616625,오금공원3 다목적경기장 개방화장실,0.81,"캠퍼스·단지 건물 좌표(구분어 다목적경기장, 묶음 좌표에서 525m)"
WC011596,주차공원 공중화장실,37.50382881481931,126.97799050505957,A,kakao_place_bldg,7847035,동작주차공원,0.8,"캠퍼스·단지 건물 좌표(구분어 주차공원, 묶음 좌표에서 85m)"
WC004873,주차공원 공중화장실,37.50382881481931,126.97799050505957,A,kakao_place_bldg,7847035,동작주차공원,0.8,"캠퍼스·단지 건물 좌표(구분어 주차공원, 묶음 좌표에서 85m)"
WC015474,신트리공원(테니스장),37.5067822450057,126.726524829861,A,kakao_place_bldg,11521465,신트리공원 테니스장,1.0,"캠퍼스·단지 건물 좌표(구분어 신트리공원테니스장, 묶음 좌표에서 256m)"
WC015473,신트리공원(축구장),37.5065296833885,126.724851884031,A,kakao_place_bldg,27575726,신트리공원 축구장,1.0,"캠퍼스·단지 건물 좌표(구분어 신트리공원축구장, 묶음 좌표에서 107m)"
WC039621,롯데하이마트월드타워점,37.51394583628472,127.10487732067342,A,kakao_place_bldg,25133695,롯데하이마트 월드타워점,1.0,"캠퍼스·단지 건물 좌표(구분어 하이마트월드타워점, 묶음 좌표에서 57m)"
WC039620,롯데월드몰,37.5136519138098,127.104079482694,A,kakao_place_bldg,14650655,롯데월드타워&롯데월드몰,0.59,"캠퍼스·단지 건물 좌표(구분어 월드몰, 묶음 좌표에서 21m)"
WC039619,롯데백화점 에비뉴엘월드타워점,37.51291415254413,127.10182758798274,A,kakao_place_bldg,26332163,롯데백화점 에비뉴엘월드타워점 개방화장실,0.85,"캠퍼스·단지 건물 좌표(구분어 백화점에비뉴엘월드타워점, 묶음 좌표에서 236m)"
WC039618,롯데마트 월드타워점,37.5142854609652,127.104937744821,A,kakao_place_bldg,825035806,롯데마트 월드타워점 개방화장실,0.78,"캠퍼스·단지 건물 좌표(구분어 마트월드타워점, 묶음 좌표에서 85m)"
WC011577,노들나루,37.5137210973178,126.953615720558,A,kakao_place_bldg,24894850,노들나루공원,0.8,"캠퍼스·단지 건물 좌표(구분어 노들나루, 묶음 좌표에서 138m)"
WC004841,노들나루공원,37.5137210973178,126.953615720558,A,kakao_place_bldg,24894850,노들나루공원,1.0,"캠퍼스·단지 건물 좌표(구분어 노들나루공원, 묶음 좌표에서 138m)"
WC046169,동해웰빙레포츠타운 동해체육관,37.5174992248055,129.099329023985,A,kakao_place_bldg,11512523,동해체육관,0.53,"캠퍼스·단지 건물 좌표(구분어 동해체육관, 묶음 좌표에서 303m)"
WC046167,동해웰빙레포츠타운 생활체육공원,37.5148514452512,129.09888387788,A,kakao_place_bldg,11512548,동해생활체육공원,0.7,"캠퍼스·단지 건물 좌표(구분어 생활체육공원, 묶음 좌표에서 325m)"
WC046161,동해웰빙레포츠타운 테니스장,37.5168272747919,129.100843762773,A,kakao_place_bldg,17580980,동해 웰빙레포츠타운 테니스장,1.0,"캠퍼스·단지 건물 좌표(구분어 테니스장, 묶음 좌표에서 150m)"
WC046160,동해웰빙레포츠타운 하키장,37.518670110848,129.098733016028,A,kakao_place_bldg,477250149,동해웰빙레포츠타운 하키장 2구장,0.89,"캠퍼스·단지 건물 좌표(구분어 하키장, 묶음 좌표에서 425m)"
WC039748,잠실야구장,37.5121513808403,127.071909507224,A,kakao_place_bldg,20740490,잠실종합운동장 잠실야구장,0.59,"캠퍼스·단지 건물 좌표(구분어 잠실야구장, 묶음 좌표에서 574m)"
WC039746,잠실실내체육관 매표소 앞,37.5157126854505,127.076781320772,A,kakao_place_bldg,26332460,잠실실내체육관 매표소 앞 개방화장실,0.81,"캠퍼스·단지 건물 좌표(구분어 잠실실내체육관매표소앞, 묶음 좌표에서 92m)"
WC039745,잠실실내체육관 나들목 앞,37.5157140972529,127.074577875057,A,kakao_place_bldg,26332267,잠실실내체육관 나들목 앞 개방화장실,0.81,"캠퍼스·단지 건물 좌표(구분어 잠실실내체육관나들목앞, 묶음 좌표에서 132m)"
WC039744,잠실실내체육관,37.5156406375595,127.076731477153,A,kakao_place_bldg,26336213,잠실실내체육관 개방화장실,0.74,"캠퍼스·단지 건물 좌표(구분어 잠실실내체육관, 묶음 좌표에서 93m)"
WC039743,잠실보조경기장,37.5171219243776,127.070905286874,A,kakao_place_bldg,26333824,잠실보조경기장 개방화장실,0.74,"캠퍼스·단지 건물 좌표(구분어 잠실보조경기장, 묶음 좌표에서 456m)"
WC039735,잠실주경기장 야구장 앞,37.5120858509399,127.072981706588,A,kakao_place_bldg,26333197,잠실주경기장 야구장 앞 개방화장실,0.8,"캠퍼스·단지 건물 좌표(구분어 잠실주경기장야구장앞, 묶음 좌표에서 527m)"
WC039734,잠실주경기장 남직문외곽,37.5148182487239,127.072079471665,A,kakao_place_bldg,26335068,잠실주경기장 남직문외곽 개방화장실,0.81,"캠퍼스·단지 건물 좌표(구분어 잠실주경기장남직문외곽, 묶음 좌표에서 374m)"
WC039733,잠실주경기장,37.51571049466941,127.0745756092065,A,kakao_place_bldg,26335673,잠실주경기장 개방화장실,0.71,"캠퍼스·단지 건물 좌표(구분어 잠실주경기장, 묶음 좌표에서 132m)"
WC011203,양천근린공원 책쉼터,37.51854295695263,126.86833114421596,A,kakao_place_bldg,377855858,양천근린공원 책쉼터,1.0,"캠퍼스·단지 건물 좌표(구분어 책쉼터, 묶음 좌표에서 34m)"
WC011008,양천근린공원 책쉼터,37.51854295695263,126.86833114421596,A,kakao_place_bldg,377855858,양천근린공원 책쉼터,1.0,"캠퍼스·단지 건물 좌표(구분어 책쉼터, 묶음 좌표에서 34m)"
WC010813,양천근린공원 책쉼터,37.51854295695263,126.86833114421596,A,kakao_place_bldg,377855858,양천근린공원 책쉼터,1.0,"캠퍼스·단지 건물 좌표(구분어 책쉼터, 묶음 좌표에서 34m)"
WC009341,용산가족공원 주차장 화장실,37.52340777088815,126.97874721687232,A,kakao_place_bldg,17558861,국립중앙박물관 업무용주차장,0.36,"캠퍼스·단지 건물 좌표(구분어 주차장, 묶음 좌표에서 601m)"
WC004670,용산가족공원 주차장 화장실,37.52340777088815,126.97874721687232,A,kakao_place_bldg,17558861,국립중앙박물관 업무용주차장,0.36,"캠퍼스·단지 건물 좌표(구분어 주차장, 묶음 좌표에서 601m)"
WC011183,해맞이공영주차장,37.520177619987386,126.83482666213685,A,kakao_place_bldg,27402523,해맞이공영주차장,1.0,"캠퍼스·단지 건물 좌표(구분어 해맞이공영주차장, 묶음 좌표에서 38m)"
WC010988,해맞이공영주차장,37.520177619987386,126.83482666213685,A,kakao_place_bldg,27402523,해맞이공영주차장,1.0,"캠퍼스·단지 건물 좌표(구분어 해맞이공영주차장, 묶음 좌표에서 38m)"
WC010793,해맞이공영주차장,37.520177619987386,126.83482666213685,A,kakao_place_bldg,27402523,해맞이공영주차장,1.0,"캠퍼스·단지 건물 좌표(구분어 해맞이공영주차장, 묶음 좌표에서 38m)"
WC019860,하남경찰서 종합민원실 화장실,37.523144023819334,127.22451813646639,A,kakao_place_bldg,885100112,무인민원발급창구 하남경찰서 종합민원실,0.71,"캠퍼스·단지 건물 좌표(구분어 종합민원실, 묶음 좌표에서 54m)"
WC019560,하남경찰서 종합민원실 화장실,37.523144023819334,127.22451813646639,A,kakao_place_bldg,885100112,무인민원발급창구 하남경찰서 종합민원실,0.71,"캠퍼스·단지 건물 좌표(구분어 종합민원실, 묶음 좌표에서 54m)"
WC039922,보훈의학연구소 1층 화장실,37.52872114932263,127.14728776855682,A,kakao_place_bldg,428571356,중앙보훈병원 보훈의학연구소,0.7,"캠퍼스·단지 건물 좌표(구분어 보훈의학연구소, 묶음 좌표에서 63m)"
WC009347,용산역,37.5300763645794,126.964824061815,A,kakao_place_bldg,8014275,용산역,1.0,"캠퍼스·단지 건물 좌표(구분어 용산역, 묶음 좌표에서 35m)"
WC009308,HDC아이파크몰,37.52891115423914,126.96410847552836,A,kakao_place_bldg,1700944401,야마하 HDC아이파크몰직영점,0.73,"캠퍼스·단지 건물 좌표(구분어 HDC아이파크몰, 묶음 좌표에서 111m)"
WC004699,용산역,37.5300763645794,126.964824061815,A,kakao_place_bldg,8014275,용산역,1.0,"캠퍼스·단지 건물 좌표(구분어 용산역, 묶음 좌표에서 35m)"
WC004698,HDC아이파크몰,37.52891115423914,126.96410847552836,A,kakao_place_bldg,1700944401,야마하 HDC아이파크몰직영점,0.73,"캠퍼스·단지 건물 좌표(구분어 HDC아이파크몰, 묶음 좌표에서 111m)"
WC011264,목동야구장,37.5308468742028,126.880908355436,A,kakao_place_bldg,10330240,목동운동장 목동야구장,0.67,"캠퍼스·단지 건물 좌표(구분어 야구장, 묶음 좌표에서 148m)"
WC011263,목동주경기장,37.5304813965458,126.883040410551,A,kakao_place_bldg,7868092,목동운동장 주경기장,0.8,"캠퍼스·단지 건물 좌표(구분어 주경기장, 묶음 좌표에서 337m)"
WC011069,목동야구장,37.5308468742028,126.880908355436,A,kakao_place_bldg,10330240,목동운동장 목동야구장,0.67,"캠퍼스·단지 건물 좌표(구분어 야구장, 묶음 좌표에서 148m)"
WC011068,목동주경기장,37.5304813965458,126.883040410551,A,kakao_place_bldg,7868092,목동운동장 주경기장,0.8,"캠퍼스·단지 건물 좌표(구분어 주경기장, 묶음 좌표에서 337m)"
WC010874,목동야구장,37.5308468742028,126.880908355436,A,kakao_place_bldg,10330240,목동운동장 목동야구장,0.67,"캠퍼스·단지 건물 좌표(구분어 야구장, 묶음 좌표에서 148m)"
WC010873,목동주경기장,37.5304813965458,126.883040410551,A,kakao_place_bldg,7868092,목동운동장 주경기장,0.8,"캠퍼스·단지 건물 좌표(구분어 주경기장, 묶음 좌표에서 337m)"
WC009338,용산구의회,37.5321426971677,126.990315375587,A,kakao_place_bldg,10621460,용산구의회,1.0,"캠퍼스·단지 건물 좌표(구분어 의회, 묶음 좌표에서 37m)"
WC004778,용산구의회,37.5321426971677,126.990315375587,A,kakao_place_bldg,10621460,용산구의회,1.0,"캠퍼스·단지 건물 좌표(구분어 의회, 묶음 좌표에서 37m)"
WC002105,광진구보건소,37.53585325582953,127.0877429624476,A,kakao_place_bldg,8211779,광진구보건소,1.0,"캠퍼스·단지 건물 좌표(구분어 보건소, 묶음 좌표에서 594m)"
WC009266,꿈나무종합타운,37.538825237814386,126.9653494860513,A,kakao_place_bldg,1975933680,용산꿈나무종합타운,0.88,"캠퍼스·단지 건물 좌표(구분어 꿈나무종합타운, 묶음 좌표에서 31m)"
WC004763,꿈나무종합타운,37.538825237814386,126.9653494860513,A,kakao_place_bldg,1975933680,용산꿈나무종합타운,0.88,"캠퍼스·단지 건물 좌표(구분어 꿈나무종합타운, 묶음 좌표에서 31m)"
WC019965,보건소 화장실(1층),37.5390823340376,127.215529885574,A,kakao_place_bldg,8620329,하남시보건소,0.67,"캠퍼스·단지 건물 좌표(구분어 보건소, 묶음 좌표에서 73m)"
WC019964,보건소 화장실(2층),37.5390823340376,127.215529885574,A,kakao_place_bldg,8620329,하남시보건소,0.67,"캠퍼스·단지 건물 좌표(구분어 보건소, 묶음 좌표에서 73m)"
WC019795,하남시청 본관 지하,37.539422072973,127.215001326498,A,kakao_place_bldg,1332588564,하남시청 본관,1.0,"캠퍼스·단지 건물 좌표(구분어 하남시청본관, 묶음 좌표에서 22m)"
WC019794,하남시청 본관 1층,37.539422072973,127.215001326498,A,kakao_place_bldg,1332588564,하남시청 본관,1.0,"캠퍼스·단지 건물 좌표(구분어 하남시청본관, 묶음 좌표에서 22m)"
WC019793,하남시청 본관 2층,37.539422072973,127.215001326498,A,kakao_place_bldg,1332588564,하남시청 본관,1.0,"캠퍼스·단지 건물 좌표(구분어 하남시청본관, 묶음 좌표에서 22m)"
WC019792,하남시청 본관 3층,37.539422072973,127.215001326498,A,kakao_place_bldg,1332588564,하남시청 본관,1.0,"캠퍼스·단지 건물 좌표(구분어 하남시청본관, 묶음 좌표에서 22m)"
WC019791,하남시청 본관 4층,37.539422072973,127.215001326498,A,kakao_place_bldg,1332588564,하남시청 본관,1.0,"캠퍼스·단지 건물 좌표(구분어 하남시청본관, 묶음 좌표에서 22m)"
WC019665,보건소 화장실(1층),37.5390823340376,127.215529885574,A,kakao_place_bldg,8620329,하남시보건소,0.67,"캠퍼스·단지 건물 좌표(구분어 보건소, 묶음 좌표에서 73m)"
WC019664,보건소 화장실(2층),37.5390823340376,127.215529885574,A,kakao_place_bldg,8620329,하남시보건소,0.67,"캠퍼스·단지 건물 좌표(구분어 보건소, 묶음 좌표에서 73m)"
WC019495,하남시청 본관 지하,37.539422072973,127.215001326498,A,kakao_place_bldg,1332588564,하남시청 본관,1.0,"캠퍼스·단지 건물 좌표(구분어 하남시청본관, 묶음 좌표에서 22m)"
WC019494,하남시청 본관 1층,37.539422072973,127.215001326498,A,kakao_place_bldg,1332588564,하남시청 본관,1.0,"캠퍼스·단지 건물 좌표(구분어 하남시청본관, 묶음 좌표에서 22m)"
WC019493,하남시청 본관 2층,37.539422072973,127.215001326498,A,kakao_place_bldg,1332588564,하남시청 본관,1.0,"캠퍼스·단지 건물 좌표(구분어 하남시청본관, 묶음 좌표에서 22m)"
WC019492,하남시청 본관 3층,37.539422072973,127.215001326498,A,kakao_place_bldg,1332588564,하남시청 본관,1.0,"캠퍼스·단지 건물 좌표(구분어 하남시청본관, 묶음 좌표에서 22m)"
WC019491,하남시청 본관 4층,37.539422072973,127.215001326498,A,kakao_place_bldg,1332588564,하남시청 본관,1.0,"캠퍼스·단지 건물 좌표(구분어 하남시청본관, 묶음 좌표에서 22m)"
WC000394,선유도공원 이야기관 지하,37.5431550471226,126.900976006096,A,kakao_place_bldg,26583145,선유도공원 이야기관,1.0,"캠퍼스·단지 건물 좌표(구분어 이야기관, 묶음 좌표에서 114m)"
WC000393,선유도공원 이야기관 1층,37.5431550471226,126.900976006096,A,kakao_place_bldg,26583145,선유도공원 이야기관,1.0,"캠퍼스·단지 건물 좌표(구분어 이야기관, 묶음 좌표에서 114m)"
WC009366,서울숲 곤충식물원(내부) 화장실,37.5413196089865,127.039127961197,A,kakao_place_bldg,26332224,곤충식물원내부 개방화장실,0.64,"캠퍼스·단지 건물 좌표(구분어 곤충식물원내부, 묶음 좌표에서 305m)"
WC009365,서울숲 커뮤니티센터(2층) 화장실,37.5447365912942,127.037925754844,A,kakao_place_bldg,27067767,서울숲커뮤니티센터,1.0,"캠퍼스·단지 건물 좌표(구분어 커뮤니티센터, 묶음 좌표에서 389m)"
WC009364,서울숲 커뮤니티센터(1층) 화장실,37.5447365912942,127.037925754844,A,kakao_place_bldg,27067767,서울숲커뮤니티센터,1.0,"캠퍼스·단지 건물 좌표(구분어 커뮤니티센터, 묶음 좌표에서 389m)"
WC009361,서울숲 숲속놀이터 화장실,37.5433990510344,127.039323674774,A,kakao_place_bldg,17558046,서울숲 숲속놀이터,1.0,"캠퍼스·단지 건물 좌표(구분어 숲속놀이터, 묶음 좌표에서 221m)"
WC009360,서울숲 주차장 화장실,37.5415562208691,127.042739907898,A,kakao_place_bldg,17562274,서울숲 공영주차장,0.86,"캠퍼스·단지 건물 좌표(구분어 주차장, 묶음 좌표에서 188m)"
WC009359,서울숲 생태숲 화장실,37.5426868413038,127.034928396963,A,kakao_place_bldg,26333140,생태숲 개방화장실,0.43,"캠퍼스·단지 건물 좌표(구분어 생태숲, 묶음 좌표에서 607m)"
WC009358,서울숲 곤충식물원 화장실,37.5414277019142,127.039209487238,A,kakao_place_bldg,13127878,서울숲 곤충식물원,1.0,"캠퍼스·단지 건물 좌표(구분어 곤충식물원, 묶음 좌표에서 292m)"
WC009357,서울숲 습지생태원 화장실,37.54856732565578,127.03888844908708,A,kakao_place_bldg,26335596,습지생태원 개방화장실,0.56,"캠퍼스·단지 건물 좌표(구분어 습지생태원, 묶음 좌표에서 663m)"
WC019838,하남문화예술회관 화장실(소극장),37.5440528963652,127.207107288094,A,kakao_place_bldg,17574770,하남문화예술회관 소극장,1.0,"캠퍼스·단지 건물 좌표(구분어 소극장, 묶음 좌표에서 82m)"
WC019837,하남문화예술회관 화장실(상가동),37.5471445251154,127.209487687741,A,kakao_place_bldg,26443290,하남풍산아이파크1단지아파트 상가동,0.36,"캠퍼스·단지 건물 좌표(구분어 상가동, 묶음 좌표에서 354m)"
WC019538,하남문화예술회관 화장실(소극장),37.5440528963652,127.207107288094,A,kakao_place_bldg,17574770,하남문화예술회관 소극장,1.0,"캠퍼스·단지 건물 좌표(구분어 소극장, 묶음 좌표에서 82m)"
WC019537,하남문화예술회관 화장실(상가동),37.5471445251154,127.209487687741,A,kakao_place_bldg,26443290,하남풍산아이파크1단지아파트 상가동,0.36,"캠퍼스·단지 건물 좌표(구분어 상가동, 묶음 좌표에서 354m)"
WC019922,신세계백화점하남 지하1층,37.5458155327584,127.222311626174,A,kakao_place_bldg,72103772,셀린느 신세계백화점 하남점,0.8,"캠퍼스·단지 건물 좌표(구분어 신세계백화점하남, 묶음 좌표에서 151m)"
WC019921,신세계백화점하남 1층,37.5458155327584,127.222311626174,A,kakao_place_bldg,72103772,셀린느 신세계백화점 하남점,0.8,"캠퍼스·단지 건물 좌표(구분어 신세계백화점하남, 묶음 좌표에서 151m)"
WC019920,신세계백화점하남 2층,37.5458155327584,127.222311626174,A,kakao_place_bldg,72103772,셀린느 신세계백화점 하남점,0.8,"캠퍼스·단지 건물 좌표(구분어 신세계백화점하남, 묶음 좌표에서 151m)"
WC019919,신세계백화점하남 3층,37.5458155327584,127.222311626174,A,kakao_place_bldg,72103772,셀린느 신세계백화점 하남점,0.8,"캠퍼스·단지 건물 좌표(구분어 신세계백화점하남, 묶음 좌표에서 151m)"
WC019622,신세계백화점하남 지하1층,37.5458155327584,127.222311626174,A,kakao_place_bldg,72103772,셀린느 신세계백화점 하남점,0.8,"캠퍼스·단지 건물 좌표(구분어 신세계백화점하남, 묶음 좌표에서 151m)"
WC019621,신세계백화점하남 1층,37.5458155327584,127.222311626174,A,kakao_place_bldg,72103772,셀린느 신세계백화점 하남점,0.8,"캠퍼스·단지 건물 좌표(구분어 신세계백화점하남, 묶음 좌표에서 151m)"
WC019620,신세계백화점하남 2층,37.5458155327584,127.222311626174,A,kakao_place_bldg,72103772,셀린느 신세계백화점 하남점,0.8,"캠퍼스·단지 건물 좌표(구분어 신세계백화점하남, 묶음 좌표에서 151m)"
WC019619,신세계백화점하남 3층,37.5458155327584,127.222311626174,A,kakao_place_bldg,72103772,셀린느 신세계백화점 하남점,0.8,"캠퍼스·단지 건물 좌표(구분어 신세계백화점하남, 묶음 좌표에서 151m)"
WC019802,하남유니온타워 3층,37.5472291917696,127.220392092258,A,kakao_place_bldg,24268429,하남유니온타워,1.0,"캠퍼스·단지 건물 좌표(구분어 하남유니온타워, 묶음 좌표에서 76m)"
WC019801,하남유니온타워 1층,37.5472291917696,127.220392092258,A,kakao_place_bldg,24268429,하남유니온타워,1.0,"캠퍼스·단지 건물 좌표(구분어 하남유니온타워, 묶음 좌표에서 76m)"
WC019502,하남유니온타워 3층,37.5472291917696,127.220392092258,A,kakao_place_bldg,24268429,하남유니온타워,1.0,"캠퍼스·단지 건물 좌표(구분어 하남유니온타워, 묶음 좌표에서 76m)"
WC019501,하남유니온타워 1층,37.5472291917696,127.220392092258,A,kakao_place_bldg,24268429,하남유니온타워,1.0,"캠퍼스·단지 건물 좌표(구분어 하남유니온타워, 묶음 좌표에서 76m)"
WC002138,상상나라화장실,37.5508665042994,127.077592558039,A,kakao_place_bldg,1612238355,서울상상나라,0.8,"캠퍼스·단지 건물 좌표(구분어 상상나라, 묶음 좌표에서 164m)"
WC002137,꿈마루화장실,37.5492931396026,127.07928272923,A,kakao_place_bldg,17558625,어린이대공원 꿈마루,0.5,"캠퍼스·단지 건물 좌표(구분어 꿈마루, 묶음 좌표에서 306m)"
WC002136,열대동물관화장실,37.5493455454712,127.081709023119,A,kakao_place_bldg,17562625,서울어린이대공원 열대동물관,0.56,"캠퍼스·단지 건물 좌표(구분어 열대동물관, 묶음 좌표에서 394m)"
WC002135,정문화장실,37.5490787247531,127.076516781246,A,kakao_place_bldg,26334768,서울어린이대공원 정문 개방화장실,0.24,"캠퍼스·단지 건물 좌표(구분어 정문, 묶음 좌표에서 382m)"
WC002134,식물원화장실,37.5486396093988,127.081060959963,A,kakao_place_bldg,7993544,서울어린이대공원 식물원,0.43,"캠퍼스·단지 건물 좌표(구분어 식물원, 묶음 좌표에서 426m)"
WC002133,후문화장실,37.549451325836,127.085022588164,A,kakao_place_bldg,26335849,후문 개방화장실,0.44,"캠퍼스·단지 건물 좌표(구분어 후문, 묶음 좌표에서 620m)"
WC002131,동물원화장실,37.5482386958136,127.082318892024,A,kakao_place_bldg,17556470,서울어린이대공원 동물원,0.43,"캠퍼스·단지 건물 좌표(구분어 동물원, 묶음 좌표에서 523m)"
WC002130,물놀이장화장실,37.54770253433,127.081114262784,A,kakao_place_bldg,26331658,물놀이장 개방화장실,0.62,"캠퍼스·단지 건물 좌표(구분어 물놀이장, 묶음 좌표에서 522m)"
WC002129,물새장화장실,37.5493270663508,127.082369881142,A,kakao_place_bldg,17556776,어린이 대공원 물새장,0.5,"캠퍼스·단지 건물 좌표(구분어 물새장, 묶음 좌표에서 436m)"
WC002128,숲속의무대3,37.54959254127676,127.08021665329476,A,kakao_place_bldg,26331157,숲속의무대3 개방화장실,0.71,"캠퍼스·단지 건물 좌표(구분어 숲속의무대, 묶음 좌표에서 298m)"
WC002127,숲속의무대2,37.5497390127314,127.080790555287,A,kakao_place_bldg,26335326,숲속의무대2 개방화장실,0.71,"캠퍼스·단지 건물 좌표(구분어 숲속의무대, 묶음 좌표에서 309m)"
WC002126,숲속의무대1,37.5487921739913,127.0806288415,A,kakao_place_bldg,1928655559,숲속의무대1 개방화장실,0.71,"캠퍼스·단지 건물 좌표(구분어 숲속의무대, 묶음 좌표에서 394m)"
WC002125,구의문화장실,37.5472825390751,127.083879462117,A,kakao_place_bldg,26332665,구의문 개방화장실,0.55,"캠퍼스·단지 건물 좌표(구분어 구의문, 묶음 좌표에서 692m)"
WC002124,테니스장화장실,37.5491265743359,127.085565405379,A,kakao_place_bldg,8007607,서울어린이대공원 테니스장,0.5,"캠퍼스·단지 건물 좌표(구분어 테니스장, 묶음 좌표에서 680m)"
WC002123,버섯화장실,37.5498668668635,127.083506650661,A,kakao_place_bldg,26334108,버섯 개방화장실,0.44,"캠퍼스·단지 건물 좌표(구분어 버섯, 묶음 좌표에서 481m)"
WC002122,분수대화장실,37.55002191960922,127.07812242695283,A,kakao_place_bldg,26335050,분수대 개방화장실,0.55,"캠퍼스·단지 건물 좌표(구분어 분수대, 묶음 좌표에서 229m)"
WC039846,선사체험교실 화장실,37.5625223919472,127.132601887068,A,kakao_place_bldg,1355727702,선사체험교실,1.0,"캠퍼스·단지 건물 좌표(구분어 선사체험교실, 묶음 좌표에서 335m)"
WC039842,부설주차장 화장실,37.5586038723657,127.131065907156,A,kakao_place_bldg,1458308451,암사역사공원 부설주차장,0.62,"캠퍼스·단지 건물 좌표(구분어 부설주차장, 묶음 좌표에서 140m)"
WC039027,추계예술대학교 황신덕기념관 화장실,37.56352078518203,126.95262844445077,A,kakao_place_bldg,8547255,추계예술대학교 황신덕기념관,1.0,"캠퍼스·단지 건물 좌표(구분어 황신덕기념관, 묶음 좌표에서 132m)"
WC039025,추계예술대학교 추계기념관 화장실,37.5629375336394,126.954133038137,A,kakao_place_bldg,24002709,추계예술대학교 추계기념관,1.0,"캠퍼스·단지 건물 좌표(구분어 추계기념관, 묶음 좌표에서 27m)"
WC039024,추계예술대학교 청사관 화장실,37.5631206249143,126.952335548793,A,kakao_place_bldg,17558509,추계예술대학교 청사관,1.0,"캠퍼스·단지 건물 좌표(구분어 청사관, 묶음 좌표에서 152m)"
WC039023,추계예술대학교 창조관 화장실,37.5624293559186,126.954092603474,A,kakao_place_bldg,21188959,추계예술대학교 창조관,1.0,"캠퍼스·단지 건물 좌표(구분어 창조관, 묶음 좌표에서 83m)"
WC039021,추계예술대학교 지송관 화장실,37.5620148447232,126.953957037875,A,kakao_place_bldg,27202649,추계 예술대학교 지송관,1.0,"캠퍼스·단지 건물 좌표(구분어 지송관, 묶음 좌표에서 130m)"
WC039016,경기대학교 한울관 화장실,37.56412611992872,126.96225230741713,A,kakao_place_bldg,27200667,경기대학교 한울관,1.0,"캠퍼스·단지 건물 좌표(구분어 한울관, 묶음 좌표에서 119m)"
WC039015,경기대학교 학생회관 화장실,37.56455223085542,126.9620642017858,A,kakao_place_bldg,1524964866,이마트24 SMART경기대서울학생회관점,0.48,"캠퍼스·단지 건물 좌표(구분어 학생회관, 묶음 좌표에서 73m)"
WC039013,경기대학교 충정관 화장실,37.5647712121083,126.962186333195,A,kakao_place_bldg,17558542,경기대학교 서울캠퍼스 충정관,0.76,"캠퍼스·단지 건물 좌표(구분어 충정관, 묶음 좌표에서 47m)"
WC039011,경기대학교 본관 화장실,37.56536950891249,126.96229695536877,A,kakao_place_bldg,17566841,경기대학교 서울캠퍼스 본관,0.74,"캠퍼스·단지 건물 좌표(구분어 본관, 묶음 좌표에서 20m)"
WC039009,경기대학교 금화도서관 화장실,37.5641872618026,126.961860651025,A,kakao_place_bldg,9673128,경기대학교 금화도서관,1.0,"캠퍼스·단지 건물 좌표(구분어 금화도서관, 묶음 좌표에서 117m)"
WC019846,하남종합운동장 화장실(테니스장),37.5685640176165,127.196310870108,A,kakao_place_bldg,501940861,하남종합운동장 제2테니스장,0.92,"캠퍼스·단지 건물 좌표(구분어 테니스장, 묶음 좌표에서 382m)"
WC019546,하남종합운동장 화장실(테니스장),37.5685640176165,127.196310870108,A,kakao_place_bldg,501940861,하남종합운동장 제2테니스장,0.92,"캠퍼스·단지 건물 좌표(구분어 테니스장, 묶음 좌표에서 382m)"
WC009784,장평근린공원 화장실,37.5675182037523,127.074203892441,A,kakao_place_bldg,17384987,장평근린공원,1.0,"캠퍼스·단지 건물 좌표(구분어 장평근린공원, 묶음 좌표에서 127m)"
WC009633,장평근린공원 화장실,37.5675182037523,127.074203892441,A,kakao_place_bldg,17384987,장평근린공원,1.0,"캠퍼스·단지 건물 좌표(구분어 장평근린공원, 묶음 좌표에서 127m)"
WC009102,훈련원공원 공영주차장,37.567037816680404,127.0034387393041,A,kakao_place_bldg,10965765,훈련원공원 공영주차장,1.0,"캠퍼스·단지 건물 좌표(구분어 공원공영주차장, 묶음 좌표에서 85m)"
WC009813,동부시장,37.5673026811195,127.052765251199,A,kakao_place_bldg,18526221,동부시장,1.0,"캠퍼스·단지 건물 좌표(구분어 시장, 묶음 좌표에서 58m)"
WC009662,동부시장,37.5673026811195,127.052765251199,A,kakao_place_bldg,18526221,동부시장,1.0,"캠퍼스·단지 건물 좌표(구분어 시장, 묶음 좌표에서 58m)"
WC002308,하늘4(대우),37.56624231229595,126.88799089846472,A,kakao_place_bldg,26335982,하늘-4 대우 개방화장실,0.62,"캠퍼스·단지 건물 좌표(구분어 대우, 묶음 좌표에서 348m)"
WC005776,화학안전관,37.5695761360705,126.643380589337,A,kakao_place_bldg,1938593741,한국환경공단 화학안전관,0.62,"캠퍼스·단지 건물 좌표(구분어 화학안전관, 묶음 좌표에서 430m)"
WC005774,환경기술관,37.56891718759362,126.64357163172842,A,kakao_place_bldg,17562541,한국환경공단 환경기술관,0.62,"캠퍼스·단지 건물 좌표(구분어 환경기술관, 묶음 좌표에서 445m)"
WC005773,기후대기관,37.5696497441398,126.64269428107,A,kakao_place_bldg,17948231,한국환경공단 기후대기관,0.62,"캠퍼스·단지 건물 좌표(구분어 기후대기관, 묶음 좌표에서 371m)"
WC005772,물환경관,37.5683581587616,126.642243153894,A,kakao_place_bldg,17948251,한국환경공단 물환경관,0.57,"캠퍼스·단지 건물 좌표(구분어 물환경관, 묶음 좌표에서 338m)"
WC005771,녹색관,37.5685137680776,126.643645997325,A,kakao_place_bldg,17948253,한국환경공단 녹색관,0.5,"캠퍼스·단지 건물 좌표(구분어 녹색관, 묶음 좌표에서 456m)"
WC005767,"국립환경과학원 자원순환연구동
(1층, 2층)",37.5662529532629,126.636771473037,A,kakao_place_bldg,542514638,국립환경과학원 자원순환연구동,1.0,"캠퍼스·단지 건물 좌표(구분어 국립환경과학원자원순환연구동, 묶음 좌표에서 357m)"
WC005756,국립환경과학원 국가대기오염첨단감시센터,37.5687876525516,126.638896247603,A,kakao_place_bldg,49547828,국립환경과학원 국가대기오염첨단감시센터,1.0,"캠퍼스·단지 건물 좌표(구분어 국립환경과학원국가대기오염첨단감시센터, 묶음 좌표에서 50m)"
WC005755,"국립환경과학원 환경독성연구동
(1층, 2층, 3층, 4층)",37.5681313771919,126.638780564288,A,kakao_place_bldg,17581241,국립환경과학원 환경독성연구동,1.0,"캠퍼스·단지 건물 좌표(구분어 국립환경과학원환경독성연구동, 묶음 좌표에서 114m)"
WC005750,"국립환경과학원 실내환경종합연구동
(1층, 2층)",37.5684006171622,126.638435159277,A,kakao_place_bldg,17573163,국립환경과학원 실내환경종합연구동,1.0,"캠퍼스·단지 건물 좌표(구분어 국립환경과학원실내환경종합연구동, 묶음 좌표에서 83m)"
WC038772,광장시장 1층 청과부,37.57009764791222,127.00009848010464,A,kakao_place_bldg,26334603,광장시장 1층청과부 개방화장실,0.67,"캠퍼스·단지 건물 좌표(구분어 청과부, 묶음 좌표에서 27m)"
WC002275,문화비축기지 설비동,37.57112466759346,126.89469390669967,A,kakao_place_bldg,199427014,문화비축기지 설비동,1.0,"캠퍼스·단지 건물 좌표(구분어 설비동, 묶음 좌표에서 91m)"
WC039158,서울식물원 식물문화센터 화장실,37.57013454857729,126.83495524604109,A,kakao_place_bldg,2055700836,서울식물원 식물문화센터 개방화장실,0.81,"캠퍼스·단지 건물 좌표(구분어 식물문화센터, 묶음 좌표에서 299m)"
WC039157,서울식물원 습지원 화장실,37.57715712122941,126.8344733381638,A,kakao_place_bldg,2024114869,서울식물원 습지원 개방화장실,0.76,"캠퍼스·단지 건물 좌표(구분어 습지원, 묶음 좌표에서 565m)"
WC039156,서울식물원 호수원 화장실,37.57195751126966,126.83194015080619,A,kakao_place_bldg,442045906,서울식물원 호수원 개방화장실,0.76,"캠퍼스·단지 건물 좌표(구분어 호수원, 묶음 좌표에서 86m)"
WC039155,서울식물원 주제원 화장실,37.56816850372361,126.83361825323617,A,kakao_place_bldg,2034985788,서울식물원 주제원,1.0,"캠퍼스·단지 건물 좌표(구분어 주제원, 묶음 좌표에서 458m)"
WC039153,서울식물원 티하우스 화장실,37.568278069919856,126.8346480626039,A,kakao_place_bldg,213242257,서울식물원 티하우스 개방화장실,0.78,"캠퍼스·단지 건물 좌표(구분어 티하우스, 묶음 좌표에서 469m)"
WC039151,서울식물원 어린이정원학교 화장실,37.57047154047398,126.83432626481124,A,kakao_place_bldg,167984431,서울식물원 어린이정원학교 개방화장실,0.83,"캠퍼스·단지 건물 좌표(구분어 어린이정원학교, 묶음 좌표에서 237m)"
WC009761,간데메공원 농구장,37.5737088219032,127.048409269095,A,kakao_place_bldg,1862466012,간데메공원 농구장,1.0,"캠퍼스·단지 건물 좌표(구분어 농구장, 묶음 좌표에서 118m)"
WC009610,간데메공원 농구장,37.5737088219032,127.048409269095,A,kakao_place_bldg,1862466012,간데메공원 농구장,1.0,"캠퍼스·단지 건물 좌표(구분어 농구장, 묶음 좌표에서 118m)"
WC005888,한강시민공원(야구장),37.573264162367146,127.13170174459061,A,kakao_place_bldg,17556411,구리한강시민공원 사회인야구장,0.78,"캠퍼스·단지 건물 좌표(구분어 야구장, 묶음 좌표에서 169m)"
WC009834,SK스포츠상가,37.5774016631564,127.059044020336,A,kakao_place_bldg,26342052,SK스포츠상가 개방화장실,0.74,"캠퍼스·단지 건물 좌표(구분어 SK스포츠상가, 묶음 좌표에서 237m)"
WC009833,SK주상가,37.57762331443331,127.0608056946874,A,kakao_place_bldg,26342019,SK주상가 개방화장실,0.67,"캠퍼스·단지 건물 좌표(구분어 SK주상가, 묶음 좌표에서 127m)"
WC009685,SK스포츠상가,37.5774016631564,127.059044020336,A,kakao_place_bldg,26342052,SK스포츠상가 개방화장실,0.74,"캠퍼스·단지 건물 좌표(구분어 SK스포츠상가, 묶음 좌표에서 237m)"
WC009684,SK주상가,37.57762331443331,127.0608056946874,A,kakao_place_bldg,26342019,SK주상가 개방화장실,0.67,"캠퍼스·단지 건물 좌표(구분어 SK주상가, 묶음 좌표에서 127m)"
WC009812,경동광성상가,37.57993368948162,127.03894438095296,A,kakao_place_bldg,18524639,경동시장광성상가,0.86,"캠퍼스·단지 건물 좌표(구분어 광성상가, 묶음 좌표에서 87m)"
WC009661,경동광성상가,37.57993368948162,127.03894438095296,A,kakao_place_bldg,18524639,경동시장광성상가,0.86,"캠퍼스·단지 건물 좌표(구분어 광성상가, 묶음 좌표에서 87m)"
WC039004,명지전문대학 사회교육관 화장실,37.584532612214,126.925847152654,A,kakao_place_bldg,17565724,명지전문대학 사회교육관,1.0,"캠퍼스·단지 건물 좌표(구분어 사회교육관, 묶음 좌표에서 85m)"
WC039001,명지전문대학 본관및인문사회관 화장실,37.5847049784384,126.9248597241,A,kakao_place_bldg,23891696,B동 본관및인문사회관,0.67,"캠퍼스·단지 건물 좌표(구분어 본관및인문사회관, 묶음 좌표에서 95m)"
WC020484,국립유명산자연휴양림 산림복합체험센터 2층,37.592532138443076,127.49225233636277,A,kakao_place_bldg,709632703,국립유명산자연휴양림 산림복합체험센터,1.0,"캠퍼스·단지 건물 좌표(구분어 산림복합체험센터, 묶음 좌표에서 115m)"
WC020483,국립유명산자연휴양림 산림복합체험센터 1층,37.592532138443076,127.49225233636277,A,kakao_place_bldg,709632703,국립유명산자연휴양림 산림복합체험센터,1.0,"캠퍼스·단지 건물 좌표(구분어 산림복합체험센터, 묶음 좌표에서 115m)"
WC020482,국립유명산자연휴양림 자생식물원 공중화장실,37.592584147574044,127.4933906252655,A,kakao_place_bldg,21682464,국립유명산자연휴양림 자생식물원,1.0,"캠퍼스·단지 건물 좌표(구분어 자생식물원, 묶음 좌표에서 209m)"
WC020480,국립유명산자연휴양림 2야영장 공중화장실,37.591036254271124,127.49014779982727,A,kakao_place_bldg,17652588,국립유명산자연휴양림 제2야영장,0.97,"캠퍼스·단지 건물 좌표(구분어 야영장, 묶음 좌표에서 226m)"
WC019116,정약용 펀그라운드 본관동 2층,37.5960640481648,127.336771252585,A,kakao_place_bldg,1086931242,정약용펀그라운드 유스호스텔 본관동,0.81,"캠퍼스·단지 건물 좌표(구분어 본관동, 묶음 좌표에서 167m)"
WC019115,정약용 펀그라운드 본관동 1층,37.5960640481648,127.336771252585,A,kakao_place_bldg,1086931242,정약용펀그라운드 유스호스텔 본관동,0.81,"캠퍼스·단지 건물 좌표(구분어 본관동, 묶음 좌표에서 167m)"
WC044577,행주산성 제1주차장 화장실,37.60033019974694,126.82481576287566,A,kakao_place_bldg,20588761,행주산성 제1주차장,1.0,"캠퍼스·단지 건물 좌표(구분어 주차장, 묶음 좌표에서 582m)"
WC044576,행주산성 제2주차장 화장실,37.6005951851627,126.823669136813,A,kakao_place_bldg,26355406,행주산성 제2주차장,1.0,"캠퍼스·단지 건물 좌표(구분어 주차장, 묶음 좌표에서 668m)"
WC010601,녹번동 주민센터 화장실,37.6022161609708,126.9299199828,A,kakao_place_bldg,8223422,녹번동주민센터,1.0,"캠퍼스·단지 건물 좌표(구분어 녹번동주민센터, 묶음 좌표에서 100m)"
WC010596,은평구 의회 화장실,37.60265583994833,126.92991277566935,A,kakao_place_bldg,11315453,은평구의회,1.0,"캠퍼스·단지 건물 좌표(구분어 은평구의회, 묶음 좌표에서 99m)"
WC020556,서종작은도서관,37.6068350757513,127.348958013257,A,kakao_place_bldg,21813784,서종작은도서관,1.0,"캠퍼스·단지 건물 좌표(구분어 작은도서관, 묶음 좌표에서 35m)"
WC000168,월곡인조잔디구장,37.60867019706736,127.04078274791296,A,kakao_place_bldg,17505167,제1월곡 인조잔디구장,0.89,"캠퍼스·단지 건물 좌표(구분어 월곡인조잔디구장, 묶음 좌표에서 137m)"
WC000102,오동근린 공원화장실,37.6099744140464,127.041968117025,A,kakao_place_bldg,7997426,오동근린공원,1.0,"캠퍼스·단지 건물 좌표(구분어 오동근린공원, 묶음 좌표에서 162m)"
WC019094,남양주체육문화센터 1층,37.6053519107331,127.176663717454,A,kakao_place_bldg,8232483,남양주체육문화센터,1.0,"캠퍼스·단지 건물 좌표(구분어 남양주체육문화센터, 묶음 좌표에서 515m)"
WC019089,남양주체육문화센터 공중화장실,37.6053519107331,127.176663717454,A,kakao_place_bldg,8232483,남양주체육문화센터,1.0,"캠퍼스·단지 건물 좌표(구분어 남양주체육문화센터, 묶음 좌표에서 515m)"
WC019088,체육관 화장실,37.6053699101037,127.176677349879,A,kakao_place_bldg,12273646,남양주체육문화센터 실내체육관,0.35,"캠퍼스·단지 건물 좌표(구분어 체육관, 묶음 좌표에서 513m)"
WC010158,북서울꿈의숲(라포레스타),37.622509765950525,127.03964623026386,A,kakao_place_bldg,11597084,라포레스타,0.62,"캠퍼스·단지 건물 좌표(구분어 라포레스타, 묶음 좌표에서 482m)"
WC010157,북서울꿈의숲(상상톡톡미술관),37.6225163748567,127.041390667983,A,kakao_place_bldg,26449227,상상톡톡미술관,0.7,"캠퍼스·단지 건물 좌표(구분어 상상톡톡미술관, 묶음 좌표에서 361m)"
WC010153,북서울꿈의숲(주차장),37.6219481274988,127.037887918169,A,kakao_place_bldg,1569937142,북서울꿈의숲 서문 주차장,0.9,"캠퍼스·단지 건물 좌표(구분어 주차장, 묶음 좌표에서 597m)"
WC010501,서울과학기술대학교 대학본부,37.6318305564418,127.080263049121,A,kakao_place_bldg,17561951,서울과학기술대학교 대학본부,1.0,"캠퍼스·단지 건물 좌표(구분어 대학본부, 묶음 좌표에서 335m)"
WC010500,서울과학기술대학교 다산관,37.6324738253956,127.077621817214,A,kakao_place_bldg,17567019,서울과학기술대학교 다산관,1.0,"캠퍼스·단지 건물 좌표(구분어 다산관, 묶음 좌표에서 99m)"
WC010499,서울과학기술대학교 창학관,37.6322671791534,127.07945689586,A,kakao_place_bldg,17566533,서울과학기술대학교 창학관,1.0,"캠퍼스·단지 건물 좌표(구분어 창학관, 묶음 좌표에서 251m)"
WC010497,서울과학기술대학교 청운관,37.6333547045331,127.080731448875,A,kakao_place_bldg,17563286,서울과학기술대학교 청운관,1.0,"캠퍼스·단지 건물 좌표(구분어 청운관, 묶음 좌표에서 348m)"
WC010496,서울과학기술대학교 창조관,37.6348225366672,127.079214902565,A,kakao_place_bldg,17564692,서울과학기술대학교 창조관,1.0,"캠퍼스·단지 건물 좌표(구분어 창조관, 묶음 좌표에서 288m)"
WC010494,서울과학기술대학교 창업보육센터,37.6308711833083,127.075911773172,A,kakao_place_bldg,9871643,서울과학기술대학교 창업보육센터,1.0,"캠퍼스·단지 건물 좌표(구분어 창업보육센터, 묶음 좌표에서 258m)"
WC010493,서울과학기술대학교 프론티어관,37.631537854055075,127.07600308218998,A,kakao_place_bldg,26776082,서울과학기술대학교 프론티어관,1.0,"캠퍼스·단지 건물 좌표(구분어 프론티어관, 묶음 좌표에서 185m)"
WC010492,서울과학기술대학교 하이테크관,37.6321107110214,127.076266497219,A,kakao_place_bldg,17567297,서울과학기술대학교 하이테크관,1.0,"캠퍼스·단지 건물 좌표(구분어 하이테크관, 묶음 좌표에서 117m)"
WC010488,서울과학기술대학교 국제관,37.6349245384372,127.077572251301,A,kakao_place_bldg,875690789,서울과학기술대학교 국제관,1.0,"캠퍼스·단지 건물 좌표(구분어 국제관, 묶음 좌표에서 216m)"
WC010487,서울과학기술대학교 다빈치관,37.6353346990441,127.078612720143,A,kakao_place_bldg,17565813,서울과학기술대학교 다빈치관,1.0,"캠퍼스·단지 건물 좌표(구분어 다빈치관, 묶음 좌표에서 298m)"
WC010486,서울과학기술대학교 어의관,37.6353503351963,127.076759240088,A,kakao_place_bldg,17561960,서울과학기술대학교 어의관,1.0,"캠퍼스·단지 건물 좌표(구분어 어의관, 묶음 좌표에서 253m)"
WC010485,서울과학기술대학교 100주년기념관,37.6306063210693,127.078621333761,A,kakao_place_bldg,17566527,서울과학기술대학교 100주년기념관,1.0,"캠퍼스·단지 건물 좌표(구분어 주년기념관, 묶음 좌표에서 319m)"
WC010483,서울과학기술대학교 상상관,37.631019614310205,127.08034374421108,A,kakao_place_bldg,875225787,서울과학기술대학교 상상관,1.0,"캠퍼스·단지 건물 좌표(구분어 상상관, 묶음 좌표에서 387m)"
WC010482,서울과학기술대학교 아름관,37.630413895528,127.080719204686,A,kakao_place_bldg,26776078,서울과학기술대학교 아름관,1.0,"캠퍼스·단지 건물 좌표(구분어 아름관, 묶음 좌표에서 455m)"
WC010481,서울과학기술대학교 체육관,37.6291713754987,127.079480788378,A,kakao_place_bldg,26776093,서울과학기술대학교 체육관,1.0,"캠퍼스·단지 건물 좌표(구분어 체육관, 묶음 좌표에서 495m)"
WC010480,서울과학기술대학교 대륙관,37.6293221425349,127.08036457393,A,kakao_place_bldg,17563848,서울과학기술대학교 대륙관,1.0,"캠퍼스·단지 건물 좌표(구분어 대륙관, 묶음 좌표에서 523m)"
WC010479,서울과학기술대학교 무궁관,37.6308206676382,127.081408432818,A,kakao_place_bldg,17565758,서울과학기술대학교 무궁관,1.0,"캠퍼스·단지 건물 좌표(구분어 무궁관, 묶음 좌표에서 478m)"
WC010478,서울과학기술대학교 학군단,37.6287881196604,127.081297462747,A,kakao_place_bldg,26776085,서울과학기술대학교 학군단,1.0,"캠퍼스·단지 건물 좌표(구분어 학군단, 묶음 좌표에서 620m)"
WC010477,서울과학기술대학교 미래관,37.62941141709,127.081565495199,A,kakao_place_bldg,26776077,서울과학기술대학교 미래관,1.0,"캠퍼스·단지 건물 좌표(구분어 미래관, 묶음 좌표에서 585m)"
WC010476,서울과학기술대학교 테크노큐브,37.6298397928726,127.079650296399,A,kakao_place_bldg,2110240498,서울과학기술대학교 테크노큐브,1.0,"캠퍼스·단지 건물 좌표(구분어 테크노큐브, 묶음 좌표에서 439m)"
WC018874,남양주시청제1청사 광장,37.6356197405905,127.216616211485,A,kakao_place_bldg,2034176294,남양주시청 열린시민광장,0.64,"캠퍼스·단지 건물 좌표(구분어 광장, 묶음 좌표에서 164m)"
WC018861,남양주시청제1청사본관지하1층,37.6348600480208,127.212244276336,A,kakao_place_bldg,25956517,강무관합기도 본관,0.21,"캠퍼스·단지 건물 좌표(구분어 본관, 묶음 좌표에서 543m)"
WC044541,고양어울림누리,37.6502205371056,126.835486406393,A,kakao_place_bldg,8177862,고양어울림누리 어울림극장,0.74,"캠퍼스·단지 건물 좌표(구분어 고양어울림누리, 묶음 좌표에서 130m)"
WC018883,호평 작은도서관 3층,37.65791764586903,127.24712214119332,A,kakao_place_bldg,1889522240,호평오네뜨센트럴작은도서관,0.7,"캠퍼스·단지 건물 좌표(구분어 작은도서관, 묶음 좌표에서 406m)"
WC018882,호평 작은도서관 2층,37.65791764586903,127.24712214119332,A,kakao_place_bldg,1889522240,호평오네뜨센트럴작은도서관,0.7,"캠퍼스·단지 건물 좌표(구분어 작은도서관, 묶음 좌표에서 406m)"
WC018881,호평 작은도서관 1층,37.65791764586903,127.24712214119332,A,kakao_place_bldg,1889522240,호평오네뜨센트럴작은도서관,0.7,"캠퍼스·단지 건물 좌표(구분어 작은도서관, 묶음 좌표에서 406m)"
WC018880,호평평내행정복지센터 4층,37.6548880029143,127.248669169783,A,kakao_place_bldg,11202992,호평평내행정복지센터,1.0,"캠퍼스·단지 건물 좌표(구분어 평내행정복지센터, 묶음 좌표에서 43m)"
WC018879,호평평내행정복지센터 3층,37.6548880029143,127.248669169783,A,kakao_place_bldg,11202992,호평평내행정복지센터,1.0,"캠퍼스·단지 건물 좌표(구분어 평내행정복지센터, 묶음 좌표에서 43m)"
WC018878,호평평내행정복지센터 2층,37.6548880029143,127.248669169783,A,kakao_place_bldg,11202992,호평평내행정복지센터,1.0,"캠퍼스·단지 건물 좌표(구분어 평내행정복지센터, 묶음 좌표에서 43m)"
WC018877,호평평내행정복지센터 1층,37.6548880029143,127.248669169783,A,kakao_place_bldg,11202992,호평평내행정복지센터,1.0,"캠퍼스·단지 건물 좌표(구분어 평내행정복지센터, 묶음 좌표에서 43m)"
WC018876,호평평내행정복지센터 지하 1층,37.6548880029143,127.248669169783,A,kakao_place_bldg,11202992,호평평내행정복지센터,1.0,"캠퍼스·단지 건물 좌표(구분어 평내행정복지센터, 묶음 좌표에서 43m)"
WC052427,다목적체육관 화장실,37.6598325528348,126.624614597902,A,kakao_place_bldg,10579886,양촌다목적체육관,0.86,"캠퍼스·단지 건물 좌표(구분어 다목적체육관, 묶음 좌표에서 511m)"
WC044539,고양시문예회관,37.6579257246515,126.832917245984,A,kakao_place_bldg,11585195,고양시문예회관,1.0,"캠퍼스·단지 건물 좌표(구분어 고양시문예회관, 묶음 좌표에서 100m)"
WC044150,장미화장실,37.66405773975319,126.76518752323285,A,kakao_place_bldg,1662798380,라이브7080장미의미소,0.29,"캠퍼스·단지 건물 좌표(구분어 장미, 묶음 좌표에서 420m)"
WC044149,회화화장실,37.6656242360857,126.763680830909,A,kakao_place_bldg,23485083,회화공원,0.67,"캠퍼스·단지 건물 좌표(구분어 회화, 묶음 좌표에서 314m)"
WC044148,두루미화장실,37.6640844569069,126.759664485916,A,kakao_place_bldg,255601323,일산호수공원 두루미화장실,0.4,"캠퍼스·단지 건물 좌표(구분어 두루미, 묶음 좌표에서 79m)"
WC044147,호반화장실,37.6631026206302,126.767877736977,A,kakao_place_bldg,21453027,호반단란주점,0.5,"캠퍼스·단지 건물 좌표(구분어 호반, 묶음 좌표에서 671m)"
WC044401,고양체육관,37.6745773792369,126.741820500325,A,kakao_place_bldg,13559766,고양체육관,1.0,"캠퍼스·단지 건물 좌표(구분어 고양체육관, 묶음 좌표에서 202m)"
WC044397,종합운동장,37.67640372499092,126.74308829942302,A,kakao_place_bldg,8193625,고양종합운동장,0.83,"캠퍼스·단지 건물 좌표(구분어 종합운동장, 묶음 좌표에서 89m)"
WC044395,고양리틀야구장,37.6807736835518,126.740719809944,A,kakao_place_bldg,24876813,고양리틀야구장,1.0,"캠퍼스·단지 건물 좌표(구분어 고양리틀야구장, 묶음 좌표에서 502m)"
WC044394,성저파크골프장,37.68045398675138,126.74119817958,A,kakao_place_bldg,24876814,성저파크골프장,1.0,"캠퍼스·단지 건물 좌표(구분어 성저파크골프장, 묶음 좌표에서 459m)"
WC018922,오남읍사무소 1층 화장실,37.69883209569155,127.2046932715054,A,kakao_place_bldg,10638438,오남읍사무소,1.0,"캠퍼스·단지 건물 좌표(구분어 사무소, 묶음 좌표에서 31m)"
WC018921,오남읍사무소 2층 화장실,37.69883209569155,127.2046932715054,A,kakao_place_bldg,10638438,오남읍사무소,1.0,"캠퍼스·단지 건물 좌표(구분어 사무소, 묶음 좌표에서 31m)"
WC018920,오남읍사무소 3층 화장실,37.69883209569155,127.2046932715054,A,kakao_place_bldg,10638438,오남읍사무소,1.0,"캠퍼스·단지 건물 좌표(구분어 사무소, 묶음 좌표에서 31m)"
WC018399,의정부시청 본관 지하 1층,37.7376854370812,127.033921611115,A,kakao_place_bldg,17557094,의정부시청 본관,1.0,"캠퍼스·단지 건물 좌표(구분어 본관, 묶음 좌표에서 43m)"
WC018396,의정부시청 본관 2층,37.7376854370812,127.033921611115,A,kakao_place_bldg,17557094,의정부시청 본관,1.0,"캠퍼스·단지 건물 좌표(구분어 본관, 묶음 좌표에서 43m)"
WC021121,강릉시의회 (1층),37.7501503832212,128.876877789801,A,kakao_place_bldg,18090494,강릉시의회,1.0,"캠퍼스·단지 건물 좌표(구분어 의회, 묶음 좌표에서 364m)"
WC021120,강릉시의회 (2층),37.7501503832212,128.876877789801,A,kakao_place_bldg,18090494,강릉시의회,1.0,"캠퍼스·단지 건물 좌표(구분어 의회, 묶음 좌표에서 364m)"
WC021119,강릉시의회 (3층),37.7501503832212,128.876877789801,A,kakao_place_bldg,18090494,강릉시의회,1.0,"캠퍼스·단지 건물 좌표(구분어 의회, 묶음 좌표에서 364m)"
WC019077,축령산휴양림 문화마당 화장실,37.7550111415237,127.313685396179,A,kakao_place_bldg,17575681,축령산자연휴양림 문화마당,0.91,"캠퍼스·단지 건물 좌표(구분어 문화마당, 묶음 좌표에서 47m)"
WC021203,"강릉아트센터 화장실
(사임당홀 3층)",37.77223778579681,128.89541258416787,A,kakao_place_bldg,1541403667,강릉아트센터 대공연장사임당홀,0.83,"캠퍼스·단지 건물 좌표(구분어 사임당홀, 묶음 좌표에서 59m)"
WC021202,"강릉아트센터 화장실
(사임당홀 2층)",37.77223778579681,128.89541258416787,A,kakao_place_bldg,1541403667,강릉아트센터 대공연장사임당홀,0.83,"캠퍼스·단지 건물 좌표(구분어 사임당홀, 묶음 좌표에서 59m)"
WC021201,"강릉아트센터 화장실
(사임당홀 1층)",37.77223778579681,128.89541258416787,A,kakao_place_bldg,1541403667,강릉아트센터 대공연장사임당홀,0.83,"캠퍼스·단지 건물 좌표(구분어 사임당홀, 묶음 좌표에서 59m)"
WC021236,야외공연장,37.7736292553686,128.895153046253,A,kakao_place_bldg,17578149,강릉종합운동장 야외공연장,0.59,"캠퍼스·단지 건물 좌표(구분어 야외공연장, 묶음 좌표에서 287m)"
WC021148,율곡기념관 공중화장실,37.77915253176641,128.8766838212712,A,kakao_place_bldg,908552747,율곡기념관,1.0,"캠퍼스·단지 건물 좌표(구분어 율곡기념관, 묶음 좌표에서 93m)"
WC021143,오죽헌 주차장 공중화장실,37.7793475696079,128.881003966172,A,kakao_place_bldg,189775076,강릉빵축제 빵굽는 마을 오죽 주차장1 (오죽헌 주차장),0.43,"캠퍼스·단지 건물 좌표(구분어 오죽헌주차장, 묶음 좌표에서 395m)"
WC033988,양주시청,37.7853136973184,127.045786084703,A,kakao_place_bldg,7994421,양주시청,1.0,"캠퍼스·단지 건물 좌표(구분어 양주시청, 묶음 좌표에서 77m)"
WC033986,양주시의회,37.78490861027649,127.04488673781606,A,kakao_place_bldg,10573049,양주시의회,1.0,"캠퍼스·단지 건물 좌표(구분어 양주시의회, 묶음 좌표에서 50m)"
WC033984,양주시보건소 화장실,37.78557464555396,127.04662972428613,A,kakao_place_bldg,27417063,양주시보건소,1.0,"캠퍼스·단지 건물 좌표(구분어 양주시보건소, 묶음 좌표에서 153m)"
WC033879,고용복지플러스센터,37.786304368567215,127.04677208838527,A,kakao_place_bldg,1852422859,양주고용복지플러스센터,0.9,"캠퍼스·단지 건물 좌표(구분어 고용복지플러스센터, 묶음 좌표에서 195m)"
WC033947,서부권스포츠센터,37.8134783962202,126.97043306980824,A,kakao_place_bldg,1264259421,서부권스포츠센터,1.0,"캠퍼스·단지 건물 좌표(구분어 서부권스포츠센터, 묶음 좌표에서 197m)"
WC033933,문화예술회관,37.8131482003069,126.972308169162,A,kakao_place_bldg,8431222,양주문화예술회관,0.86,"캠퍼스·단지 건물 좌표(구분어 문화예술회관, 묶음 좌표에서 73m)"
WC033894,광적생활체육공원 테니스장,37.81401875500675,126.96958450949379,A,kakao_place_bldg,27561869,광적생활체육공원 테니스장,1.0,"캠퍼스·단지 건물 좌표(구분어 광적생활체육공원테니스장, 묶음 좌표에서 292m)"
WC033893,광적생활체육공원 축구장,37.8145028237636,126.970585977587,A,kakao_place_bldg,27561854,광적생활체육공원 축구장,1.0,"캠퍼스·단지 건물 좌표(구분어 광적생활체육공원축구장, 묶음 좌표에서 269m)"
WC021150,농업기술센터,37.8184753748266,128.853115409991,A,kakao_place_bldg,17569049,강릉시농업기술센터 운동장,0.67,"캠퍼스·단지 건물 좌표(구분어 농업기술센터, 묶음 좌표에서 113m)"
WC020463,자라섬 주차장,37.8215798619509,127.519806111594,A,kakao_place_bldg,17576766,자라섬 주차장,1.0,"캠퍼스·단지 건물 좌표(구분어 자라섬주차장, 묶음 좌표에서 126m)"
WC020454,수상클럽 하우스,37.8165981922101,127.524959040564,A,kakao_place_bldg,17578422,자라섬캠핑장 수상클럽하우스,0.7,"캠퍼스·단지 건물 좌표(구분어 수상클럽하우스, 묶음 좌표에서 593m)"
WC020449,문화예술회관,37.8242452398673,127.508575700636,A,kakao_place_bldg,8129799,가평문화예술회관,0.86,"캠퍼스·단지 건물 좌표(구분어 문화예술회관, 묶음 좌표에서 252m)"
WC020447,가평체육관,37.82366481166,127.506954330087,A,kakao_place_bldg,11432736,가평체육관,1.0,"캠퍼스·단지 건물 좌표(구분어 가평체육관, 묶음 좌표에서 209m)"
WC004236,포천종합체육관,37.8888568624409,127.201703179677,A,kakao_place_bldg,17572747,포천종합체육관,1.0,"캠퍼스·단지 건물 좌표(구분어 체육관, 묶음 좌표에서 72m)"
WC004235,포천종합운동장 1층,37.8880225997173,127.200641403371,A,kakao_place_bldg,8130167,포천종합운동장,1.0,"캠퍼스·단지 건물 좌표(구분어 운동장, 묶음 좌표에서 87m)"
WC004234,포천종합운동장 2층,37.8880225997173,127.200641403371,A,kakao_place_bldg,8130167,포천종합운동장,1.0,"캠퍼스·단지 건물 좌표(구분어 운동장, 묶음 좌표에서 87m)"
WC004203,포천시청 본관 3층,37.90001241974099,127.20166540127832,A,kakao_place_bldg,8670482,해동검도 포천본관,0.57,"캠퍼스·단지 건물 좌표(구분어 본관, 묶음 좌표에서 602m)"
WC004202,포천시청 본관 2층,37.90001241974099,127.20166540127832,A,kakao_place_bldg,8670482,해동검도 포천본관,0.57,"캠퍼스·단지 건물 좌표(구분어 본관, 묶음 좌표에서 602m)"
WC004201,포천시청 본관 1층,37.90001241974099,127.20166540127832,A,kakao_place_bldg,8670482,해동검도 포천본관,0.57,"캠퍼스·단지 건물 좌표(구분어 본관, 묶음 좌표에서 602m)"
WC043593,종합운동장 화장실(테니스장),37.901776842933,127.070344924253,A,kakao_place_bldg,17579575,동두천종합운동장 테니스장,0.86,"캠퍼스·단지 건물 좌표(구분어 종합운동장테니스장, 묶음 좌표에서 233m)"
WC004247,아트밸리 천주호,37.92292261399169,127.24131874656416,A,kakao_place_bldg,816739824,천주호,0.6,"캠퍼스·단지 건물 좌표(구분어 천주호, 묶음 좌표에서 427m)"
WC004244,아트밸리천문과학관 1층,37.924840871796,127.243429147855,A,kakao_place_bldg,25493548,포천아트밸리 천문과학관,0.9,"캠퍼스·단지 건물 좌표(구분어 천문과학관, 묶음 좌표에서 627m)"
WC004239,아트밸리천문과학관 3층,37.924840871796,127.243429147855,A,kakao_place_bldg,25493548,포천아트밸리 천문과학관,0.9,"캠퍼스·단지 건물 좌표(구분어 천문과학관, 묶음 좌표에서 627m)"
WC004200,아트밸리천문과학관 2층,37.924840871796,127.243429147855,A,kakao_place_bldg,25493548,포천아트밸리 천문과학관,0.9,"캠퍼스·단지 건물 좌표(구분어 천문과학관, 묶음 좌표에서 627m)"
WC020162,은대공원,38.0272305268107,127.063453319002,A,kakao_place_bldg,27575413,은대공원,1.0,"캠퍼스·단지 건물 좌표(구분어 은대공원, 묶음 좌표에서 164m)"
WC020091,은대근린공원,38.0274900937911,127.063266754035,A,kakao_place_bldg,1572108858,은대근린공원 유아숲체험원,0.67,"캠퍼스·단지 건물 좌표(구분어 은대근린공원, 묶음 좌표에서 164m)"
WC046852,손양면사무소 화장실,38.0605654654129,128.641095471504,A,kakao_place_bldg,9869527,손양면사무소,1.0,"캠퍼스·단지 건물 좌표(구분어 손양면사무소, 묶음 좌표에서 64m)"
WC046848,손양면보건지소 화장실,38.0608948315818,128.641248667674,A,kakao_place_bldg,10567776,손양면보건지소,1.0,"캠퍼스·단지 건물 좌표(구분어 손양면보건지소, 묶음 좌표에서 85m)"
WC046847,손양면게이트볼장 화장실,38.06024813870293,128.64143474524346,A,kakao_place_bldg,26164678,손양면게이트볼장,1.0,"캠퍼스·단지 건물 좌표(구분어 손양면게이트볼장, 묶음 좌표에서 21m)"
WC046872,국민체육센터 2층,38.08100273306194,128.61861517271885,A,kakao_place_bldg,2077053042,양양국민체육센터,0.86,"캠퍼스·단지 건물 좌표(구분어 국민체육센터, 묶음 좌표에서 155m)"
WC046871,국민체육센터 1층,38.08100273306194,128.61861517271885,A,kakao_place_bldg,2077053042,양양국민체육센터,0.86,"캠퍼스·단지 건물 좌표(구분어 국민체육센터, 묶음 좌표에서 155m)"
WC023300,양구군의회(3층),38.11030165809569,127.9908668435632,A,kakao_place_bldg,1630243351,양구군의회,1.0,"캠퍼스·단지 건물 좌표(구분어 의회, 묶음 좌표에서 88m)"
WC023299,양구군의회(2층),38.11030165809569,127.9908668435632,A,kakao_place_bldg,1630243351,양구군의회,1.0,"캠퍼스·단지 건물 좌표(구분어 의회, 묶음 좌표에서 88m)"
WC023298,양구군의회(1층),38.11030165809569,127.9908668435632,A,kakao_place_bldg,1630243351,양구군의회,1.0,"캠퍼스·단지 건물 좌표(구분어 의회, 묶음 좌표에서 88m)"
WC046372,속초관광수산시장(2층 A동),38.204010348540976,128.58291536960039,A,kakao_place_bldg,26711725,금강아파트 A동,0.24,"캠퍼스·단지 건물 좌표(구분어 A동, 묶음 좌표에서 639m)"
WC046371,속초관광수산시장(2층 C동),38.20368578022446,128.58333643714747,A,kakao_place_bldg,26733416,금강아파트 C동,0.24,"캠퍼스·단지 건물 좌표(구분어 C동, 묶음 좌표에서 607m)"
WC021866,속초관광수산시장(2층 A동),38.204010348540976,128.58291536960039,A,kakao_place_bldg,26711725,금강아파트 A동,0.24,"캠퍼스·단지 건물 좌표(구분어 A동, 묶음 좌표에서 639m)"
WC021865,속초관광수산시장(2층 C동),38.20368578022446,128.58333643714747,A,kakao_place_bldg,26733416,금강아파트 C동,0.24,"캠퍼스·단지 건물 좌표(구분어 C동, 묶음 좌표에서 607m)"
WC005951,고성군치매안심센터,38.3773645154348,128.47213122317,A,kakao_place_bldg,128691408,고성군 치매안심센터,1.0,"캠퍼스·단지 건물 좌표(구분어 치매안심센터, 묶음 좌표에서 35m)"
WC005929,고성군청본관(4층),38.380592203174785,128.46788460938006,A,kakao_place_bldg,293145990,무인민원발급창구 고성군청본관,0.6,"캠퍼스·단지 건물 좌표(구분어 본관, 묶음 좌표에서 80m)"
WC005928,고성군청본관(3층),38.380592203174785,128.46788460938006,A,kakao_place_bldg,293145990,무인민원발급창구 고성군청본관,0.6,"캠퍼스·단지 건물 좌표(구분어 본관, 묶음 좌표에서 80m)"
WC005927,고성군청본관(2층),38.380592203174785,128.46788460938006,A,kakao_place_bldg,293145990,무인민원발급창구 고성군청본관,0.6,"캠퍼스·단지 건물 좌표(구분어 본관, 묶음 좌표에서 80m)"
WC005926,고성군청본관(1층),38.380592203174785,128.46788460938006,A,kakao_place_bldg,293145990,무인민원발급창구 고성군청본관,0.6,"캠퍼스·단지 건물 좌표(구분어 본관, 묶음 좌표에서 80m)"
