영구번호,화장실명,종류,조치,위도,경도,등급,장소명,장소ID,근거
WC013925,매천역(지상철3호선),T12,move,35.9095023721995,128.545792436549,,,,"도로명·지번 423m 차이, 도로명을 3곳이 같이 씀(관청·대표 주소 의심) → 지번"
WC013733,태전동 628-6번지 하천 인근 화장실,T12,move,35.9095023721995,128.545792436549,,,,"도로명·지번 423m 차이, 도로명을 3곳이 같이 씀(관청·대표 주소 의심) → 지번"
WC013732,매천동 669번지 하천 인근 화장실,T12,move,35.9095023721995,128.545792436549,,,,"도로명·지번 423m 차이, 이름의 읍면동 → 지번"
WC053436,홍수조절지(야구장),T12,move,35.3377953781815,126.976291758973,,,,"도로명·지번 1271m 차이, 장소검색(네이버) → 지번"
WC040035,구덕야영장,T12,move,35.1287253037881,129.016544625999,,,,"도로명·지번 802m 차이, 도로명을 3곳이 같이 씀(관청·대표 주소 의심) → 지번"
WC040030,내원정사 옆,T12,move,35.1287253037881,129.016544625999,,,,"도로명·지번 802m 차이, 도로명을 3곳이 같이 씀(관청·대표 주소 의심) → 지번"
WC019228,다산2동주민센터 4층,T12,move,37.6254149435588,127.14600243411,,,,"도로명·지번 2861m 차이, 도로명을 4곳이 같이 씀(관청·대표 주소 의심) → 지번"
WC019227,다산2동주민센터 3층,T12,move,37.6254149435588,127.14600243411,,,,"도로명·지번 2861m 차이, 도로명을 4곳이 같이 씀(관청·대표 주소 의심) → 지번"
WC019226,다산2동주민센터 2층,T12,move,37.6254149435588,127.14600243411,,,,"도로명·지번 2861m 차이, 도로명을 4곳이 같이 씀(관청·대표 주소 의심) → 지번"
WC019225,다산2동주민센터 1층,T12,move,37.6254149435588,127.14600243411,,,,"도로명·지번 2861m 차이, 도로명을 4곳이 같이 씀(관청·대표 주소 의심) → 지번"
WC043912,화랑유원지 관리동 화장실,T12,move,37.3268455747836,126.813908652465,,,,"도로명·지번 464m 차이, 도로명을 8곳이 같이 씀(관청·대표 주소 의심) → 지번"
WC043911,화랑유원지 F동 화장실,T12,move,37.3268455747836,126.813908652465,,,,"도로명·지번 464m 차이, 도로명을 8곳이 같이 씀(관청·대표 주소 의심) → 지번"
WC043910,화랑유원지 E동 미술관앞 화장실,T12,move,37.3268455747836,126.813908652465,,,,"도로명·지번 464m 차이, 도로명을 8곳이 같이 씀(관청·대표 주소 의심) → 지번"
WC043909,화랑유원지 D동 축구장 화장실,T12,move,37.3268455747836,126.813908652465,,,,"도로명·지번 464m 차이, 도로명을 8곳이 같이 씀(관청·대표 주소 의심) → 지번"
WC043908,화랑유원지 C동 암벽장옆 화장실,T12,move,37.3268455747836,126.813908652465,,,,"도로명·지번 464m 차이, 도로명을 8곳이 같이 씀(관청·대표 주소 의심) → 지번"
WC043907,화랑유원지 B동 화장실,T12,move,37.3268455747836,126.813908652465,,,,"도로명·지번 464m 차이, 도로명을 8곳이 같이 씀(관청·대표 주소 의심) → 지번"
WC043906,화랑유원지 A동 화장실,T12,move,37.3268455747836,126.813908652465,,,,"도로명·지번 464m 차이, 도로명을 8곳이 같이 씀(관청·대표 주소 의심) → 지번"
WC043668,갈대습지 야외화장실(생태다리),T12,move,37.2768376728654,126.837926142129,,,,"도로명·지번 382m 차이, 도로명을 3곳이 같이 씀(관청·대표 주소 의심) → 지번"
WC043960,호수공원 제5화장실(인라인장),T12,move,37.3003015104694,126.829282239243,,,,"도로명·지번 301m 차이, 도로명을 5곳이 같이 씀(관청·대표 주소 의심) → 지번"
WC043716,신길역사공원 화장실,T12,move,37.3357383408599,126.785711471068,,,,"도로명·지번 2712m 차이, 장소검색(네이버) → 지번"
WC043710,해봉공원 화장실,T12,move,37.3039449144465,126.746388732596,,,,"도로명·지번 6144m 차이, 도로명을 3곳이 같이 씀(관청·대표 주소 의심) → 지번"
WC043736,해란공원 화장실,T12,move,37.2846913222194,126.864852720723,,,,"도로명·지번 4941m 차이, 장소검색(네이버) → 지번"
WC052438,수련원(문화관),T12,move,37.7206256854465,126.556645840069,,,,"도로명·지번 391m 차이, 도로명을 3곳이 같이 씀(관청·대표 주소 의심) → 지번"
WC053348,순천만국가정원 관람차 매표소 화장실,T12,move,34.9266617026461,127.510883635814,,,,"도로명·지번 362m 차이, 도로명을 5곳이 같이 씀(관청·대표 주소 의심) → 지번"
WC051812,낙동강하구에코센터 야생동물치료센터 화장실,T12,move,35.0993834349849,128.938374898692,,,,"도로명·지번 826m 차이, 장소검색(네이버) → 지번"
WC012164,송상현광장 역사마당,T12,move,35.1664167877962,129.066999166465,,,,"도로명·지번 303m 차이, 장소검색(네이버) → 지번"
WC012162,부산시민공원 야외주차장,T12,move,35.1666069669423,129.061202908665,,,,"도로명·지번 502m 차이, 도로명을 11곳이 같이 씀(관청·대표 주소 의심) → 지번"
WC012161,부산시민공원 다솜관,T12,move,35.168747656634,129.060356711831,,,,"도로명·지번 544m 차이, 장소검색(카카오·네이버) → 지번"
WC012160,부산시민공원 시민사랑채,T12,move,35.168747656634,129.060356711831,,,,"도로명·지번 544m 차이, 장소검색(네이버) → 지번"
WC012159,부산시민공원 카페테리아,T12,move,35.1680352447954,129.058160205501,,,,"도로명·지번 348m 차이, 도로명을 11곳이 같이 씀(관청·대표 주소 의심) → 지번"
WC012157,부산시민공원 숲속북카페,T12,move,35.172012404654,129.060514172992,,,,"도로명·지번 836m 차이, 도로명을 11곳이 같이 씀(관청·대표 주소 의심) → 지번"
WC052256,조각공원2(운동장쪽),T12,move,37.7206256854465,126.556645840069,,,,"도로명·지번 391m 차이, 도로명을 3곳이 같이 씀(관청·대표 주소 의심) → 지번"
WC052255,조각공원1(썰매장쪽),T12,move,37.7206256854465,126.556645840069,,,,"도로명·지번 391m 차이, 도로명을 3곳이 같이 씀(관청·대표 주소 의심) → 지번"
WC045276,용인평온의숲(야외화장실) 공중화장실,T12,move,37.1195806322307,127.228249794187,,,,"도로명·지번 511m 차이, 장소검색(네이버) → 지번"
WC044900,용인평온의숲(나래원) 개방화장실,T12,move,37.1195806322307,127.228249794187,,,,"도로명·지번 511m 차이, 장소검색(네이버) → 지번"
WC044899,용인평온의숲(봉안당) 개방화장실,T12,move,37.1195806322307,127.228249794187,,,,"도로명·지번 511m 차이, 장소검색(네이버) → 지번"
WC044898,용인평온의숲(시설관리동) 개방화장실,T12,move,37.1195806322307,127.228249794187,,,,"도로명·지번 511m 차이, 장소검색(네이버) → 지번"
WC044897,용인평온의숲(장례식장) 개방화장실,T12,move,37.1195806322307,127.228249794187,,,,"도로명·지번 511m 차이, 장소검색(네이버) → 지번"
WC017880,신대호수,T12,move,37.2830843912389,127.075812403834,,,,"도로명·지번 909m 차이, 장소검색(네이버) → 지번"
WC017872,앨리웨이광교,T12,move,37.2737266700943,127.060945467331,,,,"도로명·지번 827m 차이, 장소검색(네이버) → 지번"
WC017863,어번레비,T12,move,37.2790544651802,127.06034988904,,,,"도로명·지번 530m 차이, 도로명을 6곳이 같이 씀(관청·대표 주소 의심) → 지번"
WC017800,자작나무쉼터,T12,move,37.2879729635747,127.077364307591,,,,"도로명·지번 1293m 차이, 도로명을 3곳이 같이 씀(관청·대표 주소 의심) → 지번"
WC017788,정다운,T12,move,37.2868523117069,127.07018468388,,,,"도로명·지번 781m 차이, 도로명을 3곳이 같이 씀(관청·대표 주소 의심) → 지번"
WC017717,행복한들,T12,move,37.2819038809975,127.070362199902,,,,"도로명·지번 410m 차이, 도로명을 6곳이 같이 씀(관청·대표 주소 의심) → 지번"
WC007642,장복산공원(구례동산),T12,move,35.1731382435752,128.668154472563,,,,"도로명·지번 685m 차이, 도로명을 5곳이 같이 씀(관청·대표 주소 의심) → 지번"
WC053321,장복하늘마루길(하늘마루 앞),T12,move,35.1731382435752,128.668154472563,,,,"도로명·지번 685m 차이, 도로명을 5곳이 같이 씀(관청·대표 주소 의심) → 지번"
WC053320,장복하늘마루길(삼밀사입구),T12,move,35.1731382435752,128.668154472563,,,,"도로명·지번 685m 차이, 도로명을 5곳이 같이 씀(관청·대표 주소 의심) → 지번"
WC007605,장복하늘마루산길(하늘마루 입구),T12,move,35.1731382435752,128.668154472563,,,,"도로명·지번 685m 차이, 도로명을 5곳이 같이 씀(관청·대표 주소 의심) → 지번"
WC007604,장복하늘마루산길(천주교공원묘지 위),T12,move,35.1692902383494,128.684654505209,,,,"도로명·지번 1154m 차이, 도로명을 3곳이 같이 씀(관청·대표 주소 의심) → 지번"
WC007603,장복하늘마루산길(편백숲 쉼터 옆),T12,move,35.1692902383494,128.684654505209,,,,"도로명·지번 1154m 차이, 도로명을 3곳이 같이 씀(관청·대표 주소 의심) → 지번"
WC011871,남포지하도상가A번화장실,T12,move,35.0973966003204,129.026584989248,,,,"도로명·지번 498m 차이, 도로명을 3곳이 같이 씀(관청·대표 주소 의심) → 지번"
WC052518,"낙동강체육공원 게이트볼,족구장 화장실",T12,move,36.1384442704625,128.375646689416,,,,"도로명·지번 1060m 차이, 도로명을 12곳이 같이 씀(관청·대표 주소 의심) → 지번"
WC052517,낙동강체육공원 축구장4번 화장실,T12,move,36.1384442704625,128.375646689416,,,,"도로명·지번 1060m 차이, 도로명을 12곳이 같이 씀(관청·대표 주소 의심) → 지번"
WC028018,산악레포츠공원 정상 화장실,T12,move,36.2585214276438,128.391725367871,,,,"도로명·지번 620m 차이, 도로명을 4곳이 같이 씀(관청·대표 주소 의심) → 지번"
WC028017,산악레포츠공원 인공암벽 화장실,T12,move,36.2585214276438,128.391725367871,,,,"도로명·지번 620m 차이, 도로명을 4곳이 같이 씀(관청·대표 주소 의심) → 지번"
WC028016,산악레포츠공원 관리사무실 화장실,T12,move,36.2585214276438,128.391725367871,,,,"도로명·지번 620m 차이, 도로명을 4곳이 같이 씀(관청·대표 주소 의심) → 지번"
WC028015,산악레포츠공원 5주차장 화장실,T12,move,36.2585214276438,128.391725367871,,,,"도로명·지번 620m 차이, 도로명을 4곳이 같이 씀(관청·대표 주소 의심) → 지번"
WC027984,"동락공원 화합의숲(족구장,모임광장,5번광장)화장실",T12,move,36.0964539480353,128.40198336489,,,,"도로명·지번 334m 차이, 도로명을 8곳이 같이 씀(관청·대표 주소 의심) → 지번"
WC027983,동락공원 축구장(=7번광장) 화장실,T12,move,36.0964539480353,128.40198336489,,,,"도로명·지번 334m 차이, 도로명을 8곳이 같이 씀(관청·대표 주소 의심) → 지번"
WC027981,동락공원 어린이놀이터 태양광친환경화장실,T12,move,36.0964539480353,128.40198336489,,,,"도로명·지번 334m 차이, 도로명을 8곳이 같이 씀(관청·대표 주소 의심) → 지번"
WC027980,동락공원 방범초소 화장실,T12,move,36.0964539480353,128.40198336489,,,,"도로명·지번 334m 차이, 도로명을 8곳이 같이 씀(관청·대표 주소 의심) → 지번"
WC027979,동락공원 반려동물 놀이터,T12,move,36.0964539480353,128.40198336489,,,,"도로명·지번 334m 차이, 도로명을 8곳이 같이 씀(관청·대표 주소 의심) → 지번"
WC027978,동락공원 민속정원 화장실,T12,move,36.0964539480353,128.40198336489,,,,"도로명·지번 334m 차이, 장소검색(카카오·네이버) → 지번"
WC027975,동락공원 고려촌 화장실,T12,move,36.0964539480353,128.40198336489,,,,"도로명·지번 334m 차이, 도로명을 8곳이 같이 씀(관청·대표 주소 의심) → 지번"
WC027955,낙동강체육공원 하류제방화장실,T12,move,36.1384442704625,128.375646689416,,,,"도로명·지번 1060m 차이, 도로명을 12곳이 같이 씀(관청·대표 주소 의심) → 지번"
WC027950,낙동강체육공원 어린이놀이터화장실,T12,move,36.1384442704625,128.375646689416,,,,"도로명·지번 1060m 차이, 도로명을 12곳이 같이 씀(관청·대표 주소 의심) → 지번"
WC027943,낙동강체육공원 구미캠핑장 화장실5,T12,move,36.1384442704625,128.375646689416,,,,"도로명·지번 1060m 차이, 도로명을 12곳이 같이 씀(관청·대표 주소 의심) → 지번"
WC027942,낙동강체육공원 구미캠핑장 화장실4,T12,move,36.1384442704625,128.375646689416,,,,"도로명·지번 1060m 차이, 도로명을 12곳이 같이 씀(관청·대표 주소 의심) → 지번"
WC027941,낙동강체육공원 구미캠핑장 화장실3,T12,move,36.1384442704625,128.375646689416,,,,"도로명·지번 1060m 차이, 도로명을 12곳이 같이 씀(관청·대표 주소 의심) → 지번"
WC027940,낙동강체육공원 구미캠핑장 화장실2,T12,move,36.1384442704625,128.375646689416,,,,"도로명·지번 1060m 차이, 도로명을 12곳이 같이 씀(관청·대표 주소 의심) → 지번"
WC027939,낙동강체육공원 구미캠핑장 화장실1,T12,move,36.1384442704625,128.375646689416,,,,"도로명·지번 1060m 차이, 도로명을 12곳이 같이 씀(관청·대표 주소 의심) → 지번"
WC027937,낙동강체육공원 계류장 주차장 화장실(수거식),T12,move,36.1384442704625,128.375646689416,,,,"도로명·지번 1060m 차이, 도로명을 12곳이 같이 씀(관청·대표 주소 의심) → 지번"
WC027936,낙동강체육공원 3번주차장화장실,T12,move,36.1384442704625,128.375646689416,,,,"도로명·지번 1060m 차이, 도로명을 12곳이 같이 씀(관청·대표 주소 의심) → 지번"
WC032035,삼봉보건진료소,T12,move,34.9503592757135,128.24923193998,,,,"도로명·지번 2751m 차이, 장소검색(카카오·네이버) → 지번"
WC035361,이로근린공원(한국병원 앞),T12,move,34.8127013595333,126.419339559454,,,,"도로명·지번 375m 차이, 장소검색(카카오) → 지번"
WC000916,석적10 섬내공원 화장실,T12,move,36.0760620079151,128.406628839038,,,,"도로명·지번 785m 차이, 장소검색(네이버) → 지번"
WC044640,두곡교 뒤 (다리중간),T12,move,37.1347150241759,127.05446134632,,,,"도로명·지번 645m 차이, 도로명을 3곳이 같이 씀(관청·대표 주소 의심) → 지번"
WC044638,탑동대교 옆,T12,move,37.1338464412125,127.055922311652,,,,"도로명·지번 541m 차이, 장소검색(카카오·네이버) → 지번"
WC044613,오산역 환승센터 버스터미널 공중화장실,T12,move,37.1467202778932,127.066846984736,,,,"도로명·지번 993m 차이, 장소검색(카카오·네이버) → 지번"
WC005888,한강시민공원(야구장),T12,move,37.5718173168123,127.129117715241,,,,"도로명·지번 443m 차이, 장소검색(네이버) → 지번"
WC005887,한강시민공원(화훼단지),T12,move,37.5740879211395,127.139866040774,,,,"도로명·지번 619m 차이, 장소검색(네이버) → 지번"
WC025920,황새공원 다목적광장,T12,move,36.5425946459243,126.797362714742,,,,"도로명·지번 436m 차이, 장소검색(네이버) → 지번"
WC031066,진례5일시장 공중화장실,T12,move,35.2486886187168,128.7488436238,,,,"도로명·지번 1218m 차이, 장소검색(카카오·네이버) → 지번"
WC045412,운정호수공원(3호),T12,move,37.7204954056048,126.757607456994,,,,"도로명·지번 341m 차이, 장소검색(카카오·네이버) → 지번"
WC045411,운정호수공원(2호),T12,move,37.7204954056048,126.757607456994,,,,"도로명·지번 341m 차이, 장소검색(카카오·네이버) → 지번"
WC045410,운정호수공원(1호),T12,move,37.7204954056048,126.757607456994,,,,"도로명·지번 341m 차이, 장소검색(카카오·네이버) → 지번"
WC001523,나비화장실(문화유물전시관 옆),T12,move,35.0578478435584,126.522931727173,,,,"도로명·지번 335m 차이, 도로명을 14곳이 같이 씀(관청·대표 주소 의심) → 지번"
WC001522,황소주차장 화장실,T12,move,35.0589089882687,126.523130106657,,,,"도로명·지번 426m 차이, 장소검색(카카오·네이버) → 지번"
WC001414,자연생태공원 놀이동산 화장실,T12,move,35.1356690071977,126.502301075782,,,,"도로명·지번 318m 차이, 도로명을 7곳이 같이 씀(관청·대표 주소 의심) → 지번"
WC001413,자연생태공원 수변데크 입구,T12,move,35.1356690071977,126.502301075782,,,,"도로명·지번 318m 차이, 도로명을 7곳이 같이 씀(관청·대표 주소 의심) → 지번"
WC001412,자연생태공원 나비애벌레관 옆,T12,move,35.1356690071977,126.502301075782,,,,"도로명·지번 318m 차이, 도로명을 7곳이 같이 씀(관청·대표 주소 의심) → 지번"
WC001411,자연생태공원 나비표본전시관2층,T12,move,35.1356690071977,126.502301075782,,,,"도로명·지번 318m 차이, 도로명을 7곳이 같이 씀(관청·대표 주소 의심) → 지번"
WC001410,자연생태공원 나비표본전시관1층,T12,move,35.1356690071977,126.502301075782,,,,"도로명·지번 318m 차이, 도로명을 7곳이 같이 씀(관청·대표 주소 의심) → 지번"
WC001409,자연생태공원 집회동 1층,T12,move,35.1356690071977,126.502301075782,,,,"도로명·지번 318m 차이, 도로명을 7곳이 같이 씀(관청·대표 주소 의심) → 지번"
WC001408,자연생태공원 잔디광장 옆,T12,move,35.1356690071977,126.502301075782,,,,"도로명·지번 318m 차이, 도로명을 7곳이 같이 씀(관청·대표 주소 의심) → 지번"
WC047339,탄금공원 야외화장실(돌미로),T12,move,36.9865436478357,127.922306423403,,,,"도로명·지번 1493m 차이, 도로명을 4곳이 같이 씀(관청·대표 주소 의심) → 지번"
WC047314,호암공원화장실(호암),T12,move,36.9642544236135,127.923702811779,,,,"도로명·지번 317m 차이, 장소검색(카카오·네이버) → 지번"
WC047252,유소년 축구장 화장실,T12,move,36.9580345424452,127.909307147305,,,,"도로명·지번 900m 차이, 장소검색(카카오·네이버) → 지번"
WC040991,전망대 내 화장실,T12,move,37.7818763371689,126.292547133889,,,,"도로명·지번 359m 차이, 장소검색(카카오) → 지번"
WC040990,전망대 야외 화장실,T12,move,37.7818763371689,126.292547133889,,,,"도로명·지번 359m 차이, 도로명을 7곳이 같이 씀(관청·대표 주소 의심) → 지번"
WC040989,모노레일 하차장 화장실,T12,move,37.7818763371689,126.292547133889,,,,"도로명·지번 359m 차이, 도로명을 7곳이 같이 씀(관청·대표 주소 의심) → 지번"
WC040988,정원 우측 화장실,T12,move,37.7818763371689,126.292547133889,,,,"도로명·지번 359m 차이, 도로명을 7곳이 같이 씀(관청·대표 주소 의심) → 지번"
WC040987,정원 좌측 화장실,T12,move,37.7818763371689,126.292547133889,,,,"도로명·지번 359m 차이, 도로명을 7곳이 같이 씀(관청·대표 주소 의심) → 지번"
WC040986,광장 화장실,T12,move,37.7818763371689,126.292547133889,,,,"도로명·지번 359m 차이, 도로명을 7곳이 같이 씀(관청·대표 주소 의심) → 지번"
WC040985,쉼터 화장실,T12,move,37.7818763371689,126.292547133889,,,,"도로명·지번 359m 차이, 도로명을 7곳이 같이 씀(관청·대표 주소 의심) → 지번"
WC040664,계양경기장-계양아시아드양궁장,T12,move,37.5326550415416,126.747537863399,,,,"도로명·지번 323m 차이, 도로명을 3곳이 같이 씀(관청·대표 주소 의심) → 지번"
WC040663,계양경기장-서운체육공원,T12,move,37.5326550415416,126.747537863399,,,,"도로명·지번 323m 차이, 도로명을 3곳이 같이 씀(관청·대표 주소 의심) → 지번"
WC040662,인천국제벨로드롬(사이클),T12,move,37.5326550415416,126.747537863399,,,,"도로명·지번 323m 차이, 도로명을 3곳이 같이 씀(관청·대표 주소 의심) → 지번"
WC040650,소양어린이공원,T12,move,37.5582467302809,126.741643398342,,,,"도로명·지번 3896m 차이, 장소검색(카카오·네이버) → 지번"
WC050527,순천만국가정원 가든밥상 화장실,T12,move,34.9266617026461,127.510883635814,,,,"도로명·지번 398m 차이, 도로명을 9곳이 같이 씀(관청·대표 주소 의심) → 지번"
WC050526,순천만국가정원 꿈틀정원 화장실,T12,move,34.9266617026461,127.510883635814,,,,"도로명·지번 398m 차이, 도로명을 9곳이 같이 씀(관청·대표 주소 의심) → 지번"
WC050525,순천만국가정원 메타세쿼이아길 화장실,T12,move,34.9266617026461,127.510883635814,,,,"도로명·지번 398m 차이, 장소검색(카카오·네이버) → 지번"
WC050524,순천만국가정원 독일정원 화장실,T12,move,34.9266617026461,127.510883635814,,,,"도로명·지번 398m 차이, 장소검색(카카오·네이버) → 지번"
WC050523,순천만국가정원 테라피가든 화장실,T12,move,34.9266617026461,127.510883635814,,,,"도로명·지번 398m 차이, 도로명을 9곳이 같이 씀(관청·대표 주소 의심) → 지번"
WC050522,순천만국가정원 프랑스정원 화장실,T12,move,34.9266617026461,127.510883635814,,,,"도로명·지번 398m 차이, 도로명을 9곳이 같이 씀(관청·대표 주소 의심) → 지번"
WC050521,순천만국가정원 강변공연장 화장실,T12,move,34.9266617026461,127.510883635814,,,,"도로명·지번 398m 차이, 도로명을 9곳이 같이 씀(관청·대표 주소 의심) → 지번"
WC050516,순천만국가정원 시크릿어드벤처 화장실,T12,move,34.9266617026461,127.510883635814,,,,"도로명·지번 362m 차이, 도로명을 5곳이 같이 씀(관청·대표 주소 의심) → 지번"
WC050515,순천만국가정원 국가정원식물원 화장실(2층),T12,move,34.9266617026461,127.510883635814,,,,"도로명·지번 362m 차이, 도로명을 5곳이 같이 씀(관청·대표 주소 의심) → 지번"
WC050514,순천만국가정원 국가정원식물원 화장실(1층),T12,move,34.9266617026461,127.510883635814,,,,"도로명·지번 362m 차이, 도로명을 5곳이 같이 씀(관청·대표 주소 의심) → 지번"
WC050513,순천만국가정원 워케이션 화장실,T12,move,34.9266617026461,127.510883635814,,,,"도로명·지번 362m 차이, 장소검색(카카오·네이버) → 지번"
WC050470,보조구장 편의시설 화장실,T12,move,34.9362953726578,127.517998739246,,,,"도로명·지번 447m 차이, 도로명을 23곳이 같이 씀(관청·대표 주소 의심) → 지번"
WC050468,올림픽기념관 화장실,T12,move,34.9351970337734,127.519731080902,,,,"도로명·지번 503m 차이, 장소검색(카카오) → 지번"
WC050467,팔마체육관 화장실,T12,move,34.9364042461918,127.519901020914,,,,"도로명·지번 368m 차이, 장소검색(네이버) → 지번"
WC050447,국가정원스포츠센터 화장실,T12,move,34.9280716585872,127.514575562351,,,,"도로명·지번 1403m 차이, 장소검색(카카오·네이버) → 지번"
WC043582,소요산 화장실(관리사무소),T12,move,37.9436083003993,127.082109055401,,,,"도로명·지번 1150m 차이, 장소검색(카카오) → 지번"
WC043581,소요산 화장실(다목적광장),T12,move,37.9436083003993,127.082109055401,,,,"도로명·지번 1150m 차이, 장소검색(카카오) → 지번"
WC043580,소요산 화장실(일주문),T12,move,37.9436083003993,127.082109055401,,,,"도로명·지번 1150m 차이, 장소검색(카카오) → 지번"
WC043579,소요산 화장실(자재암),T12,move,37.9436083003993,127.082109055401,,,,"도로명·지번 1150m 차이, 장소검색(카카오) → 지번"
WC043578,소요산 화장실(중앙),T12,move,37.9436083003993,127.082109055401,,,,"도로명·지번 1150m 차이, 장소검색(카카오) → 지번"
WC043967,안산문화예술의전당 전시동 2층 화장실,T12,move,37.3084118392029,126.831372284939,,,,"도로명·지번 1332m 차이, 도로명을 4곳이 같이 씀(관청·대표 주소 의심) → 지번"
WC043965,안산문화예술의전당 공연동 1층 화장실,T12,move,37.3136106496684,126.831389665465,,,,"도로명·지번 907m 차이, 도로명을 4곳이 같이 씀(관청·대표 주소 의심) → 지번"
WC051558,신풍교공중화장실,T12,move,34.8580156794395,126.946099528129,,,,"도로명·지번 1443m 차이, 장소검색(카카오·네이버) → 지번"
WC051529,한천자연휴양림제1공중화장실,T12,move,34.984116922206,127.041397694787,,,,"도로명·지번 599m 차이, 도로명을 4곳이 같이 씀(관청·대표 주소 의심) → 지번"
WC051528,한천자연휴양림캠핑장공중화장실,T12,hide,,,,,,"도로명·지번 599m 차이, 카카오·네이버가 서로 다른 쪽 → 숨김"
WC051527,한천자연휴양림제2공중화장실,T12,move,34.984116922206,127.041397694787,,,,"도로명·지번 599m 차이, 도로명을 4곳이 같이 씀(관청·대표 주소 의심) → 지번"
WC047862,실내체육관 1층(동편),T12,move,35.847435400402,127.127104762414,,,,"도로명·지번 408m 차이, 도로명을 3곳이 같이 씀(관청·대표 주소 의심) → 지번"
WC047860,실내체육관 1층(서편),T12,move,35.847435400402,127.127104762414,,,,"도로명·지번 408m 차이, 도로명을 3곳이 같이 씀(관청·대표 주소 의심) → 지번"
WC047715,완산공원(정상),T12,move,35.8032571493413,127.141816085717,,,,"도로명·지번 1420m 차이, 장소검색(카카오) → 지번"
WC047687,선너머공원,T12,move,35.8098760806263,127.126580842679,,,,"도로명·지번 3206m 차이, 장소검색(카카오·네이버) → 지번"
WC047686,서일공원,T12,move,35.8369569534166,127.116041878398,,,,"도로명·지번 587m 차이, 장소검색(카카오·네이버) → 지번"
WC047680,효림,T12,move,35.8026505172592,127.113834703418,,,,"도로명·지번 1433m 차이, 장소검색(카카오·네이버) → 지번"
WC039191,김포공항 국제선 화장실,T12,move,37.5668093694949,126.802955054368,,,,"도로명·지번 507m 차이, 장소검색(카카오·네이버) → 지번"
WC039158,서울식물원 식물문화센터 화장실,T12,move,37.5681724774025,126.832986743525,,,,"도로명·지번 453m 차이, 장소검색(네이버) → 지번"
WC039155,서울식물원 주제원 화장실,T12,move,37.5681724774025,126.832986743525,,,,"도로명·지번 453m 차이, 장소검색(카카오·네이버) → 지번"
WC039154,서울식물원 방문자센터 화장실,T12,move,37.5681724774025,126.832986743525,,,,"도로명·지번 453m 차이, 도로명을 8곳이 같이 씀(관청·대표 주소 의심) → 지번"
WC039153,서울식물원 티하우스 화장실,T12,move,37.5681724774025,126.832986743525,,,,"도로명·지번 453m 차이, 장소검색(카카오·네이버) → 지번"
WC039152,서울식물원 숲문화학교 화장실,T12,move,37.5681724774025,126.832986743525,,,,"도로명·지번 453m 차이, 도로명을 8곳이 같이 씀(관청·대표 주소 의심) → 지번"
WC039151,서울식물원 어린이정원학교 화장실,T12,move,37.5681724774025,126.832986743525,,,,"도로명·지번 453m 차이, 도로명을 8곳이 같이 씀(관청·대표 주소 의심) → 지번"
WC051304,시립미술관(정문),T12,move,35.1689963022349,126.904583966924,,,,"도로명·지번 2326m 차이, 도로명을 5곳이 같이 씀(관청·대표 주소 의심) → 지번"
WC051303,시립미술관(유희장),T12,move,35.1728008185645,126.911190468842,,,,"도로명·지번 2586m 차이, 도로명을 5곳이 같이 씀(관청·대표 주소 의심) → 지번"
WC051302,시립미술관(운암제),T12,move,35.2406952964579,126.91233811354,,,,"도로명·지번 6847m 차이, 도로명을 5곳이 같이 씀(관청·대표 주소 의심) → 지번"
WC051299,시립미술관(3 1 탑),T12,move,35.1795460116018,126.930464084463,,,,"도로명·지번 4089m 차이, 도로명을 5곳이 같이 씀(관청·대표 주소 의심) → 지번"
WC051103,각화도매시장 본관동,T12,move,35.2090009173395,126.89516301561,,,,"도로명·지번 4634m 차이, 도로명을 6곳이 같이 씀(관청·대표 주소 의심) → 지번"
WC051102,각화도매시장 광주채소,T12,move,35.2090009173395,126.89516301561,,,,"도로명·지번 4634m 차이, 도로명을 6곳이 같이 씀(관청·대표 주소 의심) → 지번"
WC034578,금강수목원 원앙,T12,move,36.4379632327865,127.243144866994,,,,"도로명·지번 931m 차이, 도로명을 7곳이 같이 씀(관청·대표 주소 의심) → 지번"
WC034577,금강수목원 온실,T12,move,36.4379632327865,127.243144866994,,,,"도로명·지번 931m 차이, 도로명을 7곳이 같이 씀(관청·대표 주소 의심) → 지번"
WC034576,금강자연휴양림 서문,T12,move,36.4379632327865,127.243144866994,,,,"도로명·지번 931m 차이, 도로명을 7곳이 같이 씀(관청·대표 주소 의심) → 지번"
WC034575,금강자연휴양림 물놀이장,T12,move,36.4379632327865,127.243144866994,,,,"도로명·지번 931m 차이, 도로명을 7곳이 같이 씀(관청·대표 주소 의심) → 지번"
WC034574,금강자연휴양림 야영장,T12,move,36.4379632327865,127.243144866994,,,,"도로명·지번 931m 차이, 도로명을 7곳이 같이 씀(관청·대표 주소 의심) → 지번"
WC034573,충청남도산림환경연구소,T12,move,36.4379632327865,127.243144866994,,,,"도로명·지번 931m 차이, 도로명을 7곳이 같이 씀(관청·대표 주소 의심) → 지번"
WC034572,충청남도산림박물관,T12,move,36.4379632327865,127.243144866994,,,,"도로명·지번 931m 차이, 도로명을 7곳이 같이 씀(관청·대표 주소 의심) → 지번"
WC034548,호수공원 푸른들판 화장실,T12,move,36.4971151630795,127.273445840592,,,,"도로명·지번 356m 차이, 장소검색(카카오) → 지번"
WC034547,호수공원 제1주차장 공중화장실,T12,move,36.4971151630795,127.273445840592,,,,"도로명·지번 356m 차이, 도로명을 5곳이 같이 씀(관청·대표 주소 의심) → 지번"
WC034546,호수공원 수질정화센터 화장실,T12,move,36.4971151630795,127.273445840592,,,,"도로명·지번 356m 차이, 도로명을 5곳이 같이 씀(관청·대표 주소 의심) → 지번"
WC034545,호수공원 수상무대섬 화장실,T12,move,36.4971151630795,127.273445840592,,,,"도로명·지번 356m 차이, 도로명을 5곳이 같이 씀(관청·대표 주소 의심) → 지번"
WC034323,중앙공원1단계 커뮤니티센터,T12,move,36.4951414922187,127.276011197744,,,,"도로명·지번 535m 차이, 도로명을 7곳이 같이 씀(관청·대표 주소 의심) → 지번"
WC050122,삼선산수목원 방문자센터 1층,T12,move,36.9068688492533,126.589766771794,,,,"도로명·지번 368m 차이, 도로명을 4곳이 같이 씀(관청·대표 주소 의심) → 지번"
WC050121,삼선산수목원 방문자센터 2층,T12,move,36.9068688492533,126.589766771794,,,,"도로명·지번 368m 차이, 도로명을 4곳이 같이 씀(관청·대표 주소 의심) → 지번"
WC050120,삼선산수목원 안내소,T12,move,36.9068688492533,126.589766771794,,,,"도로명·지번 368m 차이, 도로명을 4곳이 같이 씀(관청·대표 주소 의심) → 지번"
WC050119,삼선산수목원 숲속도서관 야외,T12,move,36.9068688492533,126.589766771794,,,,"도로명·지번 368m 차이, 도로명을 4곳이 같이 씀(관청·대표 주소 의심) → 지번"
WC032712,거창사건추모공원-역사교육관,T12,move,35.5587971974618,127.927834721658,,,,"도로명·지번 431m 차이, 장소검색(카카오·네이버) → 지번"
WC006346,운여해변,T12,move,36.4306658901373,126.357396386572,,,,"도로명·지번 308m 차이, 장소검색(카카오·네이버) → 지번"
WC047619,공주고앞 주차장 공중화장실,T12,move,36.4489602376762,127.123053030557,,,,"도로명·지번 459m 차이, 장소검색(카카오) → 지번"
WC047430,공산성 임류각앞 화장실,T12,move,36.4619510588228,127.128529794802,,,,"도로명·지번 566m 차이, 장소검색(카카오·네이버) → 지번"
WC047428,공산성 영은사앞 화장실,T12,move,36.4635145530339,127.128552122499,,,,"도로명·지번 475m 차이, 장소검색(카카오) → 지번"
WC047427,공산성 쌍수정옆 화장실,T12,move,36.4627020937983,127.125475836015,,,,"도로명·지번 322m 차이, 장소검색(카카오·네이버) → 지번"
WC021354,하평해변,T12,move,37.8441293169949,128.871884108768,,,,"도로명·지번 396m 차이, 장소검색(카카오·네이버) → 지번"
WC021330,옥계풋살경기장(크리스탈벨리센터내),T12,move,37.6106247926333,129.031560545017,,,,"도로명·지번 355m 차이, 장소검색(네이버) → 지번"
WC021143,오죽헌 주차장 공중화장실,T12,move,37.7792995729652,128.881425871436,,,,"도로명·지번 429m 차이, 도로명을 5곳이 같이 씀(관청·대표 주소 의심) → 지번"
WC044395,고양리틀야구장,T12,move,37.6815220561734,126.741879869724,,,,"도로명·지번 571m 차이, 장소검색(네이버) → 지번"
WC044216,정발산공원 화장실-1,T12,move,37.6631802700884,126.780531061353,,,,"도로명·지번 379m 차이, 도로명을 6곳이 같이 씀(관청·대표 주소 의심) → 지번"
WC044215,정발산공원 화장실-2,T12,move,37.6631802700884,126.780531061353,,,,"도로명·지번 379m 차이, 도로명을 6곳이 같이 씀(관청·대표 주소 의심) → 지번"
WC044214,정발산공원 화장실-3,T12,move,37.6631802700884,126.780531061353,,,,"도로명·지번 379m 차이, 도로명을 6곳이 같이 씀(관청·대표 주소 의심) → 지번"
WC044213,정발산공원 화장실-4,T12,move,37.6631802700884,126.780531061353,,,,"도로명·지번 379m 차이, 도로명을 6곳이 같이 씀(관청·대표 주소 의심) → 지번"
WC044212,정발산공원 화장실-5,T12,move,37.6631802700884,126.780531061353,,,,"도로명·지번 379m 차이, 도로명을 6곳이 같이 씀(관청·대표 주소 의심) → 지번"
WC044211,정발산공원 화장실-6,T12,move,37.6631802700884,126.780531061353,,,,"도로명·지번 379m 차이, 도로명을 6곳이 같이 씀(관청·대표 주소 의심) → 지번"
WC044152,주제광장,T12,move,37.6576632930723,126.764276786262,,,,"도로명·지번 826m 차이, 도로명을 7곳이 같이 씀(관청·대표 주소 의심) → 지번"
WC044151,매점화장실,T12,move,37.6576632930723,126.764276786262,,,,"도로명·지번 826m 차이, 도로명을 7곳이 같이 씀(관청·대표 주소 의심) → 지번"
WC044150,장미화장실,T12,move,37.6576632930723,126.764276786262,,,,"도로명·지번 826m 차이, 도로명을 7곳이 같이 씀(관청·대표 주소 의심) → 지번"
WC044149,회화화장실,T12,move,37.6576632930723,126.764276786262,,,,"도로명·지번 826m 차이, 도로명을 7곳이 같이 씀(관청·대표 주소 의심) → 지번"
WC044148,두루미화장실,T12,move,37.6576632930723,126.764276786262,,,,"도로명·지번 826m 차이, 도로명을 7곳이 같이 씀(관청·대표 주소 의심) → 지번"
WC044147,호반화장실,T12,move,37.6576632930723,126.764276786262,,,,"도로명·지번 826m 차이, 도로명을 7곳이 같이 씀(관청·대표 주소 의심) → 지번"
WC044146,악어화장실,T12,move,37.6576632930723,126.764276786262,,,,"도로명·지번 826m 차이, 도로명을 7곳이 같이 씀(관청·대표 주소 의심) → 지번"
WC017283,갈티못,T12,move,35.5302453455203,129.280585477511,,,,"도로명·지번 1203m 차이, 장소검색(네이버) → 지번"
WC015070,고잔근린공원,T12,move,37.3866222674584,126.704757069635,,,,"도로명·지번 518m 차이, 장소검색(카카오·네이버) → 지번"
WC014966,송도파크골프장(관리동),T12,move,37.3954336960652,126.659319383085,,,,"도로명·지번 479m 차이, 도로명을 5곳이 같이 씀(관청·대표 주소 의심) → 지번"
WC014958,동곡공원,T12,move,37.4158310695976,126.672514561475,,,,"도로명·지번 666m 차이, 장소검색(카카오·네이버) → 지번"
WC005698,달빛공원(이동식-다목적운동장),T12,move,37.3954336960652,126.659319383085,,,,"도로명·지번 479m 차이, 장소검색(카카오·네이버) → 지번"
WC005697,달빛공원(이동식-MTB장),T12,move,37.3954336960652,126.659319383085,,,,"도로명·지번 479m 차이, 장소검색(카카오·네이버) → 지번"
WC005696,달빛공원(이동식2-연송고앞),T12,move,37.3954336960652,126.659319383085,,,,"도로명·지번 479m 차이, 장소검색(카카오·네이버) → 지번"
WC005695,달빛축제공원(기와화장실),T12,move,37.4060443050857,126.636141579464,,,,"도로명·지번 379m 차이, 도로명을 5곳이 같이 씀(관청·대표 주소 의심) → 지번"
WC005694,달빛축제공원(이동식 1),T12,move,37.4060443050857,126.636141579464,,,,"도로명·지번 379m 차이, 도로명을 5곳이 같이 씀(관청·대표 주소 의심) → 지번"
WC005693,달빛축제공원(이동식 2),T12,move,37.4060443050857,126.636141579464,,,,"도로명·지번 379m 차이, 도로명을 5곳이 같이 씀(관청·대표 주소 의심) → 지번"
WC005692,달빛축제공원(공연장사이),T12,move,37.4060443050857,126.636141579464,,,,"도로명·지번 379m 차이, 도로명을 5곳이 같이 씀(관청·대표 주소 의심) → 지번"
WC005691,새아침공원(생태교육관 내),T12,move,37.3949470052822,126.657461611209,,,,"도로명·지번 477m 차이, 장소검색(네이버) → 지번"
WC005690,새아침공원(테니스장 옆),T12,move,37.3949470052822,126.657461611209,,,,"도로명·지번 477m 차이, 장소검색(네이버) → 지번"
WC005689,"새아침공원(이동식, 도서관옆)",T12,move,37.3949470052822,126.657461611209,,,,"도로명·지번 477m 차이, 장소검색(네이버) → 지번"
WC005549,달빛축제공원(리틀야구장),T12,move,37.4060443050857,126.636141579464,,,,"도로명·지번 379m 차이, 도로명을 5곳이 같이 씀(관청·대표 주소 의심) → 지번"
WC005545,송도파크골프장(이동식),T12,move,37.3954336960652,126.659319383085,,,,"도로명·지번 479m 차이, 도로명을 5곳이 같이 씀(관청·대표 주소 의심) → 지번"
WC014656,송림골 꿈드림센터,T12,move,37.4764358129066,126.648186269987,,,,"도로명·지번 1511m 차이, 장소검색(카카오·네이버) → 지번"
WC040478,계명문화대학교 보건관,T12,move,35.8596782140507,128.490988697322,,,,"도로명·지번 419m 차이, 장소검색(네이버) → 지번"
WC040477,계명문화대학교 KMC스포츠센터,T12,move,35.8596782140507,128.490988697322,,,,"도로명·지번 419m 차이, 장소검색(카카오) → 지번"
WC040476,계명문화대학교 희전관(유아교육과실습동),T12,move,35.8596782140507,128.490988697322,,,,"도로명·지번 419m 차이, 장소검색(카카오) → 지번"
WC040475,계명문화대학교 복지관,T12,move,35.8596782140507,128.490988697322,,,,"도로명·지번 419m 차이, 장소검색(카카오·네이버) → 지번"
WC040474,계명문화대학교 음악관,T12,move,35.8596782140507,128.490988697322,,,,"도로명·지번 419m 차이, 장소검색(카카오) → 지번"
WC040473,계명문화대학교 수련관,T12,move,35.8596782140507,128.490988697322,,,,"도로명·지번 419m 차이, 장소검색(카카오·네이버) → 지번"
WC040472,계명문화대학교 동산생활관 별관,T12,move,35.8596782140507,128.490988697322,,,,"도로명·지번 419m 차이, 장소검색(카카오) → 지번"
WC040471,계명문화대학교 동산생활관(계명관),T12,move,35.8596782140507,128.490988697322,,,,"도로명·지번 419m 차이, 장소검색(카카오·네이버) → 지번"
WC040470,계명문화대학교 사회과학관,T12,move,35.8596782140507,128.490988697322,,,,"도로명·지번 419m 차이, 장소검색(카카오·네이버) → 지번"
WC040469,계명문화대학교 예술관,T12,move,35.8596782140507,128.490988697322,,,,"도로명·지번 419m 차이, 장소검색(카카오·네이버) → 지번"
WC040468,계명문화대학교 쉐턱관(강의동),T12,move,35.8596782140507,128.490988697322,,,,"도로명·지번 419m 차이, 장소검색(카카오·네이버) → 지번"
WC040467,계명문화대학교 동산관(문화관),T12,move,35.8596782140507,128.490988697322,,,,"도로명·지번 419m 차이, 장소검색(카카오·네이버) → 지번"
WC040411,본리종합사회복지관,T12,move,35.8409833244559,128.543206362631,,,,"도로명·지번 783m 차이, 장소검색(카카오·네이버) → 지번"
WC039780,제1주차장,T12,move,37.519015290756,127.074279813304,,,,"도로명·지번 1109m 차이, 도로명을 11곳이 같이 씀(관청·대표 주소 의심) → 지번"
WC039779,유람선선착장2,T12,move,37.519015290756,127.074279813304,,,,"도로명·지번 1109m 차이, 도로명을 11곳이 같이 씀(관청·대표 주소 의심) → 지번"
WC039773,잠실대교 하부,T12,move,37.519015290756,127.074279813304,,,,"도로명·지번 1109m 차이, 도로명을 11곳이 같이 씀(관청·대표 주소 의심) → 지번"
WC039772,잠실나루나들목 앞,T12,move,37.519015290756,127.074279813304,,,,"도로명·지번 1109m 차이, 도로명을 11곳이 같이 씀(관청·대표 주소 의심) → 지번"
WC039771,유람선선착장,T12,move,37.519015290756,127.074279813304,,,,"도로명·지번 1109m 차이, 도로명을 11곳이 같이 씀(관청·대표 주소 의심) → 지번"
WC039770,청소년광장,T12,move,37.519015290756,127.074279813304,,,,"도로명·지번 1109m 차이, 장소검색(카카오·네이버) → 지번"
WC039769,제4주차장,T12,move,37.519015290756,127.074279813304,,,,"도로명·지번 1109m 차이, 도로명을 11곳이 같이 씀(관청·대표 주소 의심) → 지번"
WC039766,만남의 광장,T12,move,37.519015290756,127.074279813304,,,,"도로명·지번 1109m 차이, 도로명을 11곳이 같이 씀(관청·대표 주소 의심) → 지번"
WC039765,론볼장,T12,move,37.519015290756,127.074279813304,,,,"도로명·지번 1109m 차이, 도로명을 11곳이 같이 씀(관청·대표 주소 의심) → 지번"
WC039763,올림픽공원-소마미술관,T12,hide,,,,,,"도로명·지번 509m 차이, 카카오·네이버가 서로 다른 쪽 → 숨김"
WC039761,올림픽공원-피크닉장(옥외화장실),T12,move,37.5207764001143,127.121283983215,,,,"도로명·지번 495m 차이, 도로명을 13곳이 같이 씀(관청·대표 주소 의심) → 지번"
WC039760,올림픽공원-평화의광장A-2동(옥외화장실),T12,move,37.5207764001143,127.121283983215,,,,"도로명·지번 495m 차이, 도로명을 13곳이 같이 씀(관청·대표 주소 의심) → 지번"
WC039759,올림픽공원-평화의광장A-1동(옥외화장실),T12,move,37.5207764001143,127.121283983215,,,,"도로명·지번 495m 차이, 도로명을 13곳이 같이 씀(관청·대표 주소 의심) → 지번"
WC039758,올림픽공원-토성(옥외화장실),T12,move,37.5207764001143,127.121283983215,,,,"도로명·지번 495m 차이, 장소검색(카카오·네이버) → 지번"
WC039757,올림픽공원-지구촌(옥외화장실),T12,move,37.5207764001143,127.121283983215,,,,"도로명·지번 495m 차이, 도로명을 13곳이 같이 씀(관청·대표 주소 의심) → 지번"
WC039756,올림픽공원-장자목(옥외화장실),T12,move,37.5207764001143,127.121283983215,,,,"도로명·지번 495m 차이, 도로명을 13곳이 같이 씀(관청·대표 주소 의심) → 지번"
WC039755,올림픽공원-장미(옥외화장실),T12,move,37.5207764001143,127.121283983215,,,,"도로명·지번 495m 차이, 도로명을 13곳이 같이 씀(관청·대표 주소 의심) → 지번"
WC039754,올림픽공원-북2문(옥외화장실),T12,move,37.5207764001143,127.121283983215,,,,"도로명·지번 495m 차이, 도로명을 13곳이 같이 씀(관청·대표 주소 의심) → 지번"
WC039753,올림픽공원-몽촌역사관,T12,move,37.5207764001143,127.121283983215,,,,"도로명·지번 495m 차이, 도로명을 13곳이 같이 씀(관청·대표 주소 의심) → 지번"
WC039752,올림픽공원-만남의광장A-2동(옥외화장실),T12,move,37.5207764001143,127.121283983215,,,,"도로명·지번 495m 차이, 도로명을 13곳이 같이 씀(관청·대표 주소 의심) → 지번"
WC039751,올림픽공원-남2문(옥외화장실),T12,move,37.5207764001143,127.121283983215,,,,"도로명·지번 495m 차이, 도로명을 13곳이 같이 씀(관청·대표 주소 의심) → 지번"
WC039750,올림픽공원-P1(옥외화장실),T12,move,37.5207764001143,127.121283983215,,,,"도로명·지번 495m 차이, 도로명을 13곳이 같이 씀(관청·대표 주소 의심) → 지번"
WC039749,올림픽공원-88호수(옥외화장실),T12,move,37.5207764001143,127.121283983215,,,,"도로명·지번 495m 차이, 장소검색(네이버) → 지번"
WC039680,가락로주유소(셀프),T12,move,37.4994906064161,127.101741729836,,,,"도로명·지번 1131m 차이, 장소검색(네이버) → 지번"
WC038665,청운대안내소 공중화장실(청운대 안내소 앞),T12,move,37.5962976732338,126.972882208263,,,,"도로명·지번 985m 차이, 장소검색(카카오) → 지번"
WC046086,한국불교치악산관음사,T12,move,37.3445082399187,128.015456157547,,,,"도로명·지번 4876m 차이, 장소검색(카카오·네이버) → 지번"
WC045918,학성공원 화장실,T12,move,37.3541676811188,127.936246812766,,,,"도로명·지번 1281m 차이, 장소검색(카카오·네이버) → 지번"
WC045847,성문안CC IN코스 티하우스,T12,move,37.3984156144223,127.829294162331,,,,"도로명·지번 661m 차이, 도로명을 7곳이 같이 씀(관청·대표 주소 의심) → 지번"
WC045846,성문안CC OUT코스 티하우스,T12,move,37.3984156144223,127.829294162331,,,,"도로명·지번 661m 차이, 도로명을 7곳이 같이 씀(관청·대표 주소 의심) → 지번"
WC045845,성문안CC 스타트하우스,T12,move,37.3984156144223,127.829294162331,,,,"도로명·지번 661m 차이, 도로명을 7곳이 같이 씀(관청·대표 주소 의심) → 지번"
WC045844,성문안CC 피오레토 PDR NO.1 ROOM,T12,move,37.3984156144223,127.829294162331,,,,"도로명·지번 661m 차이, 도로명을 7곳이 같이 씀(관청·대표 주소 의심) → 지번"
WC045843,성문안CC 클럽하우스 VIP 락카,T12,move,37.3984156144223,127.829294162331,,,,"도로명·지번 661m 차이, 도로명을 7곳이 같이 씀(관청·대표 주소 의심) → 지번"
WC045842,성문안CC 클럽하우스 락카,T12,move,37.3984156144223,127.829294162331,,,,"도로명·지번 661m 차이, 도로명을 7곳이 같이 씀(관청·대표 주소 의심) → 지번"
WC045841,성문안CC 클럽하우스 락카 입구,T12,move,37.3984156144223,127.829294162331,,,,"도로명·지번 661m 차이, 도로명을 7곳이 같이 씀(관청·대표 주소 의심) → 지번"
WC045840,힐스CC 직원식당 앞,T12,move,37.4070926581136,127.809731639672,,,,"도로명·지번 701m 차이, 도로명을 4곳이 같이 씀(관청·대표 주소 의심) → 지번"
WC045839,힐스CC직원식당 입구,T12,move,37.4070926581136,127.809731639672,,,,"도로명·지번 701m 차이, 도로명을 4곳이 같이 씀(관청·대표 주소 의심) → 지번"
WC045838,힐스CC광장 화장실,T12,move,37.4070926581136,127.809731639672,,,,"도로명·지번 701m 차이, 도로명을 4곳이 같이 씀(관청·대표 주소 의심) → 지번"
WC045837,힐스CC 클럽하우스 락카 입구,T12,move,37.4070926581136,127.809731639672,,,,"도로명·지번 701m 차이, 도로명을 4곳이 같이 씀(관청·대표 주소 의심) → 지번"
WC045836,밸리CC 직원식당 B1F,T12,move,37.4371583506705,127.817719832528,,,,"도로명·지번 373m 차이, 도로명을 6곳이 같이 씀(관청·대표 주소 의심) → 지번"
WC045835,밸리CC 직원식당 1F,T12,move,37.4371583506705,127.817719832528,,,,"도로명·지번 373m 차이, 도로명을 6곳이 같이 씀(관청·대표 주소 의심) → 지번"
WC045834,밸리CC 스타트 하우스,T12,move,37.4371583506705,127.817719832528,,,,"도로명·지번 373m 차이, 도로명을 6곳이 같이 씀(관청·대표 주소 의심) → 지번"
WC045833,밸리CC 광장 화장실 (카트고 부근),T12,move,37.4371583506705,127.817719832528,,,,"도로명·지번 373m 차이, 도로명을 6곳이 같이 씀(관청·대표 주소 의심) → 지번"
WC045832,밸리CC 클럽하우스 락카,T12,move,37.4371583506705,127.817719832528,,,,"도로명·지번 373m 차이, 도로명을 6곳이 같이 씀(관청·대표 주소 의심) → 지번"
WC045831,밸리CC 클럽하우스 락카 입구,T12,move,37.4371583506705,127.817719832528,,,,"도로명·지번 373m 차이, 도로명을 6곳이 같이 씀(관청·대표 주소 의심) → 지번"
WC014888,학산도서관,T12,move,37.4709960382425,126.65486256477,,,,"도로명·지번 417m 차이, 도로명을 9곳이 같이 씀(관청·대표 주소 의심) → 지번"
WC022559,영월실내체육관,T12,move,37.1761359787679,128.4641317349,,,,"도로명·지번 492m 차이, 장소검색(카카오·네이버) → 지번"
WC022555,하늘샘체육관 화장실(내부),T12,move,37.1761359787679,128.4641317349,,,,"도로명·지번 492m 차이, 장소검색(카카오) → 지번"
WC022538,스포츠파크 하늘샘구장,T12,move,37.1761359787679,128.4641317349,,,,"도로명·지번 492m 차이, 도로명을 9곳이 같이 씀(관청·대표 주소 의심) → 지번"
WC022536,스포츠파크 영월그라운드골프장,T12,move,37.1761359787679,128.4641317349,,,,"도로명·지번 492m 차이, 도로명을 9곳이 같이 씀(관청·대표 주소 의심) → 지번"
WC022535,영월파크골프장,T12,move,37.1728048749549,128.458684284215,,,,"도로명·지번 382m 차이, 장소검색(카카오) → 지번"
WC022534,영월국민체육센터,T12,move,37.1761359787679,128.4641317349,,,,"도로명·지번 492m 차이, 장소검색(카카오) → 지번"
WC019257,더웰오피스텔,T12,move,37.3302601057141,126.687559991027,,,,"도로명·지번 7712m 차이, 장소검색(카카오·네이버) → 지번"
WC016862,국립한밭대학교 테니스장 관리동,T12,move,36.3510177153635,127.300154010851,,,,"도로명·지번 786m 차이, 도로명을 27곳이 같이 씀(관청·대표 주소 의심) → 지번"
WC016858,국립한밭대학교 정문수위실,T12,move,36.3510177153635,127.300154010851,,,,"도로명·지번 786m 차이, 도로명을 27곳이 같이 씀(관청·대표 주소 의심) → 지번"
WC016857,국립한밭대학교 N13동(그린에너지관),T12,move,36.3510177153635,127.300154010851,,,,"도로명·지번 786m 차이, 도로명을 27곳이 같이 씀(관청·대표 주소 의심) → 지번"
WC016856,국립한밭대학교 N12동(동아리관),T12,move,36.3510177153635,127.300154010851,,,,"도로명·지번 786m 차이, 도로명을 27곳이 같이 씀(관청·대표 주소 의심) → 지번"
WC016855,국립한밭대학교 N11동(창의혁신관),T12,move,36.3510177153635,127.300154010851,,,,"도로명·지번 786m 차이, 도로명을 27곳이 같이 씀(관청·대표 주소 의심) → 지번"
WC016854,국립한밭대학교 N10동(파워플랜트),T12,move,36.3510177153635,127.300154010851,,,,"도로명·지번 786m 차이, 도로명을 27곳이 같이 씀(관청·대표 주소 의심) → 지번"
WC016853,국립한밭대학교 N9동(공동실습관(2)),T12,move,36.3510177153635,127.300154010851,,,,"도로명·지번 786m 차이, 도로명을 27곳이 같이 씀(관청·대표 주소 의심) → 지번"
WC016852,국립한밭대학교 N8동(소재관 및 공동실험실습관),T12,move,36.3510177153635,127.300154010851,,,,"도로명·지번 786m 차이, 도로명을 27곳이 같이 씀(관청·대표 주소 의심) → 지번"
WC016851,국립한밭대학교 N7동(기계관),T12,move,36.3510177153635,127.300154010851,,,,"도로명·지번 786m 차이, 도로명을 27곳이 같이 씀(관청·대표 주소 의심) → 지번"
WC016850,국립한밭대학교 N6동(화학환경관),T12,move,36.3510177153635,127.300154010851,,,,"도로명·지번 786m 차이, 도로명을 27곳이 같이 씀(관청·대표 주소 의심) → 지번"
WC016849,국립한밭대학교 N5동(자동화관),T12,move,36.3510177153635,127.300154010851,,,,"도로명·지번 786m 차이, 도로명을 27곳이 같이 씀(관청·대표 주소 의심) → 지번"
WC016848,국립한밭대학교 N4동(산업정보관),T12,move,36.3510177153635,127.300154010851,,,,"도로명·지번 786m 차이, 도로명을 27곳이 같이 씀(관청·대표 주소 의심) → 지번"
WC016847,국립한밭대학교 N3동(전기전자관),T12,move,36.3510177153635,127.300154010851,,,,"도로명·지번 786m 차이, 도로명을 27곳이 같이 씀(관청·대표 주소 의심) → 지번"
WC016846,국립한밭대학교 N2동(아트홀),T12,move,36.3510177153635,127.300154010851,,,,"도로명·지번 786m 차이, 도로명을 27곳이 같이 씀(관청·대표 주소 의심) → 지번"
WC016845,국립한밭대학교 N1동(대학본부),T12,move,36.3510177153635,127.300154010851,,,,"도로명·지번 786m 차이, 도로명을 27곳이 같이 씀(관청·대표 주소 의심) → 지번"
WC016844,국립한밭대학교 S11동(학군단),T12,move,36.3510177153635,127.300154010851,,,,"도로명·지번 786m 차이, 도로명을 27곳이 같이 씀(관청·대표 주소 의심) → 지번"
WC016843,국립한밭대학교 S10동(디자인관),T12,move,36.3510177153635,127.300154010851,,,,"도로명·지번 786m 차이, 도로명을 27곳이 같이 씀(관청·대표 주소 의심) → 지번"
WC016842,국립한밭대학교 S9동(한밭인큐베이터타운),T12,move,36.3510177153635,127.300154010851,,,,"도로명·지번 786m 차이, 도로명을 27곳이 같이 씀(관청·대표 주소 의심) → 지번"
WC016841,국립한밭대학교 S8동(건설공학관),T12,move,36.3510177153635,127.300154010851,,,,"도로명·지번 786m 차이, 도로명을 27곳이 같이 씀(관청·대표 주소 의심) → 지번"
WC016840,국립한밭대학교 S7동(체육관),T12,move,36.3510177153635,127.300154010851,,,,"도로명·지번 786m 차이, 도로명을 27곳이 같이 씀(관청·대표 주소 의심) → 지번"
WC016839,국립한밭대학교 S6동(공동실습관(1)),T12,move,36.3510177153635,127.300154010851,,,,"도로명·지번 786m 차이, 도로명을 27곳이 같이 씀(관청·대표 주소 의심) → 지번"
WC016838,국립한밭대학교 S5동(산학연협동관),T12,move,36.3510177153635,127.300154010851,,,,"도로명·지번 786m 차이, 도로명을 27곳이 같이 씀(관청·대표 주소 의심) → 지번"
WC016837,국립한밭대학교 S4동(인문사회관),T12,move,36.3510177153635,127.300154010851,,,,"도로명·지번 786m 차이, 도로명을 27곳이 같이 씀(관청·대표 주소 의심) → 지번"
WC016836,국립한밭대학교 S3동(경상학관),T12,move,36.3510177153635,127.300154010851,,,,"도로명·지번 786m 차이, 도로명을 27곳이 같이 씀(관청·대표 주소 의심) → 지번"
WC016835,국립한밭대학교 S2동(학생회관),T12,move,36.3510177153635,127.300154010851,,,,"도로명·지번 786m 차이, 도로명을 27곳이 같이 씀(관청·대표 주소 의심) → 지번"
WC016834,국립한밭대학교 S1동(도서관),T12,move,36.3510177153635,127.300154010851,,,,"도로명·지번 786m 차이, 도로명을 27곳이 같이 씀(관청·대표 주소 의심) → 지번"
WC016833,국립한밭대학교 S0동(국제교류관),T12,move,36.3510177153635,127.300154010851,,,,"도로명·지번 786m 차이, 도로명을 27곳이 같이 씀(관청·대표 주소 의심) → 지번"
WC005026,좌천체육공원,T12,move,35.1361890039731,129.05165448444,,,,"도로명·지번 960m 차이, 장소검색(네이버) → 지번"
WC005021,구봉산 도등,T12,move,35.1269197107184,129.027791110726,,,,"도로명·지번 1614m 차이, 도로명을 3곳이 같이 씀(관청·대표 주소 의심) → 지번"
WC005019,수정4동초소,T12,move,35.1286681932884,129.035919190496,,,,"도로명·지번 856m 차이, 도로명을 3곳이 같이 씀(관청·대표 주소 의심) → 지번"
WC037293,오소재약수터,T12,hide,,,,,,"도로명·지번 3244m 차이, 카카오·네이버가 서로 다른 쪽 → 숨김"
WC006031,디엠제트박물관 야외화장실(1층),T12,move,38.5732417116554,128.384035432967,,,,"도로명·지번 363m 차이, 도로명을 5곳이 같이 씀(관청·대표 주소 의심) → 지번"
WC006030,디엠제트박물관 야외(주차장),T12,move,38.5732417116554,128.384035432967,,,,"도로명·지번 363m 차이, 도로명을 5곳이 같이 씀(관청·대표 주소 의심) → 지번"
WC005502,소두방공원(3호),T12,move,35.3267274716034,129.184743847907,,,,"도로명·지번 344m 차이, 장소검색(카카오·네이버) → 지번"
WC008951,고흥문화원,T12,move,34.6124574214157,127.299316712778,,,,"도로명·지번 353m 차이, 장소검색(카카오·네이버) → 지번"
WC031434,표충사매표소앞,T12,move,35.5330349508415,128.95449257101,,,,"도로명·지번 421m 차이, 장소검색(네이버) → 지번"
WC031433,표충사놀이터(=표충사야영장),T12,move,35.5316669135437,128.945395865938,,,,"도로명·지번 1237m 차이, 장소검색(네이버) → 지번"
WC031432,시전마을상가,T12,move,35.5316451713029,128.943329987888,,,,"도로명·지번 1424m 차이, 도로명을 7곳이 같이 씀(관청·대표 주소 의심) → 지번"
WC029883,경상국립대학교내동캠퍼스,T12,move,35.1570934849827,128.082468134869,,,,"도로명·지번 581m 차이, 장소검색(카카오·네이버) → 지번"
WC029880,경상국립대학교(도서관),T12,move,35.1519548377297,128.097966319031,,,,"도로명·지번 529m 차이, 장소검색(네이버) → 지번"
WC029879,경상국립대학교(박물관),T12,move,35.1519548377297,128.097966319031,,,,"도로명·지번 529m 차이, 장소검색(네이버) → 지번"
WC029878,경상국립대학교(체육관),T12,move,35.1519548377297,128.097966319031,,,,"도로명·지번 529m 차이, 장소검색(네이버) → 지번"
WC029877,경상국립대학교(컨벤션센터),T12,move,35.1519548377297,128.097966319031,,,,"도로명·지번 529m 차이, 장소검색(네이버) → 지번"
WC029796,경남남도 수목원(동물원),T12,move,35.1598879203623,128.292320996893,,,,"도로명·지번 431m 차이, 도로명을 6곳이 같이 씀(관청·대표 주소 의심) → 지번"
WC029795,경상남도산림환경연구원,T12,move,35.1613857426433,128.293800191574,,,,"도로명·지번 498m 차이, 도로명을 6곳이 같이 씀(관청·대표 주소 의심) → 지번"
WC029793,경상남도수목원 체험학습장,T12,move,35.1613857426433,128.293800191574,,,,"도로명·지번 498m 차이, 장소검색(카카오) → 지번"
WC023404,정구장화장실,T12,move,37.1115404912425,128.207006200607,,,,"도로명·지번 2293m 차이, 도로명을 6곳이 같이 씀(관청·대표 주소 의심) → 지번"
WC023388,테니스장,T12,move,37.1213424180776,128.173815774521,,,,"도로명·지번 488m 차이, 장소검색(카카오·네이버) → 지번"
WC023387,"축구센터2,3구장",T12,move,37.1219436631955,128.172304374347,,,,"도로명·지번 404m 차이, 도로명을 3곳이 같이 씀(관청·대표 주소 의심) → 지번"
WC037564,평림댐 화장실,T12,move,35.2849965347291,126.683062817312,,,,"도로명·지번 6885m 차이, 장소검색(카카오) → 지번"
WC027761,시립박물관,T12,move,36.5791881443002,128.766922403995,,,,"도로명·지번 412m 차이, 장소검색(카카오) → 지번"
WC027758,태화경로당 공중화장실,T12,move,36.5595020849916,128.711781411484,,,,"도로명·지번 642m 차이, 장소검색(네이버) → 지번"
WC020136,선사유적지 미롱이,T12,move,38.012561079971,127.060769904957,,,,"도로명·지번 348m 차이, 도로명을 6곳이 같이 씀(관청·대표 주소 의심) → 지번"
WC020135,선사유적지 고롱이,T12,move,38.012561079971,127.060769904957,,,,"도로명·지번 348m 차이, 도로명을 6곳이 같이 씀(관청·대표 주소 의심) → 지번"
WC020132,구석기체험숲1,T12,move,38.012561079971,127.060769904957,,,,"도로명·지번 348m 차이, 도로명을 6곳이 같이 씀(관청·대표 주소 의심) → 지번"
WC020131,구석기체험숲2,T12,move,38.012561079971,127.060769904957,,,,"도로명·지번 348m 차이, 도로명을 6곳이 같이 씀(관청·대표 주소 의심) → 지번"
WC020130,구석기체험숲3,T12,move,38.012561079971,127.060769904957,,,,"도로명·지번 348m 차이, 도로명을 6곳이 같이 씀(관청·대표 주소 의심) → 지번"
WC020129,구석기체험숲4,T12,move,38.012561079971,127.060769904957,,,,"도로명·지번 348m 차이, 도로명을 6곳이 같이 씀(관청·대표 주소 의심) → 지번"
WC013526,동화사(도학동),T12,move,35.9929112804807,128.704198249452,,,,"도로명·지번 1091m 차이, 장소검색(카카오·네이버) → 지번"
WC010000,신내역,T12,move,37.6119376925508,127.106120070868,,,,"도로명·지번 418m 차이, 장소검색(카카오·네이버) → 지번"
WC035906,진남체육공원 진남경기장,T12,move,34.76067160261,127.723544785677,,,,"도로명·지번 302m 차이, 도로명을 13곳이 같이 씀(관청·대표 주소 의심) → 지번"
WC035905,진남체육공원 진남스포츠센터,T12,move,34.76067160261,127.723544785677,,,,"도로명·지번 302m 차이, 도로명을 13곳이 같이 씀(관청·대표 주소 의심) → 지번"
WC035904,진남체육공원 진남야구장,T12,move,34.76067160261,127.723544785677,,,,"도로명·지번 302m 차이, 도로명을 13곳이 같이 씀(관청·대표 주소 의심) → 지번"
WC035903,진남체육공원 진남테니스장(내),T12,move,34.76067160261,127.723544785677,,,,"도로명·지번 302m 차이, 도로명을 13곳이 같이 씀(관청·대표 주소 의심) → 지번"
WC035902,진남체육공원 진남테니스장(외),T12,move,34.76067160261,127.723544785677,,,,"도로명·지번 302m 차이, 도로명을 13곳이 같이 씀(관청·대표 주소 의심) → 지번"
WC035901,진남체육공원 인라인경기장(내),T12,move,34.76067160261,127.723544785677,,,,"도로명·지번 302m 차이, 장소검색(카카오·네이버) → 지번"
WC035900,진남체육공원 인라인경기장(외),T12,move,34.76067160261,127.723544785677,,,,"도로명·지번 302m 차이, 장소검색(카카오·네이버) → 지번"
WC035899,진남체육공원 씨름장,T12,move,34.76067160261,127.723544785677,,,,"도로명·지번 302m 차이, 도로명을 13곳이 같이 씀(관청·대표 주소 의심) → 지번"
WC035896,진남체육공원 복합구장,T12,move,34.76067160261,127.723544785677,,,,"도로명·지번 302m 차이, 도로명을 13곳이 같이 씀(관청·대표 주소 의심) → 지번"
WC035895,진남체육공원 국장장,T12,move,34.76067160261,127.723544785677,,,,"도로명·지번 302m 차이, 도로명을 13곳이 같이 씀(관청·대표 주소 의심) → 지번"
WC010011,제1주차장 화장실,T12,move,37.5955111654958,127.115657194953,,,,"도로명·지번 405m 차이, 도로명을 3곳이 같이 씀(관청·대표 주소 의심) → 지번"
WC025345,금산여중,T12,move,36.1054642624405,127.482872376927,,,,"도로명·지번 3130m 차이, 장소검색(카카오·네이버) → 지번"
WC029277,고령테니스장,T12,move,35.7245610864677,128.279489438951,,,,"도로명·지번 428m 차이, 장소검색(네이버) → 지번"
WC029248,대가야읍 파크골프장,T12,move,35.7245610864677,128.279489438951,,,,"도로명·지번 428m 차이, 장소검색(네이버) → 지번"
WC029235,생활체육공원 1,T12,move,35.7245610864677,128.279489438951,,,,"도로명·지번 428m 차이, 도로명을 6곳이 같이 씀(관청·대표 주소 의심) → 지번"
WC029234,생활체육공원 2,T12,move,35.7245610864677,128.279489438951,,,,"도로명·지번 428m 차이, 도로명을 6곳이 같이 씀(관청·대표 주소 의심) → 지번"
WC029233,생활체육공원 주차장 1,T12,move,35.7245610864677,128.279489438951,,,,"도로명·지번 428m 차이, 도로명을 6곳이 같이 씀(관청·대표 주소 의심) → 지번"
WC029232,생활체육공원 주차장 2,T12,move,35.7245610864677,128.279489438951,,,,"도로명·지번 428m 차이, 도로명을 6곳이 같이 씀(관청·대표 주소 의심) → 지번"
WC035145,금천배수지근린공원,T12,move,36.6262707627129,127.513110835806,,,,"도로명·지번 540m 차이, 장소검색(네이버) → 지번"
WC022028,삼척시보건소,T12,move,37.4437555391664,129.172360104214,,,,"도로명·지번 308m 차이, 장소검색(카카오·네이버) → 지번"
WC021932,장미공원C,T12,move,37.4349815910138,129.172099819481,,,,"도로명·지번 730m 차이, 도로명을 3곳이 같이 씀(관청·대표 주소 의심) → 지번"
WC021931,장미공원B,T12,move,37.4342944735575,129.175079287749,,,,"도로명·지번 460m 차이, 도로명을 3곳이 같이 씀(관청·대표 주소 의심) → 지번"
WC021930,장미공원A,T12,move,37.4349815910138,129.172099819481,,,,"도로명·지번 730m 차이, 도로명을 3곳이 같이 씀(관청·대표 주소 의심) → 지번"
WC031386,가곡동둔치주차장,T12,move,35.4770422109843,128.760666506753,,,,"도로명·지번 486m 차이, 이름의 읍면동 → 지번"
WC039973,대신공원 관리사무실 뒤,T12,move,35.1287253037881,129.016544625999,,,,"도로명·지번 802m 차이, 도로명을 3곳이 같이 씀(관청·대표 주소 의심) → 지번"
WC028289,상망삼거리,T12,move,36.8374110283078,128.641221801337,,,,"도로명·지번 3535m 차이, 장소검색(카카오·네이버) → 지번"
WC036036,자연황토민박앞,T12,move,35.0774493064285,127.562945629799,,,,"도로명·지번 564m 차이, 장소검색(카카오·네이버) → 지번"
WC035984,목재문화체험장 화장실,T12,move,35.0550070204822,127.599222117196,,,,"도로명·지번 379m 차이, 장소검색(카카오·네이버) → 지번"
WC035981,오토캠핑장 화장실,T12,move,35.0533641814604,127.595712933087,,,,"도로명·지번 320m 차이, 도로명을 10곳이 같이 씀(관청·대표 주소 의심) → 지번"
WC035980,2야영장 화장실,T12,move,35.0607407207828,127.589717116055,,,,"도로명·지번 1291m 차이, 도로명을 10곳이 같이 씀(관청·대표 주소 의심) → 지번"
WC035979,산막2지구 주차장 화장실,T12,move,35.0607407207828,127.589717116055,,,,"도로명·지번 1291m 차이, 도로명을 10곳이 같이 씀(관청·대표 주소 의심) → 지번"
WC035978,산막1지구 주차장 화장실,T12,move,35.0607407207828,127.589717116055,,,,"도로명·지번 1291m 차이, 도로명을 10곳이 같이 씀(관청·대표 주소 의심) → 지번"
WC035977,산막1지구 놀이터 앞 화장실,T12,move,35.0607407207828,127.589717116055,,,,"도로명·지번 1291m 차이, 도로명을 10곳이 같이 씀(관청·대표 주소 의심) → 지번"
WC035976,치유센터 화장실,T12,move,35.0607407207828,127.589717116055,,,,"도로명·지번 1291m 차이, 도로명을 10곳이 같이 씀(관청·대표 주소 의심) → 지번"
WC025141,경찰인재개발원 실내사격장,T12,move,36.7428002144245,126.991879461682,,,,"도로명·지번 388m 차이, 장소검색(카카오·네이버) → 지번"
WC025140,경찰인재개발원 C강의동,T12,move,36.7428002144245,126.991879461682,,,,"도로명·지번 388m 차이, 도로명을 5곳이 같이 씀(관청·대표 주소 의심) → 지번"
WC025139,경찰인재개발원 B강의동,T12,move,36.7428002144245,126.991879461682,,,,"도로명·지번 388m 차이, 도로명을 5곳이 같이 씀(관청·대표 주소 의심) → 지번"
WC025138,경찰인재개발원 A강의동,T12,move,36.7428002144245,126.991879461682,,,,"도로명·지번 388m 차이, 도로명을 5곳이 같이 씀(관청·대표 주소 의심) → 지번"
WC025137,경찰인재개발원 본관동,T12,move,36.7428002144245,126.991879461682,,,,"도로명·지번 388m 차이, 도로명을 5곳이 같이 씀(관청·대표 주소 의심) → 지번"
WC032277,독일마을 주차장(봉화방면),T12,move,34.7997174212861,128.038637340617,,,,"도로명·지번 905m 차이, 장소검색(카카오) → 지번"
WC015846,상소동 산림욕장(하),T12,move,36.2314332734559,127.469095959847,,,,"도로명·지번 338m 차이, 이름의 읍면동 → 지번"
WC015845,상소동 산림욕장(상),T12,move,36.2314332734559,127.469095959847,,,,"도로명·지번 338m 차이, 이름의 읍면동 → 지번"
WC034856,헤슬리나인브릿지화장실,T12,move,37.2517238044355,127.617992784004,,,,"도로명·지번 712m 차이, 장소검색(카카오·네이버) → 지번"
WC034855,페럼클럽골프장화장실,T12,move,37.2091376345138,127.682234756141,,,,"도로명·지번 852m 차이, 장소검색(네이버) → 지번"
WC034848,렉스필드골프장화장실,T12,move,37.4017754852596,127.420138713451,,,,"도로명·지번 1045m 차이, 장소검색(카카오·네이버) → 지번"
WC034844,금강CC골프장화장실,T12,move,37.238869220171,127.601744822655,,,,"도로명·지번 613m 차이, 장소검색(네이버) → 지번"
WC034826,가마섬공중화장실,T12,hide,,,,,,"도로명·지번 485m 차이, 카카오·네이버가 서로 다른 쪽 → 숨김"
WC034805,점동면사무소화장실,T12,move,37.2061035551574,127.662395789907,,,,"도로명·지번 333m 차이, 장소검색(카카오) → 지번"
WC027053,논골교(좌),T12,move,36.1334723296439,129.081121293599,,,,"도로명·지번 26759m 차이, 장소검색(네이버) → 지번"
WC026975,발산2리 간이화장실,T12,move,36.0453320696969,129.515456049439,,,,"도로명·지번 1941m 차이, 장소검색(네이버) → 지번"
WC026835,기계새마을운동장화장실,T12,move,36.0676429261144,129.200572299054,,,,"도로명·지번 966m 차이, 장소검색(네이버) → 지번"
WC012932,동아대학교,T12,move,35.1157451899338,128.966624728175,,,,"도로명·지번 366m 차이, 장소검색(카카오·네이버) → 지번"
WC011634,장승배기역(7),T12,move,37.5052751880915,126.942582397831,,,,"도로명·지번 345m 차이, 장소검색(네이버) → 지번"
WC010158,북서울꿈의숲(라포레스타),T12,move,37.6215438837315,127.041291694166,,,,"도로명·지번 303m 차이, 도로명을 8곳이 같이 씀(관청·대표 주소 의심) → 지번"
WC010157,북서울꿈의숲(상상톡톡미술관),T12,move,37.6215438837315,127.041291694166,,,,"도로명·지번 303m 차이, 도로명을 8곳이 같이 씀(관청·대표 주소 의심) → 지번"
WC010156,북서울꿈의숲(아트센터지상1층),T12,move,37.6215438837315,127.041291694166,,,,"도로명·지번 303m 차이, 도로명을 8곳이 같이 씀(관청·대표 주소 의심) → 지번"
WC010155,북서울꿈의숲(메이린 식당),T12,move,37.6215438837315,127.041291694166,,,,"도로명·지번 303m 차이, 도로명을 8곳이 같이 씀(관청·대표 주소 의심) → 지번"
WC010154,북서울꿈의숲 전망대(2.3층),T12,move,37.6215438837315,127.041291694166,,,,"도로명·지번 303m 차이, 장소검색(카카오·네이버) → 지번"
WC010153,북서울꿈의숲(주차장),T12,move,37.6215438837315,127.041291694166,,,,"도로명·지번 303m 차이, 도로명을 8곳이 같이 씀(관청·대표 주소 의심) → 지번"
WC010152,북서울꿈의숲(야외),T12,move,37.6215438837315,127.041291694166,,,,"도로명·지번 303m 차이, 도로명을 8곳이 같이 씀(관청·대표 주소 의심) → 지번"
WC010151,북서울꿈의숲(관리소1층),T12,move,37.6215438837315,127.041291694166,,,,"도로명·지번 303m 차이, 도로명을 8곳이 같이 씀(관청·대표 주소 의심) → 지번"
WC005324,부경대학교 한미르관,T12,move,35.1338762607149,129.105056607694,,,,"도로명·지번 300m 차이, 도로명을 37곳이 같이 씀(관청·대표 주소 의심) → 지번"
WC005323,부경대학교 테니스장관리동,T12,move,35.1338762607149,129.105056607694,,,,"도로명·지번 300m 차이, 도로명을 37곳이 같이 씀(관청·대표 주소 의심) → 지번"
WC005322,부경대학교 양어장관리사,T12,move,35.1338762607149,129.105056607694,,,,"도로명·지번 300m 차이, 도로명을 37곳이 같이 씀(관청·대표 주소 의심) → 지번"
WC005321,부경대학교 직장어린이집,T12,move,35.1338762607149,129.105056607694,,,,"도로명·지번 300m 차이, 도로명을 37곳이 같이 씀(관청·대표 주소 의심) → 지번"
WC005320,부경대학교 수조실험동,T12,move,35.1338762607149,129.105056607694,,,,"도로명·지번 300m 차이, 장소검색(카카오·네이버) → 지번"
WC005319,부경대학교 수산질병관리원,T12,move,35.1338762607149,129.105056607694,,,,"도로명·지번 300m 차이, 도로명을 37곳이 같이 씀(관청·대표 주소 의심) → 지번"
WC005318,부경대학교 한울관,T12,move,35.1338762607149,129.105056607694,,,,"도로명·지번 300m 차이, 도로명을 37곳이 같이 씀(관청·대표 주소 의심) → 지번"
WC005317,부경대학교 디자인관,T12,move,35.1338762607149,129.105056607694,,,,"도로명·지번 300m 차이, 도로명을 37곳이 같이 씀(관청·대표 주소 의심) → 지번"
WC005316,부경대학교 대학극장,T12,move,35.1338762607149,129.105056607694,,,,"도로명·지번 300m 차이, 도로명을 37곳이 같이 씀(관청·대표 주소 의심) → 지번"
WC005315,부경대학교 체육관,T12,move,35.1338762607149,129.105056607694,,,,"도로명·지번 300m 차이, 도로명을 37곳이 같이 씀(관청·대표 주소 의심) → 지번"
WC005314,부경대학교 위드센터,T12,move,35.1338762607149,129.105056607694,,,,"도로명·지번 300m 차이, 장소검색(카카오·네이버) → 지번"
WC005313,부경대학교 나비센터,T12,move,35.1338762607149,129.105056607694,,,,"도로명·지번 300m 차이, 장소검색(카카오·네이버) → 지번"
WC005312,부경대학교 아름관,T12,move,35.1338762607149,129.105056607694,,,,"도로명·지번 300m 차이, 장소검색(카카오·네이버) → 지번"
WC005311,부경대학교 동원장보고관,T12,move,35.1338762607149,129.105056607694,,,,"도로명·지번 300m 차이, 도로명을 37곳이 같이 씀(관청·대표 주소 의심) → 지번"
WC005310,부경대학교 청운관,T12,move,35.1338762607149,129.105056607694,,,,"도로명·지번 300m 차이, 장소검색(카카오·네이버) → 지번"
WC005309,부경대학교 충무관,T12,move,35.1338762607149,129.105056607694,,,,"도로명·지번 300m 차이, 장소검색(카카오·네이버) → 지번"
WC005308,부경대학교 웅비관,T12,move,35.1338762607149,129.105056607694,,,,"도로명·지번 300m 차이, 장소검색(카카오·네이버) → 지번"
WC005307,부경대학교 누리관,T12,move,35.1338762607149,129.105056607694,,,,"도로명·지번 300m 차이, 장소검색(카카오·네이버) → 지번"
WC005306,부경대학교 자연과학2관,T12,move,35.1338762607149,129.105056607694,,,,"도로명·지번 300m 차이, 도로명을 37곳이 같이 씀(관청·대표 주소 의심) → 지번"
WC005305,부경대학교 호연관,T12,move,35.1338762607149,129.105056607694,,,,"도로명·지번 300m 차이, 장소검색(카카오·네이버) → 지번"
WC005304,부경대학교 건축관,T12,move,35.1338762607149,129.105056607694,,,,"도로명·지번 300m 차이, 장소검색(카카오·네이버) → 지번"
WC005303,부경대학교 해양공동연구관,T12,move,35.1338762607149,129.105056607694,,,,"도로명·지번 300m 차이, 도로명을 37곳이 같이 씀(관청·대표 주소 의심) → 지번"
WC005302,부경대학교 장영실관,T12,move,35.1338762607149,129.105056607694,,,,"도로명·지번 300m 차이, 도로명을 37곳이 같이 씀(관청·대표 주소 의심) → 지번"
WC005301,부경대학교 나래관,T12,move,35.1338762607149,129.105056607694,,,,"도로명·지번 300m 차이, 도로명을 37곳이 같이 씀(관청·대표 주소 의심) → 지번"
WC005300,부경대학교 향파관,T12,move,35.1338762607149,129.105056607694,,,,"도로명·지번 300m 차이, 장소검색(카카오·네이버) → 지번"
WC005299,부경대학교 자연과학1관,T12,move,35.1338762607149,129.105056607694,,,,"도로명·지번 300m 차이, 장소검색(카카오·네이버) → 지번"
WC005298,부경대학교 수산과학관,T12,move,35.1338762607149,129.105056607694,,,,"도로명·지번 300m 차이, 장소검색(카카오·네이버) → 지번"
WC005297,부경대학교 대학본부,T12,move,35.1338762607149,129.105056607694,,,,"도로명·지번 300m 차이, 장소검색(카카오·네이버) → 지번"
WC005296,부경대학교 학술정보관,T12,move,35.1338762607149,129.105056607694,,,,"도로명·지번 300m 차이, 도로명을 37곳이 같이 씀(관청·대표 주소 의심) → 지번"
WC005295,부경대학교 환경해양관,T12,move,35.1338762607149,129.105056607694,,,,"도로명·지번 300m 차이, 장소검색(카카오·네이버) → 지번"
WC005294,부경대학교 미래관,T12,move,35.1338762607149,129.105056607694,,,,"도로명·지번 300m 차이, 도로명을 37곳이 같이 씀(관청·대표 주소 의심) → 지번"
WC005293,부경대학교 가온관,T12,move,35.1338762607149,129.105056607694,,,,"도로명·지번 300m 차이, 장소검색(카카오·네이버) → 지번"
WC005292,부경대학교 인문사회·경영관,T12,move,35.1338762607149,129.105056607694,,,,"도로명·지번 300m 차이, 장소검색(카카오·네이버) → 지번"
WC005291,부경대학교 공학1관,T12,move,35.1338762607149,129.105056607694,,,,"도로명·지번 300m 차이, 도로명을 37곳이 같이 씀(관청·대표 주소 의심) → 지번"
WC005289,부경대학교 창의관,T12,move,35.1338762607149,129.105056607694,,,,"도로명·지번 300m 차이, 도로명을 37곳이 같이 씀(관청·대표 주소 의심) → 지번"
WC005288,부경대학교 수상레저관,T12,move,35.1338762607149,129.105056607694,,,,"도로명·지번 300m 차이, 도로명을 37곳이 같이 씀(관청·대표 주소 의심) → 지번"
WC026146,산외보건지소,T12,move,35.6222206543395,127.041066984332,,,,"도로명·지번 1396m 차이, 장소검색(카카오·네이버) → 지번"
WC024090,음성재래시장,T12,move,36.9385993263478,127.692719760391,,,,"도로명·지번 664m 차이, 장소검색(카카오) → 지번"
WC024040,응천공원,T12,move,37.0332073345244,127.601159219398,,,,"도로명·지번 1710m 차이, 장소검색(카카오) → 지번"
WC023166,간동야구장,T12,move,38.0540768779921,127.832093128661,,,,"도로명·지번 1407m 차이, 장소검색(카카오·네이버) → 지번"
WC026274,모악산주차장,T12,move,35.7177991507814,127.043583591461,,,,"도로명·지번 325m 차이, 도로명을 5곳이 같이 씀(관청·대표 주소 의심) → 지번"
WC026272,모악산주차장 여성전용,T12,move,35.7177991507814,127.043583591461,,,,"도로명·지번 325m 차이, 도로명을 5곳이 같이 씀(관청·대표 주소 의심) → 지번"
WC026271,모악산(구)야영장,T12,move,35.716010341538,127.043958587804,,,,"도로명·지번 462m 차이, 도로명을 5곳이 같이 씀(관청·대표 주소 의심) → 지번"
WC026463,고산자연휴양림 산림휴양관,T12,move,35.9499250895194,127.244127017187,,,,"도로명·지번 1704m 차이, 도로명을 3곳이 같이 씀(관청·대표 주소 의심) → 지번"
WC033005,삼정야영장 화장실,T12,move,35.794380050829,128.074184999514,,,,"도로명·지번 437m 차이, 장소검색(네이버) → 지번"
WC024363,상하수도과 2층,T12,move,36.987421166951,128.354054907181,,,,"도로명·지번 1149m 차이, 도로명을 8곳이 같이 씀(관청·대표 주소 의심) → 지번"
WC024362,상하수도과 1층,T12,move,36.987421166951,128.354054907181,,,,"도로명·지번 1149m 차이, 도로명을 8곳이 같이 씀(관청·대표 주소 의심) → 지번"
WC015289,부평119안전센터,T12,move,37.4921241530103,126.723455875869,,,,"도로명·지번 786m 차이, 장소검색(카카오·네이버) → 지번"
WC022865,아우라지 출렁다리,T12,move,37.4771286755557,128.722074411157,,,,"도로명·지번 4388m 차이, 장소검색(카카오) → 지번"
WC022787,농업기술센터 청사(1층),T12,move,37.4500350598669,128.668387055654,,,,"도로명·지번 2246m 차이, 도로명을 3곳이 같이 씀(관청·대표 주소 의심) → 지번"
WC022729,(주)용평리조트(총괄),T12,move,37.6465450915706,128.68040802729,,,,"도로명·지번 2268m 차이, 도로명을 8곳이 같이 씀(관청·대표 주소 의심) → 지번"
WC022728,주)용평리조트 드래곤캐슬,T12,move,37.6461591987106,128.679968457453,,,,"도로명·지번 2315m 차이, 도로명을 8곳이 같이 씀(관청·대표 주소 의심) → 지번"
WC022727,주)용평리조트 호텔,T12,move,37.6459601896632,128.679854867928,,,,"도로명·지번 2330m 차이, 도로명을 8곳이 같이 씀(관청·대표 주소 의심) → 지번"
WC022726,주)용평리조트 타워프라자,T12,move,37.645717302584,128.679501232497,,,,"도로명·지번 2366m 차이, 도로명을 8곳이 같이 씀(관청·대표 주소 의심) → 지번"
WC022723,주)용평리조트 드래곤프라자,T12,move,37.6457232360728,128.680640461212,,,,"도로명·지번 2269m 차이, 장소검색(카카오) → 지번"
WC022648,블리스힐 유스호스텔,T12,move,37.6457232360728,128.680640461212,,,,"도로명·지번 2269m 차이, 도로명을 8곳이 같이 씀(관청·대표 주소 의심) → 지번"
WC022622,대관령야외공연장,T12,move,37.6576361805352,128.67591033094,,,,"도로명·지번 735m 차이, 장소검색(네이버) → 지번"
WC013618,대구의료원 라파엘웰빙센터,T12,move,35.8591014243074,128.53782603527,,,,"도로명·지번 311m 차이, 도로명을 5곳이 같이 씀(관청·대표 주소 의심) → 지번"
WC036855,득량면 국민체육센터,T12,move,34.762891562979,127.169057788187,,,,"도로명·지번 3510m 차이, 장소검색(카카오) → 지번"
WC036825,회천보건지소 화장실,T12,move,34.6689768526045,127.084697400872,,,,"도로명·지번 755m 차이, 장소검색(카카오) → 지번"
WC036470,도림사(매표소),T12,move,35.2636155964747,127.263348005262,,,,"도로명·지번 354m 차이, 장소검색(네이버) → 지번"
WC030720,사천바다케이블카 초양정류장 공중화장실,T12,move,34.9259175036234,128.044077375037,,,,"도로명·지번 1213m 차이, 장소검색(카카오) → 지번"
WC030632,다솔사,T12,move,35.0843077958341,127.923389782881,,,,"도로명·지번 458m 차이, 장소검색(카카오·네이버) → 지번"
WC030612,와룡산청룡사앞,T12,hide,,,,,,"도로명·지번 596m 차이, 카카오·네이버가 서로 다른 쪽 → 숨김"
WC030559,삼천포공설테니스장,T12,move,34.9406830476345,128.091837766213,,,,"도로명·지번 373m 차이, 도로명을 4곳이 같이 씀(관청·대표 주소 의심) → 지번"
WC017184,약사동 행정복지센터,T12,move,35.5704356460357,129.337280577996,,,,"도로명·지번 1874m 차이, 장소검색(카카오·네이버) → 지번"
WC017160,학성다목적체육관,T12,move,35.5519856871558,129.334288976452,,,,"도로명·지번 1074m 차이, 장소검색(카카오·네이버) → 지번"
WC017159,중구야구장,T12,move,35.5866867432841,129.31708095612,,,,"도로명·지번 4163m 차이, 장소검색(카카오·네이버) → 지번"
WC015519,굴업도 선착장 공중화장실,T12,move,37.1883139893343,125.983184649719,,,,"도로명·지번 319m 차이, 장소검색(네이버) → 지번"
WC014310,가창파크골프장,T12,move,35.7525651808479,128.651421924947,,,,"도로명·지번 1629m 차이, 장소검색(카카오·네이버) → 지번"
WC014201,비슬산휴양림운동장,T12,move,35.6934100721881,128.5077011385,,,,"도로명·지번 603m 차이, 도로명을 3곳이 같이 씀(관청·대표 주소 의심) → 지번"
WC014198,비슬산휴양림캠핑장,T12,move,35.6917978959011,128.517672075865,,,,"도로명·지번 474m 차이, 도로명을 3곳이 같이 씀(관청·대표 주소 의심) → 지번"
WC014197,비슬산휴양림캠핑장관리사무소,T12,move,35.6922344498556,128.508760945381,,,,"도로명·지번 448m 차이, 도로명을 3곳이 같이 씀(관청·대표 주소 의심) → 지번"
WC005532,강정고령보 만남의광장,T12,move,35.8449798017433,128.46972473969,,,,"도로명·지번 598m 차이, 도로명을 3곳이 같이 씀(관청·대표 주소 의심) → 지번"
WC012719,해운대(해운대부민병원),T12,move,35.1612007074654,129.154511825773,,,,"도로명·지번 481m 차이, 장소검색(카카오) → 지번"
WC006753,북천 공중화장실,T12,move,36.4255171582918,128.16490264655,,,,"도로명·지번 816m 차이, 장소검색(카카오) → 지번"
WC012567,반송1동시장,T12,move,35.2264661145811,129.14801592053,,,,"도로명·지번 314m 차이, 장소검색(네이버) → 지번"
WC004842,"간이화장실_현충근린공원(동작동,정금)",T12,move,37.494989778918,126.97620922968,,,,"도로명·지번 1820m 차이, 장소검색(카카오·네이버) → 지번"
WC008802,현대오일뱅크㈜직영장덕셀프주유소,T12,move,35.2026451908931,126.817263931435,,,,"도로명·지번 2342m 차이, 장소검색(네이버) → 지번"
WC008646,원당산공원,T12,move,35.1931282100998,126.820666695825,,,,"도로명·지번 447m 차이, 장소검색(카카오) → 지번"
WC002312,난지천4(놀이터),T12,move,37.5743474576141,126.873348321169,,,,"도로명·지번 696m 차이, 도로명을 4곳이 같이 씀(관청·대표 주소 의심) → 지번"
WC002305,노을1(숙소옆),T12,move,37.5743474576141,126.873348321169,,,,"도로명·지번 696m 차이, 장소검색(카카오) → 지번"
WC002304,노을2(노을공원대피소),T12,move,37.5743474576141,126.873348321169,,,,"도로명·지번 696m 차이, 장소검색(카카오) → 지번"
WC002303,노을3(신관),T12,move,37.5743474576141,126.873348321169,,,,"도로명·지번 721m 차이, 장소검색(카카오) → 지번"
WC002302,노을4(카페),T12,move,37.5743474576141,126.873348321169,,,,"도로명·지번 721m 차이, 장소검색(카카오) → 지번"
WC002301,노을5(바람의광장),T12,move,37.5743474576141,126.873348321169,,,,"도로명·지번 721m 차이, 장소검색(카카오) → 지번"
WC002300,노을6(스타트),T12,move,37.5686248080167,126.881973147948,,,,"도로명·지번 315m 차이, 도로명을 7곳이 같이 씀(관청·대표 주소 의심) → 지번"
WC002297,노을9(가양),T12,move,37.5743474576141,126.873348321169,,,,"도로명·지번 721m 차이, 장소검색(카카오) → 지번"
WC001802,청라호수공원(제3주차장),T12,move,37.5326238491262,126.635819424437,,,,"도로명·지번 861m 차이, 장소검색(네이버) → 지번"
WC001801,청라호수공원(주안중앙교회 쪽),T12,move,37.5326238491262,126.635819424437,,,,"도로명·지번 861m 차이, 장소검색(네이버) → 지번"
WC001800,청라호수공원(안내소 옆),T12,move,37.5326238491262,126.635819424437,,,,"도로명·지번 861m 차이, 장소검색(네이버) → 지번"
WC001799,청라호수공원(제2주차장),T12,move,37.5326238491262,126.635819424437,,,,"도로명·지번 861m 차이, 장소검색(네이버) → 지번"
WC001791,청라호수공원(제1주차장),T12,move,37.5326238491262,126.635819424437,,,,"도로명·지번 861m 차이, 장소검색(네이버) → 지번"
WC012596,부산사회체육센터,T12,move,35.1673910288243,129.137906394135,,,,"도로명·지번 3181m 차이, 장소검색(카카오·네이버) → 지번"
WC012595,반여동우체국,T12,move,35.1953404551954,129.130505759229,,,,"도로명·지번 4574m 차이, 이름의 읍면동 → 지번"
WC012594,반송2동우체국,T12,move,35.2298357262716,129.157866247464,,,,"도로명·지번 7273m 차이, 장소검색(카카오·네이버) → 지번"
WC047443,농업기술센터(농업회관),T12,move,36.49377061778,127.097276522606,,,,"도로명·지번 301m 차이, 도로명을 3곳이 같이 씀(관청·대표 주소 의심) → 지번"
WC001245,가산수변공원2,T12,move,35.2961866981152,129.018260074771,,,,"도로명·지번 1086m 차이, 장소검색(카카오·네이버) → 지번"
WC000761,강천산군립공원(이태리화장실),T12,move,35.4084833416922,127.070001282521,,,,"도로명·지번 314m 차이, 도로명을 7곳이 같이 씀(관청·대표 주소 의심) → 지번"
WC000005,광덕주유소 개방화장실,T12,move,37.5831392761665,127.020077142318,,,,"도로명·지번 644m 차이, 장소검색(카카오·네이버) → 지번"
WC041021,초지진,T11-2,move,37.6325202519864,126.532307919915,,,,"번지 불일치(1251-308→1251-323), 카카오·네이버 장소 일치"
WC038738,동묘앞역(6),T11-2,move,37.5732166600283,127.016364227103,,,,"번지 불일치(2→263-2), 카카오·네이버 장소 일치"
WC027098,구만리 분월포항 간이화장실,T11-2,hide,,,,,,"번지 불일치(175-6→2), 장소로 확인 안 됨 → 숨김"
WC010658,불광역(6) 화장실,T11-2,move,37.6100477979795,126.930315826401,,,,"번지 불일치(1→14-1), 카카오·네이버 장소 일치"
WC010657,역촌역 화장실,T11-2,move,37.60622745935512,126.9228437430386,,,,"번지 불일치(1→144-69), 카카오·네이버 장소 일치"
WC010656,응암역 화장실,T11-2,move,37.5984928632876,126.9155399209037,,,,"번지 불일치(8→85-41), 카카오·네이버 장소 일치"
WC010654,불광역(3) 화장실,T11-2,move,37.6100477979795,126.930315826401,,,,"번지 불일치(1→14-1), 카카오·네이버 장소 일치"
WC022883,들꽃팬션 앞,T11-2,move,37.53554268285049,128.72894761256438,,,,"번지 불일치(243-5→2), 카카오·네이버 장소 일치"
WC022877,숲속쉼터옆,T11-2,move,37.5216335294787,128.703926888109,,,,"번지 불일치(733-1→3), 카카오·네이버 장소 일치"
WC022876,흥터입구,T11-2,move,37.4986394718249,128.720048669957,,,,"번지 불일치(574→3), 카카오·네이버 장소 일치"
WC022875,흥터주차장,T11-2,hide,,,,,,"번지 불일치(574→3), 장소로 확인 안 됨 → 숨김"
WC022871,상동광장(소공원),T11-2,hide,,,,,,"번지 불일치(129-8→4), 장소로 확인 안 됨 → 숨김"
WC022870,아우라지교(소공원),T11-2,move,37.47243671117662,128.71496942517518,,,,"번지 불일치(649-1→3), 카카오·네이버 장소 일치"
WC022869,마산재길정상,T11-2,hide,,,,,,"번지 불일치(152→3), 장소로 확인 안 됨 → 숨김"
WC022855,점재화장실2,T11-2,move,37.2762196578356,128.608969675822,,,,"번지 불일치(243-3→3), 카카오·네이버 장소 일치"
WC022854,점재화장실1,T11-2,move,37.2762196578356,128.608969675822,,,,"번지 불일치(263-2→3), 카카오·네이버 장소 일치"
WC022848,단곡화장실2,T11-2,move,37.2082990109345,128.70878054884,,,,"번지 불일치(87-144→2), 카카오·네이버 장소 일치"
WC022847,단곡화장실1,T11-2,move,37.2082990109345,128.70878054884,,,,"번지 불일치(87-144→2), 카카오·네이버 장소 일치"
WC022846,고방정화장실,T11-2,hide,,,,,,"번지 불일치(811→2), 장소로 확인 안 됨 → 숨김"
WC022844,고성터널,T11-2,move,37.2274970502184,128.622652787698,,,,"번지 불일치(434→2), 카카오·네이버 장소 일치"
WC022843,나들목 화장실,T11-2,hide,,,,,,"번지 불일치(856-6→4), 장소로 확인 안 됨 → 숨김"
WC022842,의림정화장실,T11-2,hide,,,,,,"번지 불일치(190-3→3), 장소로 확인 안 됨 → 숨김"
WC022174,안흥 공중화장실,T11-2,hide,,,,,,"번지 불일치(284-11→1), 장소로 확인 안 됨 → 숨김"
WC006158,향수호수길 생태광장,T12,check,,,,,,주소로도 시설 이름으로도 판단 못 함 → 도로명 유지(확인 목록)
WC043903,백운공원 화장실,T12,place,37.3182955,126.8025925,추정,백운공원,,"화장실명""백운공원 화장실"" — 네이버에서만 찾음(이름 유사 1.00) — 정확하지 않을 수 있음"
WC043804,완충녹지 재래식 화장실,T12,check,,,,,,주소로도 시설 이름으로도 판단 못 함 → 도로명 유지(확인 목록)
WC043765,수변공원 2 화장실(매점옆),T12,check,,,,,,주소로도 시설 이름으로도 판단 못 함 → 도로명 유지(확인 목록)
WC043764,수변공원 1 화장실,T12,check,,,,,,주소로도 시설 이름으로도 판단 못 함 → 도로명 유지(확인 목록)
WC043934,원포공원 대체체육시설 화장실,T12,place,37.303327,126.809817,추정,프라임아트,,"주소·건물명""프라임아트"" — 네이버에서만 찾음(이름 유사 1.00) — 정확하지 않을 수 있음"
WC043923,신길교하부 체육시설 화장실,T12,place,37.2934978,126.8716024,추정,신고속주유소공중화장실,,"주소·건물명""신고속주유소"" — 네이버에서만 찾음(이름 유사 1.00) — 정확하지 않을 수 있음"
WC052479,김포공항역,T12,check,,,,,,주소로도 시설 이름으로도 판단 못 함 → 도로명 유지(확인 목록)
WC016130,중앙로지하상가(ABCD구역) 개방화장실,T12,place,36.32716882435043,127.42191204003731,확인,중앙로지하상가,27158882,"화장실명""중앙로지하상가(ABCD구역) 개방화장실"" — 카카오·네이버가 같은 시설로 확인(142m 차이)"
WC051842,수산자원연구소 사무연구동 화장실,T12,place,35.0877795955537,128.908545836653,확인,부산광역시 수산자원연구소,17384969,"주소·건물명""수산자원연구소"" — 카카오·네이버가 같은 시설로 확인(85m 차이)"
WC053146,양산종합운동장(보조구장),T12,place,35.34506188560852,129.03157224213376,확인,양산종합운동장,24203860,"화장실명""양산종합운동장(보조구장)"" — 카카오·네이버가 같은 시설로 확인(70m 차이)"
WC053145,양산종합운동장(테니스장관리동),T12,place,35.34506188560852,129.03157224213376,확인,양산종합운동장,24203860,"화장실명""양산종합운동장(테니스장관리동)"" — 카카오·네이버가 같은 시설로 확인(70m 차이)"
WC053357,팔마주경기장 씨름장 옆 화장실,T12,place,34.9360841384054,127.518283092972,확인,팔마종합운동장 보조경기장,601983924,"주소·건물명""순천팔마종합경기장"" — 카카오·네이버가 같은 시설로 확인(4m 차이)"
WC051909,앞산케이블카정상,T12,place,35.8243621307738,128.58713486739,확인,앞산케이블카,27136039,"주소·건물명""앞산케이블카"" — 카카오·네이버가 같은 시설로 확인(0m 차이)"
WC051901,큰골서편 자락길,T12,check,,,,,,주소로도 시설 이름으로도 판단 못 함 → 도로명 유지(확인 목록)
WC051899,대덕동산,T12,check,,,,,,주소로도 시설 이름으로도 판단 못 함 → 도로명 유지(확인 목록)
WC051879,현충로역,T12,place,35.8409494737259,128.581471198973,확인,현충로역 대구1호선,21160959,"화장실명""현충로역"" — 카카오·네이버가 같은 시설로 확인(10m 차이)"
WC051791,숙등 지하철역,T12,check,,,,,,주소로도 시설 이름으로도 판단 못 함 → 도로명 유지(확인 목록)
WC051813,낙동강하구에코센터 탐방체험장 화장실,T12,check,,,,,,주소로도 시설 이름으로도 판단 못 함 → 도로명 유지(확인 목록)
WC012226,동의대학교 가야캠퍼스,T12,place,35.14432009812797,129.03630860841804,확인,동의대학교 가야캠퍼스,11091048,"화장실명""동의대학교 가야캠퍼스"" — 카카오·네이버가 같은 시설로 확인(149m 차이)"
WC012118,지하철 범내골역,T12,place,35.1473134465248,129.05924810527,확인,범내골역 부산1호선,21160939,"주소·건물명""범내골역"" — 카카오·네이버가 같은 시설로 확인(2m 차이)"
WC012072,엄광산 동구경계,T12,place,35.16913262556366,129.0769624395333,확인,동의대학교 양정캠퍼스,7848068,"주소·건물명""동의대학교"" — 카카오·네이버가 같은 시설로 확인(97m 차이)"
WC052341,에코,T12,place,37.6547851727381,126.699419887843,확인,김포에코센터 전망대,2122823139,"주소·건물명""김포시에코센터"" — 카카오·네이버가 같은 시설로 확인(56m 차이)"
WC045230,용인경전철 강남대역 개방화장실,T12,place,37.2701967,127.1260069,추정,강남대역 에버라인,,"주소·건물명""강남대역"" — 네이버에서만 찾음(이름 유사 0.67) — 정확하지 않을 수 있음"
WC045220,용인경전철 어정역 개방화장실,T12,place,37.2749436,127.1437432,추정,어정역 에버라인,,"주소·건물명""어정역"" — 네이버에서만 찾음(이름 유사 0.60) — 정확하지 않을 수 있음"
WC051866,사상공원(신라대),T12,place,35.1588216989302,128.992970144996,확인,사상근린공원,565636981,"화장실명""사상공원(신라대)"" — 카카오·네이버가 같은 시설로 확인(88m 차이)"
WC012368,온천장 지하철역(1호선),T12,check,,,,,,주소로도 시설 이름으로도 판단 못 함 → 도로명 유지(확인 목록)
WC012367,사직 지하철역(1호선),T12,check,,,,,,주소로도 시설 이름으로도 판단 못 함 → 도로명 유지(확인 목록)
WC012366,미남 지하철역(1호선),T12,check,,,,,,주소로도 시설 이름으로도 판단 못 함 → 도로명 유지(확인 목록)
WC012365,동래 지하철역(4호선),T12,place,35.2073046541596,129.078694203959,확인,도시철도동래역 공영주차장,491146777,"주소·건물명""도시철도 4호선 동래역 "" — 카카오·네이버가 같은 시설로 확인(11m 차이)"
WC012361,명장 지하철역(4호선),T12,check,,,,,,주소로도 시설 이름으로도 판단 못 함 → 도로명 유지(확인 목록)
WC052260,모담산등산로,T12,check,,,,,,주소로도 시설 이름으로도 판단 못 함 → 도로명 유지(확인 목록)
WC052189,솔내공원,T12,place,37.641567072958,126.665033443242,확인,솔내근린공원,1207337984,"화장실명""솔내공원"" — 카카오·네이버가 같은 시설로 확인(80m 차이)"
WC052175,도로관리과,T12,place,37.643445832123106,126.70819017276483,확인,김포시 도로관리사업소,12730183,"주소·건물명""도로관리사업소"" — 카카오·네이버가 같은 시설로 확인(41m 차이)"
WC052174,차량등록과,T12,place,37.643418814159304,126.70819481070689,확인,김포시차량등록사업소,17213824,"주소·건물명""김포시차량등록사업소"" — 카카오·네이버가 같은 시설로 확인(2m 차이)"
WC044888,수지레스피아 배드민턴장 공중화장실,T12,place,37.328192,127.1056555,추정,수지레스피아 배드민턴장,,"화장실명""수지레스피아 배드민턴장 공중화장실"" — 네이버에서만 찾음(이름 유사 1.00) — 정확하지 않을 수 있음"
WC052799,도립공원 이동식화장실,T12,place,35.59411486446018,128.99504147451904,확인,국립밀양등산학교,2078850633,"주소·건물명""국립밀양등산학교"" — 카카오·네이버가 같은 시설로 확인(15m 차이)"
WC018254,(사)한국노총,T12,place,37.2564894,126.9690645,추정,한국노총경기지역본부개방화장실,,"화장실명""(사)한국노총"" — 네이버에서만 찾음(이름 유사 0.57) — 정확하지 않을 수 있음"
WC018133,관리사무소,T12,check,,,,,,주소로도 시설 이름으로도 판단 못 함 → 도로명 유지(확인 목록)
WC017853,연암,T12,check,,,,,,주소로도 시설 이름으로도 판단 못 함 → 도로명 유지(확인 목록)
WC017852,연암(소),T12,check,,,,,,주소로도 시설 이름으로도 판단 못 함 → 도로명 유지(확인 목록)
WC017843,영통역 화장실,T12,place,37.2509719,127.0759193,추정,돼통령 영통역점,,"화장실명""영통역 화장실"" — 네이버에서만 찾음(이름 유사 0.60) — 정확하지 않을 수 있음"
WC017817,율천파출소,T12,place,37.3027488,126.9735117,추정,수원장안경찰서 율천파출소,,"화장실명""율천파출소"" — 네이버에서만 찾음(이름 유사 0.59) — 정확하지 않을 수 있음"
WC017721,항아리,T12,check,,,,,,주소로도 시설 이름으로도 판단 못 함 → 도로명 유지(확인 목록)
WC017702,화산공원,T12,place,37.2139371,127.0258314,추정,화산체육공원,,"화장실명""화산공원"" — 네이버에서만 찾음(이름 유사 0.80) — 정확하지 않을 수 있음"
WC016049,숲속공연장 뒤 공중화장실,T12,check,,,,,,주소로도 시설 이름으로도 판단 못 함 → 도로명 유지(확인 목록)
WC016047,보운대 공중화장실,T12,place,36.3114125896249,127.42395944181752,추정,보운대,11072965,"화장실명""보운대 공중화장실"" — 카카오에서만 찾음(이름 유사 1.00) — 정확하지 않을 수 있음"
WC014033,파동하부공원2,T12,check,,,,,,주소로도 시설 이름으로도 판단 못 함 → 도로명 유지(확인 목록)
WC007814,사격장주차장,T12,check,,,,,,주소로도 시설 이름으로도 판단 못 함 → 도로명 유지(확인 목록)
WC007723,거락숲 대량마을,T12,place,35.1623121,128.3763329,추정,거락숲대량마을공중화장실,,"화장실명""거락숲 대량마을"" — 네이버에서만 찾음(이름 유사 1.00) — 정확하지 않을 수 있음"
WC045233,용인자연휴양림 야영장 공중화장실,T12,place,37.3148737,127.2678442,추정,용인자연휴양림,,"화장실명""용인자연휴양림 야영장 공중화장실"" — 네이버에서만 찾음(이름 유사 0.82) — 정확하지 않을 수 있음"
WC053329,소사생태길(백일),T12,place,35.128814,128.7552169,추정,진해드림로드소사생태길,,"화장실명""소사생태길(백일)"" — 네이버에서만 찾음(이름 유사 0.62) — 정확하지 않을 수 있음"
WC053328,소사생태길(파쇄장옆),T12,place,35.128814,128.7552169,추정,진해드림로드소사생태길,,"화장실명""소사생태길(파쇄장옆)"" — 네이버에서만 찾음(이름 유사 0.62) — 정확하지 않을 수 있음"
WC053327,백일아침고요산길(소사임도),T12,place,35.126132,128.7297711,추정,진해드림로드백일아침고요산길,,"화장실명""백일아침고요산길(소사임도)"" — 네이버에서만 찾음(이름 유사 0.73) — 정확하지 않을 수 있음"
WC053314,덕산돌산체육시설지,T12,check,,,,,,주소로도 시설 이름으로도 판단 못 함 → 도로명 유지(확인 목록)
WC053310,시루봉급 경사길(바람재 밑),T12,check,,,,,,주소로도 시설 이름으로도 판단 못 함 → 도로명 유지(확인 목록)
WC053305,안민도로 임도변입구,T12,check,,,,,,주소로도 시설 이름으로도 판단 못 함 → 도로명 유지(확인 목록)
WC053304,안민도로 위(전망대아래),T12,check,,,,,,주소로도 시설 이름으로도 판단 못 함 → 도로명 유지(확인 목록)
WC053291,안민도로 입구,T12,check,,,,,,주소로도 시설 이름으로도 판단 못 함 → 도로명 유지(확인 목록)
WC007612,장천체육공원,T12,place,35.1286404,128.712075,추정,장애아동체육공원,,"화장실명""장천체육공원"" — 네이버에서만 찾음(이름 유사 0.71) — 정확하지 않을 수 있음"
WC007596,산림욕장 만장대(천자봉지나서),T12,check,,,,,,주소로도 시설 이름으로도 판단 못 함 → 도로명 유지(확인 목록)
WC045120,경안천 도사마을 체육공원 공중화장실,T12,check,,,,,,주소로도 시설 이름으로도 판단 못 함 → 도로명 유지(확인 목록)
WC045085,탄천 연원마을 공중화장실,T12,check,,,,,,주소로도 시설 이름으로도 판단 못 함 → 도로명 유지(확인 목록)
WC052547,해마루공원 화장실(전망대),T12,place,36.1418119642037,128.430189495948,확인,해마루공원 전망대,593793466,"화장실명""해마루공원 화장실(전망대)"" — 카카오·네이버가 같은 시설로 확인(5m 차이)"
WC052527,낙동강체육공원 제2캠핑장 여자화장실,T12,place,36.139760169623656,128.37156378050258,추정,구미낙동강 제2캠핑장,1861703850,"주소·건물명""구미 낙동강 제2캠핑장"" — 카카오에서만 찾음(이름 유사 1.00) — 정확하지 않을 수 있음"
WC052526,낙동강체육공원 제2캠핑장 남자화장실,T12,place,36.139760169623656,128.37156378050258,추정,구미낙동강 제2캠핑장,1861703850,"주소·건물명""구미 낙동강 제2캠핑장"" — 카카오에서만 찾음(이름 유사 1.00) — 정확하지 않을 수 있음"
WC028093,해마루공원 화장실(거북광장),T12,place,36.1418119642037,128.430189495948,확인,해마루공원 전망대,593793466,"화장실명""해마루공원 화장실(거북광장)"" — 카카오·네이버가 같은 시설로 확인(5m 차이)"
WC031392,게이트볼장화장실,T12,place,35.507625,128.74905,추정,밀양종합운동장게이트볼장,,"화장실명""게이트볼장화장실"" — 네이버에서만 찾음(이름 유사 0.59) — 정확하지 않을 수 있음"
WC052568,산소카페 청송정원 매표소 근처,T12,check,,,,,,주소로도 시설 이름으로도 판단 못 함 → 도로명 유지(확인 목록)
WC044920,상갈역 개방화장실,T12,check,,,,,,주소로도 시설 이름으로도 판단 못 함 → 도로명 유지(확인 목록)
WC052100,솔내음누리길 화장실 2,T12,check,,,,,,주소로도 시설 이름으로도 판단 못 함 → 도로명 유지(확인 목록)
WC035349,삼향천(대),T12,place,34.808954,126.4338728,추정,삼향천공중화장실,,"화장실명""삼향천(대)"" — 네이버에서만 찾음(이름 유사 1.00) — 정확하지 않을 수 있음"
WC035255,실내수영장,T12,place,34.82523337664316,126.40658540102953,확인,목포실내체육관,10332035,"주소·건물명""목포실내체육관"" — 카카오·네이버가 같은 시설로 확인(6m 차이)"
WC000922,석적11 유학지 공중화장실,T12,check,,,,,,주소로도 시설 이름으로도 판단 못 함 → 도로명 유지(확인 목록)
WC012020,태종대유원지 제8호 공중화장실(구명사),T12,check,,,,,,주소로도 시설 이름으로도 판단 못 함 → 도로명 유지(확인 목록)
WC012017,태종대유원지 등대 공중화장실(5호),T12,place,35.05231978605008,129.09196967936862,확인,영도등대,13109652,"주소·건물명""영도등대"" — 카카오·네이버가 같은 시설로 확인(17m 차이)"
WC011958,동삼혁신도시 아라마루,T12,place,35.078572,129.080289,추정,동삼혁신도시아라마루공중화장실,,"화장실명""동삼혁신도시 아라마루"" — 네이버에서만 찾음(이름 유사 1.00) — 정확하지 않을 수 있음"
WC039443,"교대역
3호선",T12,place,37.4927431676548,127.013867969161,추정,교대역 3호선,21160636,"화장실명""교대역
3호선"" — 카카오에서만 찾음(이름 유사 1.00) — 정확하지 않을 수 있음"
WC039439,"교대역
2호선",T12,place,37.4938999991414,127.014383829781,추정,교대역 2호선,21160582,"화장실명""교대역
2호선"" — 카카오에서만 찾음(이름 유사 1.00) — 정확하지 않을 수 있음"
WC039438,강남터미널지하상가,T12,place,37.5069904485996,127.007564139084,추정,강남터미널3구역지하상가,1572170384,"화장실명""강남터미널지하상가"" — 카카오에서만 찾음(이름 유사 0.86) — 정확하지 않을 수 있음"
WC025911,추모의집(1관) 공중화장실,T12,place,36.639294234836846,126.77488646978473,확인,예산군추모공원,23984583,"주소·건물명""예산군추모공원"" — 카카오·네이버가 같은 시설로 확인(100m 차이)"
WC025910,추모의집(2관) 공중화장실,T12,place,36.639294234836846,126.77488646978473,확인,예산군추모공원,23984583,"주소·건물명""예산군추모공원"" — 카카오·네이버가 같은 시설로 확인(100m 차이)"
WC025909,수철리 공중화장실,T12,check,,,,,,주소로도 시설 이름으로도 판단 못 함 → 도로명 유지(확인 목록)
WC025902,수철리 공중화장실,T12,check,,,,,,주소로도 시설 이름으로도 판단 못 함 → 도로명 유지(확인 목록)
WC025901,추모의집(2관) 공중화장실,T12,place,36.639294234836846,126.77488646978473,확인,예산군추모공원,23984583,"주소·건물명""예산군추모공원"" — 카카오·네이버가 같은 시설로 확인(100m 차이)"
WC025900,추모의집(1관) 공중화장실,T12,place,36.639294234836846,126.77488646978473,확인,예산군추모공원,23984583,"주소·건물명""예산군추모공원"" — 카카오·네이버가 같은 시설로 확인(100m 차이)"
WC031038,김해기적의도서관 지상1층 화장실2,T12,place,35.1756757309628,128.810362551559,확인,김해기적의도서관,15294795,"주소·건물명""기적의 도서관"" — 카카오·네이버가 같은 시설로 확인(14m 차이)"
WC031037,김해기적의도서관 지상1층 화장실1,T12,place,35.1756757309628,128.810362551559,확인,김해기적의도서관,15294795,"주소·건물명""기적의 도서관"" — 카카오·네이버가 같은 시설로 확인(14m 차이)"
WC031023,율하천공원,T12,place,35.1757076562859,128.809432496174,확인,김해시어린이교통공원,10200848,"주소·건물명""어린이교통공원"" — 카카오·네이버가 같은 시설로 확인(37m 차이)"
WC030972,대청계곡 대청자연 공중화장실,T12,check,,,,,,주소로도 시설 이름으로도 판단 못 함 → 도로명 유지(확인 목록)
WC030929,시민체육공원 시민축구장화장실,T12,place,35.26195312261518,128.8765186586335,확인,김해시시민체육공원 야구장,17558294,"주소·건물명""김해시민체육공원(인라인) 공중화장실"" — 카카오·네이버가 같은 시설로 확인(97m 차이)"
WC049585,용추사위,T12,check,,,,,,주소로도 시설 이름으로도 판단 못 함 → 도로명 유지(확인 목록)
WC001433,남부파출소 1층,T12,place,35.0164917,126.537875,추정,남부파출소,,"주소·건물명""함평경찰서남부파출소"" — 네이버에서만 찾음(이름 유사 0.67) — 정확하지 않을 수 있음"
WC048245,공원,T12,check,,,,,,주소로도 시설 이름으로도 판단 못 함 → 도로명 유지(확인 목록)
WC048244,공원,T12,check,,,,,,주소로도 시설 이름으로도 판단 못 함 → 도로명 유지(확인 목록)
WC047232,마당바위쉼터화장실(수안보하수처리장),T12,place,36.87711338835212,127.98178535253987,확인,중앙경찰학교,8077130,"주소·건물명""중앙경찰학교"" — 카카오·네이버가 같은 시설로 확인(91m 차이)"
WC040102,대구향토역사관,T12,place,35.87319468402,128.579113642458,확인,대구향토역사관,10913756,"화장실명""대구향토역사관"" — 카카오·네이버가 같은 시설로 확인(2m 차이)"
WC040062,달성공원,T12,place,35.8740343528945,128.577757377213,확인,달성공원,11343455,"화장실명""달성공원"" — 카카오·네이버가 같은 시설로 확인(39m 차이)"
WC049236,남천변공중화장실(파크골프장),T12,place,35.8247243,128.729633,추정,남천변 공중화장실(옥산동),,"화장실명""남천변공중화장실(파크골프장)"" — 네이버에서만 찾음(이름 유사 1.00) — 정확하지 않을 수 있음"
WC037484,불갑사관광지  연지 앞,T12,check,,,,,,주소로도 시설 이름으로도 판단 못 함 → 도로명 유지(확인 목록)
WC045471,하이테크 에너지 주유소,T12,check,,,,,,주소로도 시설 이름으로도 판단 못 함 → 도로명 유지(확인 목록)
WC040667,계산역,T12,check,,,,,,주소로도 시설 이름으로도 판단 못 함 → 도로명 유지(확인 목록)
WC050597,순천자연휴양림,T12,place,35.0431028226263,127.477054983062,확인,순천자연휴양림,12984521,"화장실명""순천자연휴양림"" — 카카오·네이버가 같은 시설로 확인(29m 차이)"
WC050596,순천자연휴양림,T12,place,35.0431028226263,127.477054983062,확인,순천자연휴양림,12984521,"화장실명""순천자연휴양림"" — 카카오·네이버가 같은 시설로 확인(29m 차이)"
WC050581,강천수변공원2,T12,check,,,,,,주소로도 시설 이름으로도 판단 못 함 → 도로명 유지(확인 목록)
WC050493,남문교 아래 화장실,T12,place,34.9334671905354,127.494995784749,확인,아이디어안경 순천만정원오천점,985066573,"주소·건물명""아이디어안경"" — 카카오·네이버가 같은 시설로 확인(0m 차이)"
WC050490,풍덕장미터널 옆 화장실,T12,check,,,,,,주소로도 시설 이름으로도 판단 못 함 → 도로명 유지(확인 목록)
WC050482,서천수변공원 화장실,T12,check,,,,,,주소로도 시설 이름으로도 판단 못 함 → 도로명 유지(확인 목록)
WC009861,삼육치과병원,T12,place,37.58749331133146,127.06325365343766,확인,삼육치과병원,10505561,"화장실명""삼육치과병원"" — 카카오·네이버가 같은 시설로 확인(3m 차이)"
WC043640,지행역전철하부게이트볼장,T12,place,37.892342734325595,127.05579309162063,확인,지행역 1호선,10772093,"주소·건물명""지행역"" — 카카오·네이버가 같은 시설로 확인(5m 차이)"
WC043523,마차산입구,T12,place,37.94309750829302,127.02706362084218,확인,마차산,7863517,"화장실명""마차산입구"" — 카카오·네이버가 같은 시설로 확인(0m 차이)"
WC046795,화양교 밑 간이화장실,T12,check,,,,,,주소로도 시설 이름으로도 판단 못 함 → 도로명 유지(확인 목록)
WC046789,화촌면 대진교강변(군부대 뒤3),T12,place,37.7498419864558,127.957020598233,추정,대진교 강변,7827978,"화장실명""화촌면 대진교강변(군부대 뒤3)"" — 카카오에서만 찾음(이름 유사 0.77) — 정확하지 않을 수 있음"
WC046788,화촌면 대진교강변(군부대 뒤2),T12,place,37.7498419864558,127.957020598233,추정,대진교 강변,7827978,"화장실명""화촌면 대진교강변(군부대 뒤2)"" — 카카오에서만 찾음(이름 유사 0.77) — 정확하지 않을 수 있음"
WC046775,화촌면 야시대2리 3(품걸교아래),T12,check,,,,,,주소로도 시설 이름으로도 판단 못 함 → 도로명 유지(확인 목록)
WC046711,리오펜션 강건너 화장실,T12,check,,,,,,주소로도 시설 이름으로도 판단 못 함 → 도로명 유지(확인 목록)
WC046628,홍천종합운동장,T12,place,37.7080179762245,127.904839582427,확인,홍천종합운동장,10978367,"화장실명""홍천종합운동장"" — 카카오·네이버가 같은 시설로 확인(11m 차이)"
WC046477,공작산 생태공원 공중화장실,T12,check,,,,,,주소로도 시설 이름으로도 판단 못 함 → 도로명 유지(확인 목록)
WC046442,능뜰공원,T12,check,,,,,,주소로도 시설 이름으로도 판단 못 함 → 도로명 유지(확인 목록)
WC043677,경기도미술관 화장실,T12,place,37.3259057,126.8138991,추정,경기도미술관,,"화장실명""경기도미술관 화장실"" — 네이버에서만 찾음(이름 유사 1.00) — 정확하지 않을 수 있음"
WC039949,5호선 상일동역,T12,place,37.5566778757215,127.165905758209,확인,상일동역 5호선,17492613,"주소·건물명""상일동역"" — 카카오·네이버가 같은 시설로 확인(3m 차이)"
WC051537,자연휴양림입구 공중화장실,T12,place,34.9881114,127.047112,추정,한천자연휴양림,,"화장실명""자연휴양림입구 공중화장실"" — 네이버에서만 찾음(이름 유사 0.83) — 정확하지 않을 수 있음"
WC051533,정우리(마을)공중화장실,T12,check,,,,,,주소로도 시설 이름으로도 판단 못 함 → 도로명 유지(확인 목록)
WC051497,만연산큰재주차장 공중화장실,T12,place,35.0848611,127.001008,추정,만연산큰재주차장 공중화장실,,"화장실명""만연산큰재주차장 공중화장실"" — 네이버에서만 찾음(이름 유사 1.00) — 정확하지 않을 수 있음"
WC047729,한옥마을 자전거대여소 하천 공중화장실,T12,check,,,,,,주소로도 시설 이름으로도 판단 못 함 → 도로명 유지(확인 목록)
WC047684,약수,T12,check,,,,,,주소로도 시설 이름으로도 판단 못 함 → 도로명 유지(확인 목록)
WC047633,세병공원(물놀이터),T12,place,35.87625402738472,127.13109001249735,확인,세병공원,2046689641,"화장실명""세병공원(물놀이터)"" — 카카오·네이버가 같은 시설로 확인(69m 차이)"
WC047632,세병공원(대로변),T12,place,35.87625402738472,127.13109001249735,확인,세병공원,2046689641,"화장실명""세병공원(대로변)"" — 카카오·네이버가 같은 시설로 확인(69m 차이)"
WC039245,롯데시네마 김포공항 개방화장실,T12,place,37.5637133658076,126.803871637376,확인,롯데시네마 김포공항,21344827,"화장실명""롯데시네마 김포공항 개방화장실"" — 카카오·네이버가 같은 시설로 확인(19m 차이)"
WC039170,9호선 김포공항역 역사 내 화장실,T12,place,37.56196757232288,126.80191361988808,확인,김포공항역 9호선,8237395,"주소·건물명""김포공항역"" — 카카오·네이버가 같은 시설로 확인(87m 차이)"
WC039168,서해선 김포공항역 화장실,T12,place,37.5617956120178,126.804151698874,확인,김포공항역 서해선,284871275,"화장실명""서해선 김포공항역 화장실"" — 카카오·네이버가 같은 시설로 확인(7m 차이)"
WC051301,시립미술관(비엔날레중정),T12,place,35.1809499,126.8819328,추정,광주시립미술관정문,,"화장실명""시립미술관(비엔날레중정)"" — 네이버에서만 찾음(이름 유사 0.71) — 정확하지 않을 수 있음"
WC051300,시립미술관(비엔날레주차장),T12,place,35.1809499,126.8819328,추정,광주시립미술관정문,,"화장실명""시립미술관(비엔날레주차장)"" — 네이버에서만 찾음(이름 유사 0.71) — 정확하지 않을 수 있음"
WC051288,상수도사업본부 북부사업소,T12,check,,,,,,주소로도 시설 이름으로도 판단 못 함 → 도로명 유지(확인 목록)
WC051281,북구청 구내매점앞,T12,place,35.1736798630172,126.912609790077,확인,북구청교차로,15137511,"주소·건물명""북구청"" — 카카오·네이버가 같은 시설로 확인(4m 차이)"
WC051280,북구청 교통지도과,T12,place,35.1728823534099,126.911631454365,확인,효죽공영주차장,20589200,"주소·건물명""효죽공영주차장"" — 카카오·네이버가 같은 시설로 확인(3m 차이)"
WC051270,복합문화복지커뮤니티센터,T12,check,,,,,,주소로도 시설 이름으로도 판단 못 함 → 도로명 유지(확인 목록)
WC051269,반디이원충전소(일곡점),T12,check,,,,,,주소로도 시설 이름으로도 판단 못 함 → 도로명 유지(확인 목록)
WC051268,반디가스앤오일㈜,T12,check,,,,,,주소로도 시설 이름으로도 판단 못 함 → 도로명 유지(확인 목록)
WC051249,말바우주차장 고객쉼터 옆,T12,place,35.1725238464865,126.91973646285,확인,말바우시장 제2공영주차장,152736136,"주소·건물명""말바우시장2주차장"" — 카카오·네이버가 같은 시설로 확인(68m 차이)"
WC051246,말바우만남의광장,T12,check,,,,,,주소로도 시설 이름으로도 판단 못 함 → 도로명 유지(확인 목록)
WC051243,디오LPG충전소(유),T12,check,,,,,,주소로도 시설 이름으로도 판단 못 함 → 도로명 유지(확인 목록)
WC051220,까치주유소,T12,check,,,,,,주소로도 시설 이름으로도 판단 못 함 → 도로명 유지(확인 목록)
WC051216,그린에너지 알라딘서방주유소,T12,check,,,,,,주소로도 시설 이름으로도 판단 못 함 → 도로명 유지(확인 목록)
WC051196,일곡제1근린공원下,T12,place,35.2095134,126.8946492,추정,일곡제1근린공원관리사무소,,"주소·건물명""일곡근린공원 관리사무소"" — 네이버에서만 찾음(이름 유사 0.90) — 정확하지 않을 수 있음"
WC051195,일곡제1근린공원(사무실옆)上,T12,place,35.2095134,126.8946492,추정,일곡제1근린공원관리사무소,,"주소·건물명""일곡근린공원 관리사무소"" — 네이버에서만 찾음(이름 유사 0.90) — 정확하지 않을 수 있음"
WC051194,운암2동 동네마당,T12,check,,,,,,주소로도 시설 이름으로도 판단 못 함 → 도로명 유지(확인 목록)
WC051183,영산강대상근린(하),T12,place,35.1903191,126.8632722,추정,영산강대상공원,,"화장실명""영산강대상근린(하)"" — 네이버에서만 찾음(이름 유사 0.71) — 정확하지 않을 수 있음"
WC051182,연제근린공원,T12,place,35.200400640828,126.856849624015,추정,연제근린공원,1730976150,"화장실명""연제근린공원"" — 카카오에서만 찾음(이름 유사 1.00) — 정확하지 않을 수 있음"
WC051148,5.18소공원,T12,place,35.1727611,126.9062834,추정,518소공원 공중화장실,,"주소·건물명""518소공원 공중화장실"" — 네이버에서만 찾음(이름 유사 1.00) — 정확하지 않을 수 있음"
WC051134,광주우산동우체국,T12,place,35.17072993393687,126.92078544756956,확인,광주우산동우체국,24050218,"화장실명""광주우산동우체국"" — 카카오·네이버가 같은 시설로 확인(99m 차이)"
WC051119,광주도시철도공사,T12,check,,,,,,주소로도 시설 이름으로도 판단 못 함 → 도로명 유지(확인 목록)
WC051109,강변공원,T12,place,35.2123605804765,126.857531529658,추정,신용강변근린공원,588439200,"화장실명""강변공원"" — 카카오에서만 찾음(이름 유사 0.80) — 정확하지 않을 수 있음"
WC051100,SK넥트웍스㈜문흥주유소,T12,check,,,,,,주소로도 시설 이름으로도 판단 못 함 → 도로명 유지(확인 목록)
WC051090,(유)오일패밀리 용두우리주유소,T12,check,,,,,,주소로도 시설 이름으로도 판단 못 함 → 도로명 유지(확인 목록)
WC034570,중부터미널주유소,T12,check,,,,,,주소로도 시설 이름으로도 판단 못 함 → 도로명 유지(확인 목록)
WC034404,오가낭뜰근린공원(1~3동),T12,place,36.5233728150337,127.255137501602,확인,오가낭뜰근린공원,387758147,"화장실명""오가낭뜰근린공원(1~3동)"" — 카카오·네이버가 같은 시설로 확인(92m 차이)"
WC050333,현대제철㈜,T12,check,,,,,,주소로도 시설 이름으로도 판단 못 함 → 도로명 유지(확인 목록)
WC050302,대호대교쉼터공원,T12,check,,,,,,주소로도 시설 이름으로도 판단 못 함 → 도로명 유지(확인 목록)
WC032533,연수사화장실,T12,place,35.5975355917146,127.919598556859,확인,연수사,10647830,"화장실명""연수사화장실"" — 카카오·네이버가 같은 시설로 확인(6m 차이)"
WC032506,산수입구화장실,T12,check,,,,,,주소로도 시설 이름으로도 판단 못 함 → 도로명 유지(확인 목록)
WC031793,39사충무근린공원,T12,place,35.264786485558375,128.34996224929594,확인,충무근린공원,610087822,"주소·건물명""충무공원"" — 카카오·네이버가 같은 시설로 확인(12m 차이)"
WC049460,빙계군립공원(후문) 화장실,T12,place,36.2298930747867,128.75707045503222,확인,빙계군립공원,15147990,"화장실명""빙계군립공원(후문) 화장실"" — 카카오·네이버가 같은 시설로 확인(131m 차이)"
WC049445,남대천고향의강 산림욕장 화장실,T12,check,,,,,,주소로도 시설 이름으로도 판단 못 함 → 도로명 유지(확인 목록)
WC006435,당암항첨단간이,T12,check,,,,,,주소로도 시설 이름으로도 판단 못 함 → 도로명 유지(확인 목록)
WC006420,학암포 분점도,T12,place,36.9035628124712,126.204261585869,추정,분점도,10466964,"화장실명""학암포 분점도"" — 카카오에서만 찾음(이름 유사 0.67) — 정확하지 않을 수 있음"
WC006416,삼봉야영장,T12,check,,,,,,주소로도 시설 이름으로도 판단 못 함 → 도로명 유지(확인 목록)
WC047522,게이트볼장 공중화장실,T12,check,,,,,,주소로도 시설 이름으로도 판단 못 함 → 도로명 유지(확인 목록)
WC021382,삽당령 정상,T12,check,,,,,,주소로도 시설 이름으로도 판단 못 함 → 도로명 유지(확인 목록)
WC021319,환승주차장,T12,place,37.8606617777572,128.837355202389,확인,연곡복지회관,24008635,"주소·건물명""연곡복지회관"" — 카카오·네이버가 같은 시설로 확인(8m 차이)"
WC021288,내곡한라 남대천 체육시설 옆 공중화장실,T12,check,,,,,,주소로도 시설 이름으로도 판단 못 함 → 도로명 유지(확인 목록)
WC044398,노래하는분수대,T12,place,37.6624758,126.757945,추정,노래하는분수대,,"화장실명""노래하는분수대"" — 네이버에서만 찾음(이름 유사 1.00) — 정확하지 않을 수 있음"
WC044394,성저파크골프장,T12,place,37.6812802,126.7428054,추정,성저파크골프장,,"화장실명""성저파크골프장"" — 네이버에서만 찾음(이름 유사 1.00) — 정확하지 않을 수 있음"
WC044393,성저테니스장,T12,place,37.6764625,126.7430696,추정,성저테니스장,,"화장실명""성저테니스장"" — 네이버에서만 찾음(이름 유사 1.00) — 정확하지 않을 수 있음"
WC044392,고양인공암벽장,T12,place,37.678942,126.7401728,추정,고양인공암벽장,,"화장실명""고양인공암벽장"" — 네이버에서만 찾음(이름 유사 1.00) — 정확하지 않을 수 있음"
WC044371,효자동체육시설,T12,check,,,,,,주소로도 시설 이름으로도 판단 못 함 → 도로명 유지(확인 목록)
WC044224,백석공원 화장실,T12,place,37.6454237,126.795125,추정,백석공원,,"화장실명""백석공원 화장실"" — 네이버에서만 찾음(이름 유사 1.00) — 정확하지 않을 수 있음"
WC044185,국제전시장(진달래공원),T12,check,,,,,,주소로도 시설 이름으로도 판단 못 함 → 도로명 유지(확인 목록)
WC044181,탄현공원,T12,place,37.7013307,126.7735693,추정,탄현공원,,"화장실명""탄현공원"" — 네이버에서만 찾음(이름 유사 1.00) — 정확하지 않을 수 있음"
WC044159,양촌어린이공원,T12,place,37.678178,126.7491326,추정,양촌공원,,"주소·건물명""양촌공원개방화장실"" — 네이버에서만 찾음(이름 유사 1.00) — 정확하지 않을 수 있음"
WC044153,백송화장실,T12,check,,,,,,주소로도 시설 이름으로도 판단 못 함 → 도로명 유지(확인 목록)
WC017396,대나리 민원출장소 화장실,T12,check,,,,,,주소로도 시설 이름으로도 판단 못 함 → 도로명 유지(확인 목록)
WC017299,문화공원 북측,T12,check,,,,,,주소로도 시설 이름으로도 판단 못 함 → 도로명 유지(확인 목록)
WC017282,은하수다리하부화장실,T12,check,,,,,,주소로도 시설 이름으로도 판단 못 함 → 도로명 유지(확인 목록)
WC015063,전재울근린공원,T12,place,37.44591657593108,126.71398794752764,확인,전재울공원,1769304094,"화장실명""전재울근린공원"" — 카카오·네이버가 같은 시설로 확인(53m 차이)"
WC015049,해오름근린공원,T12,place,37.3879640201045,126.726897149153,확인,해오름호수공원,1061670926,"화장실명""해오름근린공원"" — 카카오·네이버가 같은 시설로 확인(49m 차이)"
WC014982,승기천 신연수역,T12,place,37.4181081550544,126.694019681969,확인,신연수역 인천1호선,21161099,"주소·건물명""신연수역"" — 카카오·네이버가 같은 시설로 확인(6m 차이)"
WC014649,송현 유아숲 이동식화장실,T12,check,,,,,,주소로도 시설 이름으로도 판단 못 함 → 도로명 유지(확인 목록)
WC040550,선원공원,T12,place,35.8618370161544,128.515565689373,확인,선원공원,15263973,"화장실명""선원공원"" — 카카오·네이버가 같은 시설로 확인(6m 차이)"
WC012028,실내사격장(2층),T12,place,35.07347085940107,129.05409218670712,확인,영도관광사격장,11528760,"주소·건물명""부산영도관광사격장"" — 카카오·네이버가 같은 시설로 확인(2m 차이)"
WC012027,실내사격장(1층),T12,place,35.07347085940107,129.05409218670712,확인,영도관광사격장,11528760,"주소·건물명""부산영도관광사격장"" — 카카오·네이버가 같은 시설로 확인(2m 차이)"
WC012005,해양대 대학본부,T12,place,35.07486152278381,129.08826339360112,확인,국립한국해양대학교 아치캠퍼스,10943815,"주소·건물명""국립한국해양대학교"" — 카카오·네이버가 같은 시설로 확인(115m 차이)"
WC039715,송파도서관,T12,place,37.48120648794883,127.1437800046066,추정,송파위례도서관,1145046933,"화장실명""송파도서관"" — 카카오에서만 찾음(이름 유사 0.83) — 정확하지 않을 수 있음"
WC039605,2호선 잠실역(개찰구 밖),T12,place,37.51331105877401,127.10023101886318,확인,잠실역 2호선,21160809,"주소·건물명""잠실역8호선"" — 카카오·네이버가 같은 시설로 확인(6m 차이)"
WC038835,"동대문신발상가 B동, 3층",T12,place,37.5700959764114,127.013488378135,확인,동대문신발상가,27213592,"주소·건물명""동대문신발상가"" — 카카오·네이버가 같은 시설로 확인(58m 차이)"
WC045749,사랑나눔의집2 화장실,T12,place,37.3431142,127.9870317,추정,사랑나눔의집,,"화장실명""사랑나눔의집2 화장실"" — 네이버에서만 찾음(이름 유사 1.00) — 정확하지 않을 수 있음"
WC044584,행신도서관 화장실,T12,place,37.6207165,126.82836,추정,고양시립 행신도서관,,"화장실명""행신도서관 화장실"" — 네이버에서만 찾음(이름 유사 0.71) — 정확하지 않을 수 있음"
WC031608,회야강산책로,T12,place,35.402979851998,129.159710877733,추정,회야강산책로 공중화장실,2141555055,"화장실명""회야강산책로"" — 카카오에서만 찾음(이름 유사 1.00) — 정확하지 않을 수 있음"
WC022586,주천고등학교 내 화장실,T12,place,37.2753834790469,128.262920514991,확인,주천고등학교,1592061950,"화장실명""주천고등학교 내 화장실"" — 카카오·네이버가 같은 시설로 확인(7m 차이)"
WC022495,망경대산 치유센터 화장실,T12,place,37.183868821721305,128.59348654704903,확인,망경대산자연휴양림,17601091,"주소·건물명""망경대산자연휴양림"" — 카카오·네이버가 같은 시설로 확인(1m 차이)"
WC022494,망경대산 물소리동 야외화장실,T12,place,37.183868821721305,128.59348654704903,확인,망경대산자연휴양림,17601091,"주소·건물명""망경대산자연휴양림"" — 카카오·네이버가 같은 시설로 확인(1m 차이)"
WC022434,산솔면-9(응고개 마을휴양지),T12,check,,,,,,주소로도 시설 이름으로도 판단 못 함 → 도로명 유지(확인 목록)
WC022431,산솔면-12(두위봉 등산로 입구),T12,check,,,,,,주소로도 시설 이름으로도 판단 못 함 → 도로명 유지(확인 목록)
WC022269,고씨동굴 검표소 화장실,T12,place,37.13071330054179,128.53536973052496,확인,고씨동굴 매표소,12159982,"주소·건물명""고씨동굴매표소"" — 카카오·네이버가 같은 시설로 확인(9m 차이)"
WC036299,송원대학(청솔관 1층),T12,place,35.108786511917664,126.87481244751243,확인,송원대학교,10555165,"화장실명""송원대학(청솔관 1층)"" — 카카오·네이버가 같은 시설로 확인(81m 차이)"
WC005057,도시철도 초량역,T12,check,,,,,,주소로도 시설 이름으로도 판단 못 함 → 도로명 유지(확인 목록)
WC005055,도시철도 부산진역(동구청),T12,place,35.12779789319554,129.04786649362282,확인,부산진역 부산1호선,21161066,"주소·건물명""부산진역"" — 카카오·네이버가 같은 시설로 확인(8m 차이)"
WC005052,부산항국제여객터미널 2층,T12,place,35.117377392007455,129.04910925329585,확인,부산항국제여객터미널,26437842,"주소·건물명""부산항 국제여객터미널"" — 카카오·네이버가 같은 시설로 확인(12m 차이)"
WC012527,낙동강관리본부 화명생태공원 15,T12,place,35.22236852407357,129.00067736252055,확인,화명수상레포츠타운,20326447,"주소·건물명""화명 수상레포츠타운"" — 카카오·네이버가 같은 시설로 확인(0m 차이)"
WC006080,수성샘터,T12,place,38.3744922,128.4563326,추정,수성샘터,,"화장실명""수성샘터"" — 네이버에서만 찾음(이름 유사 1.00) — 정확하지 않을 수 있음"
WC038871,홍제2 공중화장실,T12,check,,,,,,주소로도 시설 이름으로도 판단 못 함 → 도로명 유지(확인 목록)
WC029312,어르신의 쉼터,T12,check,,,,,,주소로도 시설 이름으로도 판단 못 함 → 도로명 유지(확인 목록)
WC023748,초강 고향의 강 빙벽장 화장실,T12,check,,,,,,주소로도 시설 이름으로도 판단 못 함 → 도로명 유지(확인 목록)
WC023735,난계국악기체험촌,T12,check,,,,,,주소로도 시설 이름으로도 판단 못 함 → 도로명 유지(확인 목록)
WC023716,자원순환센터,T12,place,36.2199185719477,127.800292916314,확인,영동군자원순환센터,18988125,"화장실명""자원순환센터"" — 카카오·네이버가 같은 시설로 확인(52m 차이)"
WC032433,사방댐,T12,check,,,,,,주소로도 시설 이름으로도 판단 못 함 → 도로명 유지(확인 목록)
WC032432,회남정,T12,check,,,,,,주소로도 시설 이름으로도 판단 못 함 → 도로명 유지(확인 목록)
WC005359,기장군농업기술센터 본관,T12,place,35.2526140359536,129.195019625511,확인,기장군농업기술센터,10210739,"주소·건물명""농업기술센터"" — 카카오·네이버가 같은 시설로 확인(39m 차이)"
WC005357,기장군농업기술센터 아카데미관,T12,place,35.2526140359536,129.195019625511,확인,기장군농업기술센터,10210739,"주소·건물명""농업기술센터"" — 카카오·네이버가 같은 시설로 확인(39m 차이)"
WC008925,풍남항 방파제1,T12,check,,,,,,주소로도 시설 이름으로도 판단 못 함 → 도로명 유지(확인 목록)
WC014342,북달성 영업소,T12,place,35.8712091,128.4585014,추정,한국도로공사서비스 북달성영업소,,"화장실명""북달성 영업소"" — 네이버에서만 찾음(이름 유사 0.57) — 정확하지 않을 수 있음"
WC030245,칠암중계펌프장,T12,check,,,,,,주소로도 시설 이름으로도 판단 못 함 → 도로명 유지(확인 목록)
WC030083,진양호공원(광장),T12,place,35.17443908352448,128.03738813185947,확인,진양호공원,10774424,"화장실명""진양호공원(광장)"" — 카카오·네이버가 같은 시설로 확인(89m 차이)"
WC011781,관음사 둘레길 화장실,T12,place,37.463768,126.9479729,추정,관악산둘레길,,"주소·건물명""둘레길 공중화장실"" — 네이버에서만 찾음(이름 유사 0.67) — 정확하지 않을 수 있음"
WC028609,검마산 자연휴양림 사무실,T12,place,36.745376561588856,129.2335783088743,확인,국립검마산자연휴양림 야영장,17645900,"주소·건물명""검마산자연휴양림"" — 카카오·네이버가 같은 시설로 확인(104m 차이)"
WC028354,영천강변공원 공중화장실(3),T12,place,35.96957037121749,128.93759476717798,확인,영천강변공원,26147824,"화장실명""영천강변공원 공중화장실(3)"" — 카카오·네이버가 같은 시설로 확인(32m 차이)"
WC028343,치산관광지 공중화장실(1) 상,T12,place,36.04914131998764,128.71280857177163,확인,치산관광지캠핑장,1432549342,"주소·건물명""치산관광지 공중화장실(상)"" — 카카오·네이버가 같은 시설로 확인(52m 차이)"
WC028322,단포강변체육공원 공중화장실(1),T12,place,35.9781694,128.9698209,추정,단포강변체육공원 공중화장실,,"화장실명""단포강변체육공원 공중화장실(1)"" — 네이버에서만 찾음(이름 유사 1.00) — 정확하지 않을 수 있음"
WC028298,신녕천강변공원,T12,check,,,,,,주소로도 시설 이름으로도 판단 못 함 → 도로명 유지(확인 목록)
WC027867,도산서원 경내 화장실,T12,place,36.72734712539763,128.84353104641616,확인,도산서원,7833000,"주소·건물명""도산서원"" — 카카오·네이버가 같은 시설로 확인(133m 차이)"
WC027864,풍남교 남단,T12,check,,,,,,주소로도 시설 이름으로도 판단 못 함 → 도로명 유지(확인 목록)
WC027846,대사1리 대사1교 건너좌측,T12,check,,,,,,주소로도 시설 이름으로도 판단 못 함 → 도로명 유지(확인 목록)
WC027817,안동시민운동장,T12,place,36.54910776869417,128.72515803066727,확인,안동시민운동장,8466900,"화장실명""안동시민운동장"" — 카카오·네이버가 같은 시설로 확인(15m 차이)"
WC027808,예안면 태곡리(물미교),T12,check,,,,,,주소로도 시설 이름으로도 판단 못 함 → 도로명 유지(확인 목록)
WC027742,검암공원,T12,check,,,,,,주소로도 시설 이름으로도 판단 못 함 → 도로명 유지(확인 목록)
WC027725,귀미리 빨간장터 공중화장실,T12,check,,,,,,주소로도 시설 이름으로도 판단 못 함 → 도로명 유지(확인 목록)
WC017557,방어진방파제화장실,T12,place,35.4791351,129.4314774,추정,방어진방파제,,"화장실명""방어진방파제화장실"" — 네이버에서만 찾음(이름 유사 1.00) — 정확하지 않을 수 있음"
WC018839,경마공원,T12,place,37.44429338769766,127.01122146835777,확인,한국마사회,21055470,"주소·건물명""한국마사회"" — 카카오·네이버가 같은 시설로 확인(2m 차이)"
WC035571,진남체육공원 배드민턴장,T12,check,,,,,,주소로도 시설 이름으로도 판단 못 함 → 도로명 유지(확인 목록)
WC009097,을지4구역A 지하상가,T12,check,,,,,,주소로도 시설 이름으로도 판단 못 함 → 도로명 유지(확인 목록)
WC009096,을지4구역B 지하상가,T12,check,,,,,,주소로도 시설 이름으로도 판단 못 함 → 도로명 유지(확인 목록)
WC012392,숙등 지하철역,T12,check,,,,,,주소로도 시설 이름으로도 판단 못 함 → 도로명 유지(확인 목록)
WC009741,홍릉,T12,check,,,,,,주소로도 시설 이름으로도 판단 못 함 → 도로명 유지(확인 목록)
WC012405,화명게이트볼장,T12,place,35.2209011451901,129.003472408021,확인,게이트볼장,1530025511,"화장실명""화명게이트볼장"" — 카카오·네이버가 같은 시설로 확인(7m 차이)"
WC012398,병풍사입구,T12,check,,,,,,주소로도 시설 이름으로도 판단 못 함 → 도로명 유지(확인 목록)
WC009000,도암 만덕간척지,T12,check,,,,,,주소로도 시설 이름으로도 판단 못 함 → 도로명 유지(확인 목록)
WC027587,외동(포항)휴게소 화장실,T12,place,35.6727912001076,129.288504648085,확인,외동휴게소 포항방향,27417029,"화장실명""외동(포항)휴게소 화장실"" — 카카오·네이버가 같은 시설로 확인(21m 차이)"
WC027372,북천 간이화장실,T12,place,35.8421476045767,129.244166135068,확인,경상북도동물위생시험소 동부지소,8643157,"주소·건물명""동물위생시험소"" — 카카오·네이버가 같은 시설로 확인(3m 차이)"
WC027307,방내1리(상부노인정 앞) 화장실,T12,check,,,,,,주소로도 시설 이름으로도 판단 못 함 → 도로명 유지(확인 목록)
WC027285,연동항 어촌뉴딜 300사업 화장실,T12,check,,,,,,주소로도 시설 이름으로도 판단 못 함 → 도로명 유지(확인 목록)
WC023264,국립화천야영장 캠핑센터,T12,check,,,,,,주소로도 시설 이름으로도 판단 못 함 → 도로명 유지(확인 목록)
WC013133,수산자원연구소 휴게동,T12,place,35.0877795955537,128.908545836653,확인,부산광역시 수산자원연구소,17384969,"주소·건물명""수산자원연구소"" — 카카오·네이버가 같은 시설로 확인(85m 차이)"
WC013088,지하철체육공원역,T12,place,35.2124735466918,128.969425373083,확인,체육공원역 부산3호선,21161080,"주소·건물명""체육공원역"" — 카카오·네이버가 같은 시설로 확인(10m 차이)"
WC013034,명지오션시티 남쪽,T12,check,,,,,,주소로도 시설 이름으로도 판단 못 함 → 도로명 유지(확인 목록)
WC013031,제방변(덕두마을),T12,check,,,,,,주소로도 시설 이름으로도 판단 못 함 → 도로명 유지(확인 목록)
WC013020,가락생태공원(2),T12,check,,,,,,주소로도 시설 이름으로도 판단 못 함 → 도로명 유지(확인 목록)
WC013014,맥도생태공원제방변,T12,place,35.152308462722125,128.9548991225167,확인,맥도생태공원,25047466,"주소·건물명""맥도생태공원 공중화장실"" — 카카오·네이버가 같은 시설로 확인(46m 차이)"
WC013011,외양포공영주차장,T12,place,35.0070966874278,128.826677667323,추정,외양포전망대 공영주차장,454660079,"화장실명""외양포공영주차장"" — 카카오에서만 찾음(이름 유사 0.84) — 정확하지 않을 수 있음"
WC028218,한정교 옆(6번),T12,place,36.79993155050174,128.6172346154333,확인,한정교,8139397,"화장실명""한정교 옆(6번)"" — 카카오·네이버가 같은 시설로 확인(2m 차이)"
WC036164,진남루소공원(우산각),T12,check,,,,,,주소로도 시설 이름으로도 판단 못 함 → 도로명 유지(확인 목록)
WC036163,진월수변공원,T12,place,34.9598024364765,127.760061028275,확인,배알도수변공원,1966553081,"화장실명""진월수변공원"" — 카카오·네이버가 같은 시설로 확인(10m 차이)"
WC036130,노면주차장(97) 위,T12,check,,,,,,주소로도 시설 이름으로도 판단 못 함 → 도로명 유지(확인 목록)
WC036041,"성불사 세심교
(성불사밑 다리)",T12,check,,,,,,주소로도 시설 이름으로도 판단 못 함 → 도로명 유지(확인 목록)
WC036020,우산생태숲,T12,check,,,,,,주소로도 시설 이름으로도 판단 못 함 → 도로명 유지(확인 목록)
WC001859,벌천포 해수욕장,T12,place,36.9674289105816,126.336562827618,확인,벌천포해수욕장,12435035,"화장실명""벌천포 해수욕장"" — 카카오·네이버가 같은 시설로 확인(35m 차이)"
WC006183,팔봉초 인근 해안제방 화장실,T12,check,,,,,,주소로도 시설 이름으로도 판단 못 함 → 도로명 유지(확인 목록)
WC032184,그라운드 골프장,T12,check,,,,,,주소로도 시설 이름으로도 판단 못 함 → 도로명 유지(확인 목록)
WC032183,나비화장실,T12,check,,,,,,주소로도 시설 이름으로도 판단 못 함 → 도로명 유지(확인 목록)
WC032164,망운산 등산로,T12,place,34.8507556619328,127.818792256748,추정,망운산 중리마을등산로,27042399,"화장실명""망운산 등산로"" — 카카오에서만 찾음(이름 유사 0.75) — 정확하지 않을 수 있음"
WC015849,철탐삼거리(하),T12,check,,,,,,주소로도 시설 이름으로도 판단 못 함 → 도로명 유지(확인 목록)
WC034849,남여주골프장화장실,T12,place,37.22695647879173,127.62745856712203,확인,남여주GC,25021687,"주소·건물명""남여주CC골프장"" — 카카오·네이버가 같은 시설로 확인(124m 차이)"
WC034846,캐슬파인골프장화장실,T12,place,37.302538679487114,127.7463023218986,확인,캐슬파인GC,1958851749,"화장실명""캐슬파인골프장화장실"" — 카카오·네이버가 같은 시설로 확인(148m 차이)"
WC034843,스카이벨리골프장화장실,T12,place,37.33286339236364,127.73097216240417,확인,스카이밸리CC,10533273,"주소·건물명""스카이밸리CC"" — 카카오·네이버가 같은 시설로 확인(142m 차이)"
WC034842,신라CC골프장화장실,T12,place,37.367157119107475,127.69641344083824,추정,신라CC,8412181,"화장실명""신라CC골프장화장실"" — 카카오에서만 찾음(이름 유사 0.73) — 정확하지 않을 수 있음"
WC034841,이포CC골프장,T12,place,37.39392523445861,127.49651797182342,확인,이포리조트,686471194,"주소·건물명""이포리조트"" — 카카오·네이버가 같은 시설로 확인(93m 차이)"
WC034831,소피아그린골프장본관화장실,T12,check,,,,,,주소로도 시설 이름으로도 판단 못 함 → 도로명 유지(확인 목록)
WC034802,한국노총교육원,T12,place,37.19325337166038,127.65555519932661,확인,한국노총중앙교육원,8630316,"화장실명""한국노총교육원"" — 카카오·네이버가 같은 시설로 확인(85m 차이)"
WC034641,강천섬관리사무소화장실,T12,check,,,,,,주소로도 시설 이름으로도 판단 못 함 → 도로명 유지(확인 목록)
WC027043,송라면 두곡숲 간이화장실,T12,check,,,,,,주소로도 시설 이름으로도 판단 못 함 → 도로명 유지(확인 목록)
WC027029,천곡사 계곡 공중화장실,T12,check,,,,,,주소로도 시설 이름으로도 판단 못 함 → 도로명 유지(확인 목록)
WC027028,용한1리 방파제 화장실,T12,check,,,,,,주소로도 시설 이름으로도 판단 못 함 → 도로명 유지(확인 목록)
WC026989,진전휴게소,T12,check,,,,,,주소로도 시설 이름으로도 판단 못 함 → 도로명 유지(확인 목록)
WC026981,갈평리 공중화장실,T12,place,35.9197012,129.4025125,추정,갈평리마을회관,,"화장실명""갈평리 공중화장실"" — 네이버에서만 찾음(이름 유사 0.60) — 정확하지 않을 수 있음"
WC026956,환호공원 내 해변공원 화장실,T12,check,,,,,,주소로도 시설 이름으로도 판단 못 함 → 도로명 유지(확인 목록)
WC026940,보경사 주차장3 화장실,T12,place,36.2456767,129.319852,추정,보경사주차장1 화장실,,"화장실명""보경사 주차장3 화장실"" — 네이버에서만 찾음(이름 유사 1.00) — 정확하지 않을 수 있음"
WC026885,산여초소 화장실,T12,check,,,,,,주소로도 시설 이름으로도 판단 못 함 → 도로명 유지(확인 목록)
WC026870,양포 방파제 화장실,T12,place,35.8799736,129.5274875,추정,양포방파제,,"화장실명""양포 방파제 화장실"" — 네이버에서만 찾음(이름 유사 1.00) — 정확하지 않을 수 있음"
WC012925,부산도시철도 동매역,T12,place,35.0898832,128.9743492,추정,동매역2번출구,,"주소·건물명""동매역"" — 네이버에서만 찾음(이름 유사 0.60) — 정확하지 않을 수 있음"
WC012922,부산도시철도 당리역,T12,place,35.102893392715,128.97476496806664,확인,정관장 당리역점,1584427307,"주소·건물명""당리역"" — 카카오·네이버가 같은 시설로 확인(61m 차이)"
WC024999,지계골(버섯장 앞),T12,place,36.3244983,126.678576,추정,지계골 공중화장실,,"화장실명""지계골(버섯장 앞)"" — 네이버에서만 찾음(이름 유사 1.00) — 정확하지 않을 수 있음"
WC024997,먹방상회 앞,T12,check,,,,,,주소로도 시설 이름으로도 판단 못 함 → 도로명 유지(확인 목록)
WC024966,오봉산 해수욕장 공중화장실,T12,place,36.3679331752982,126.401057434201,확인,오봉산해수욕장,10628010,"화장실명""오봉산 해수욕장 공중화장실"" — 카카오·네이버가 같은 시설로 확인(76m 차이)"
WC024896,독산해수욕장1번 화장실,T12,check,,,,,,주소로도 시설 이름으로도 판단 못 함 → 도로명 유지(확인 목록)
WC024836,봉성리 쉼터,T12,place,36.321467534554706,126.65962926503488,추정,성주우리쉼터,815432934,"화장실명""봉성리 쉼터"" — 카카오에서만 찾음(이름 유사 0.73) — 정확하지 않을 수 있음"
WC024812,먹방나인 카페 앞,T12,check,,,,,,주소로도 시설 이름으로도 판단 못 함 → 도로명 유지(확인 목록)
WC024811,먹방종점 앞,T12,check,,,,,,주소로도 시설 이름으로도 판단 못 함 → 도로명 유지(확인 목록)
WC024808,보령시모란공원 관리사무실,T12,check,,,,,,주소로도 시설 이름으로도 판단 못 함 → 도로명 유지(확인 목록)
WC024770,원산도해수욕장 화장실,T12,place,36.36342368523399,126.42789100270686,확인,원산도해수욕장,25023093,"화장실명""원산도해수욕장 화장실"" — 카카오·네이버가 같은 시설로 확인(43m 차이)"
WC011511,보라매 3호(남문),T12,place,37.4895745,126.9156939,추정,보라매공원남문,,"주소·건물명""보라매공원 남문화장실"" — 네이버에서만 찾음(이름 유사 1.00) — 정확하지 않을 수 있음"
WC005249,못골(남구청) 지하철역,T12,place,35.13383103051481,129.0881549497849,확인,큐사랑 못골역점,2141300876,"주소·건물명""못골역"" — 카카오·네이버가 같은 시설로 확인(2m 차이)"
WC005135,이기대공원(공룡발자국 앞),T12,place,35.11658442953258,129.12255030176132,확인,이기대도시자연공원,27327056,"화장실명""이기대공원(공룡발자국 앞)"" — 카카오·네이버가 같은 시설로 확인(132m 차이)"
WC046358,와선대화장실,T12,place,38.1651832544103,128.469751875578,확인,와선대,21652338,"화장실명""와선대화장실"" — 카카오·네이버가 같은 시설로 확인(58m 차이)"
WC046357,소공원(가동) 화장실,T12,place,38.172985376949,128.492530271958,확인,설악산소공원,26290244,"화장실명""소공원(가동) 화장실"" — 카카오·네이버가 같은 시설로 확인(83m 차이)"
WC046314,장천 입구,T12,check,,,,,,주소로도 시설 이름으로도 판단 못 함 → 도로명 유지(확인 목록)
WC046313,영랑호 북측,T12,check,,,,,,주소로도 시설 이름으로도 판단 못 함 → 도로명 유지(확인 목록)
WC021852,와선대화장실,T12,place,38.1651832544103,128.469751875578,확인,와선대,21652338,"화장실명""와선대화장실"" — 카카오·네이버가 같은 시설로 확인(58m 차이)"
WC021851,소공원(가동) 화장실,T12,place,38.172985376949,128.492530271958,확인,설악산소공원,26290244,"화장실명""소공원(가동) 화장실"" — 카카오·네이버가 같은 시설로 확인(83m 차이)"
WC021808,장천 입구,T12,check,,,,,,주소로도 시설 이름으로도 판단 못 함 → 도로명 유지(확인 목록)
WC021807,영랑호 북측,T12,check,,,,,,주소로도 시설 이름으로도 판단 못 함 → 도로명 유지(확인 목록)
WC013256,물만골,T12,place,35.179371003380474,129.08485997546066,확인,물만골경양식,586215768,"화장실명""물만골"" — 카카오·네이버가 같은 시설로 확인(2m 차이)"
WC013253,연산,T12,place,35.1860720726554,129.08150324994,확인,무인민원발급창구 도시철도 연산역,1935951442,"주소·건물명""도시철도연산역"" — 카카오·네이버가 같은 시설로 확인(108m 차이)"
WC026233,중앙치안센터,T12,check,,,,,,주소로도 시설 이름으로도 판단 못 함 → 도로명 유지(확인 목록)
WC026046,산외공영주차장,T12,place,35.6210217,127.043086,추정,산외공영주차장,,"화장실명""산외공영주차장"" — 네이버에서만 찾음(이름 유사 1.00) — 정확하지 않을 수 있음"
WC044810,청계 하청계교,T12,check,,,,,,주소로도 시설 이름으로도 판단 못 함 → 도로명 유지(확인 목록)
WC044800,왕송호수 산책로(정자),T12,place,37.3027521512686,126.94411077684,확인,왕송호수 전망대,1952126032,"주소·건물명""왕송호수 전망대 공중화장실"" — 카카오·네이버가 같은 시설로 확인(8m 차이)"
WC023270,레포츠공원 청춘크루즈 옆,T12,check,,,,,,주소로도 시설 이름으로도 판단 못 함 → 도로명 유지(확인 목록)
WC029537,오산무릉교옆,T12,check,,,,,,주소로도 시설 이름으로도 판단 못 함 → 도로명 유지(확인 목록)
WC035176,쌍청공원 화장실,T12,place,36.6418987,127.32695,추정,쌍청공원,,"화장실명""쌍청공원 화장실"" — 네이버에서만 찾음(이름 유사 1.00) — 정확하지 않을 수 있음"
WC026497,수만리마애석불 등산로입구,T12,check,,,,,,주소로도 시설 이름으로도 판단 못 함 → 도로명 유지(확인 목록)
WC026450,삼례 근린공원 5호(감돌숲공원),T12,check,,,,,,주소로도 시설 이름으로도 판단 못 함 → 도로명 유지(확인 목록)
WC032890,황매산가족형휴양단지화장실(2오토캠핑장화장실),T12,check,,,,,,주소로도 시설 이름으로도 판단 못 함 → 도로명 유지(확인 목록)
WC032825,황산(주차장)화장실,T12,check,,,,,,주소로도 시설 이름으로도 판단 못 함 → 도로명 유지(확인 목록)
WC032789,해인파출소,T12,place,35.7922808146294,128.088259001819,확인,해인치안센터,23851359,"주소·건물명""해인치안센터"" — 카카오·네이버가 같은 시설로 확인(0m 차이)"
WC024399,미노리 화장실,T12,check,,,,,,주소로도 시설 이름으로도 판단 못 함 → 도로명 유지(확인 목록)
WC024320,천동계곡 공중화장실(탐방안내소),T12,place,36.9596237,128.4438605,추정,천동계곡,,"화장실명""천동계곡 공중화장실(탐방안내소)"" — 네이버에서만 찾음(이름 유사 1.00) — 정확하지 않을 수 있음"
WC015401,㈜부평역지하도상가,T12,place,37.490048002375545,126.723470653749,확인,부평역지하상가,582660501,"주소·건물명""부평역지하상가"" — 카카오·네이버가 같은 시설로 확인(93m 차이)"
WC015321,동수역,T12,place,37.4852756891047,126.718263415143,추정,동수역사거리,7839610,"화장실명""동수역"" — 카카오에서만 찾음(이름 유사 0.67) — 정확하지 않을 수 있음"
WC015316,동암역 고객화장실,T12,place,37.4706957867304,126.702889753462,확인,동암역 1호선,21160516,"주소·건물명""동암역"" — 카카오·네이버가 같은 시설로 확인(21m 차이)"
WC028485,삼국유사테마파크화장실,T12,place,36.16423046769057,128.69612496777629,확인,삼국유사테마파크,594914963,"화장실명""삼국유사테마파크화장실"" — 카카오·네이버가 같은 시설로 확인(88m 차이)"
WC023085,구 억조식당 앞(가수리),T12,check,,,,,,주소로도 시설 이름으로도 판단 못 함 → 도로명 유지(확인 목록)
WC022972,문래삼거리매점 휴게실 건너편,T12,check,,,,,,주소로도 시설 이름으로도 판단 못 함 → 도로명 유지(확인 목록)
WC022889,자개골 유원지,T12,check,,,,,,주소로도 시설 이름으로도 판단 못 함 → 도로명 유지(확인 목록)
WC022887,지경보 위(유천2리 쪽),T12,check,,,,,,주소로도 시설 이름으로도 판단 못 함 → 도로명 유지(확인 목록)
WC022885,중동샘터 옆,T12,check,,,,,,주소로도 시설 이름으로도 판단 못 함 → 도로명 유지(확인 목록)
WC022874,발면동 버스승강장 뒤,T12,check,,,,,,주소로도 시설 이름으로도 판단 못 함 → 도로명 유지(확인 목록)
WC022873,(구)봉정초등학교 내,T12,check,,,,,,주소로도 시설 이름으로도 판단 못 함 → 도로명 유지(확인 목록)
WC022730,알펜시아리조트,T12,place,37.65693618710259,128.6737413840641,확인,알펜시아 홀리데이인리조트호텔,1894917882,"화장실명""알펜시아리조트"" — 카카오·네이버가 같은 시설로 확인(102m 차이)"
WC022668,문재터널 쉼터,T12,check,,,,,,주소로도 시설 이름으로도 판단 못 함 → 도로명 유지(확인 목록)
WC022666,백덕산 등산로 입구,T12,check,,,,,,주소로도 시설 이름으로도 판단 못 함 → 도로명 유지(확인 목록)
WC022631,상원사입구 화장실,T12,place,37.78680121070847,128.56425523952916,확인,상원사,23683436,"화장실명""상원사입구 화장실"" — 카카오·네이버가 같은 시설로 확인(71m 차이)"
WC022630,오대산장옆 화장실,T12,place,37.7789772348898,128.577552849846,확인,신성암,1693419006,"주소·건물명""신성암"" — 카카오·네이버가 같은 시설로 확인(5m 차이)"
WC022628,올림픽 슬라이딩센터,T12,place,37.6519876000016,128.678371057078,확인,올림픽슬라이딩센터 루지스타트,220179138,"화장실명""올림픽 슬라이딩센터"" — 카카오·네이버가 같은 시설로 확인(39m 차이)"
WC013553,내당역,T12,place,35.8650231809392,128.562085140794,추정,간이역 내당역점,1494867206,"화장실명""내당역"" — 카카오에서만 찾음(이름 유사 0.75) — 정확하지 않을 수 있음"
WC038088,고산엉알,T12,check,,,,,,주소로도 시설 이름으로도 판단 못 함 → 도로명 유지(확인 목록)
WC036852,장미꽃길 2,T12,check,,,,,,주소로도 시설 이름으로도 판단 못 함 → 도로명 유지(확인 목록)
WC036851,장미꽃길 1,T12,check,,,,,,주소로도 시설 이름으로도 판단 못 함 → 도로명 유지(확인 목록)
WC036452,호곡리 쉼터,T12,check,,,,,,주소로도 시설 이름으로도 판단 못 함 → 도로명 유지(확인 목록)
WC036449,반구정입구,T12,place,35.1168883,127.2499466,추정,반구정,,"화장실명""반구정입구"" — 네이버에서만 찾음(이름 유사 1.00) — 정확하지 않을 수 있음"
WC036448,염곡1구(노치),T12,check,,,,,,주소로도 시설 이름으로도 판단 못 함 → 도로명 유지(확인 목록)
WC036447,코스모스축제장 제방,T12,check,,,,,,주소로도 시설 이름으로도 판단 못 함 → 도로명 유지(확인 목록)
WC036412,관음사 입구 다리,T12,check,,,,,,주소로도 시설 이름으로도 판단 못 함 → 도로명 유지(확인 목록)
WC036401,두가리 강변산책로,T12,place,35.2279413969978,127.369872930807,확인,곡성군 청소년야영장,8189905,"주소·건물명""곡성청소년야영장"" — 카카오·네이버가 같은 시설로 확인(41m 차이)"
WC036393,대곡자전거도로 쉼터,T12,check,,,,,,주소로도 시설 이름으로도 판단 못 함 → 도로명 유지(확인 목록)
WC036392,죽정자연발생유원지,T12,check,,,,,,주소로도 시설 이름으로도 판단 못 함 → 도로명 유지(확인 목록)
WC036391,신기낙시터,T12,check,,,,,,주소로도 시설 이름으로도 판단 못 함 → 도로명 유지(확인 목록)
WC029783,섬목 관음도,T12,check,,,,,,주소로도 시설 이름으로도 판단 못 함 → 도로명 유지(확인 목록)
WC029764,현포버스승강장(현포항물류창고),T12,check,,,,,,주소로도 시설 이름으로도 판단 못 함 → 도로명 유지(확인 목록)
WC029757,평리마을쉼터 공중화장실,T12,check,,,,,,주소로도 시설 이름으로도 판단 못 함 → 도로명 유지(확인 목록)
WC029727,도동3리 촛대바위,T12,check,,,,,,주소로도 시설 이름으로도 판단 못 함 → 도로명 유지(확인 목록)
WC017222,편의점 옆 화장실,T12,check,,,,,,주소로도 시설 이름으로도 판단 못 함 → 도로명 유지(확인 목록)
WC017221,십리대밭 산책로 화장실,T12,check,,,,,,주소로도 시설 이름으로도 판단 못 함 → 도로명 유지(확인 목록)
WC017219,명정천 화장실,T12,place,35.5518298052933,129.292280030417,확인,명정천,1438905416,"화장실명""명정천 화장실"" — 카카오·네이버가 같은 시설로 확인(60m 차이)"
WC017218,오산못 화장실,T12,check,,,,,,주소로도 시설 이름으로도 판단 못 함 → 도로명 유지(확인 목록)
WC017215,비둘기공원 화장실,T12,check,,,,,,주소로도 시설 이름으로도 판단 못 함 → 도로명 유지(확인 목록)
WC015680,이일레 해수욕장 공중화장실,T12,place,37.165291147041,126.301651193573,확인,이일레해수욕장,8039552,"화장실명""이일레 해수욕장 공중화장실"" — 카카오·네이버가 같은 시설로 확인(40m 차이)"
WC015586,울도보건진료소 화장실,T12,place,37.0245827823307,125.998636446949,확인,울도보건진료소,26504304,"화장실명""울도보건진료소 화장실"" — 카카오·네이버가 같은 시설로 확인(2m 차이)"
WC015562,사항포구 공중화장실,T12,place,37.95875762526769,124.66100179158471,확인,북포초등학교,10454743,"주소·건물명""북포초등학교"" — 카카오·네이버가 같은 시설로 확인(10m 차이)"
WC015560,진촌리현무암(하늬해변) 공중화장실,T12,check,,,,,,주소로도 시설 이름으로도 판단 못 함 → 도로명 유지(확인 목록)
WC015502,광난두동정자각공중화장실,T12,check,,,,,,주소로도 시설 이름으로도 판단 못 함 → 도로명 유지(확인 목록)
WC015500,물량장공중화장실,T12,check,,,,,,주소로도 시설 이름으로도 판단 못 함 → 도로명 유지(확인 목록)
WC015497,옥죽쉼터 공중화장실,T12,check,,,,,,주소로도 시설 이름으로도 판단 못 함 → 도로명 유지(확인 목록)
WC014267,논공읍사무소,T12,check,,,,,,주소로도 시설 이름으로도 판단 못 함 → 도로명 유지(확인 목록)
WC014144,육신사(신),T12,place,35.91162894042877,128.4162529509318,확인,육신사,8517340,"화장실명""육신사(신)"" — 카카오·네이버가 같은 시설로 확인(3m 차이)"
WC014126,하빈지구 체육시설,T12,check,,,,,,주소로도 시설 이름으로도 판단 못 함 → 도로명 유지(확인 목록)
WC014102,화원유원지 축구장,T12,check,,,,,,주소로도 시설 이름으로도 판단 못 함 → 도로명 유지(확인 목록)
WC009590,홍릉,T12,check,,,,,,주소로도 시설 이름으로도 판단 못 함 → 도로명 유지(확인 목록)
WC007259,서재로(초),T12,check,,,,,,주소로도 시설 이름으로도 판단 못 함 → 도로명 유지(확인 목록)
WC007179,"금천둔치
(방범대옆)",T12,check,,,,,,주소로도 시설 이름으로도 판단 못 함 → 도로명 유지(확인 목록)
WC009548,서울시설공단 청사 1층화장실,T12,place,37.57161932897955,127.03605577077943,확인,서울시설공단,11494690,"주소·건물명""서울시설공단"" — 카카오·네이버가 같은 시설로 확인(15m 차이)"
WC007473,삼국유사테마파크화장실,T12,place,36.16423046769057,128.69612496777629,확인,삼국유사테마파크,594914963,"화장실명""삼국유사테마파크화장실"" — 카카오·네이버가 같은 시설로 확인(88m 차이)"
WC006684,노음산 공중화장실,T12,place,36.438939208020884,128.0966828851945,확인,노음산,11305122,"화장실명""노음산 공중화장실"" — 카카오·네이버가 같은 시설로 확인(0m 차이)"
WC006910,상주교통안전체험교육센터,T12,place,36.32119414253675,128.1251114811482,확인,한국교통안전공단 상주교통안전체험교육센터,10134197,"화장실명""상주교통안전체험교육센터"" — 카카오·네이버가 같은 시설로 확인(67m 차이)"
WC007495,동명(부산)휴게소,T12,place,36.006289404576,128.549499482178,확인,동명휴게소 춘천방향,16286918,"화장실명""동명(부산)휴게소"" — 카카오·네이버가 같은 시설로 확인(22m 차이)"
WC008304,장천체육공원 간이 화장실,T12,place,35.1286404,128.712075,추정,장애아동체육공원,,"화장실명""장천체육공원 간이 화장실"" — 네이버에서만 찾음(이름 유사 0.71) — 정확하지 않을 수 있음"
WC004845,간이화장실_노량진근린공원_송학대공원,T12,place,37.5087041,126.9437916,추정,송학대공원,,"화장실명""간이화장실_노량진근린공원_송학대공원"" — 네이버에서만 찾음(이름 유사 0.59) — 정확하지 않을 수 있음"
WC004843,"간이화장실_현충근린공원(사당동,상록)",T12,place,37.4968720796973,126.977631806056,확인,현충근린공원,2106922773,"화장실명""간이화장실_현충근린공원(사당동,상록)"" — 카카오·네이버가 같은 시설로 확인(66m 차이)"
WC002329,큰길어린이공원화장실,T12,place,37.5677211858239,126.90821946869,확인,큰길어린이공원,1406733659,"화장실명""큰길어린이공원화장실"" — 카카오·네이버가 같은 시설로 확인(5m 차이)"
WC003171,삼덕공원지하,T12,place,37.3991041,126.9177448,추정,삼덕공원지하 공영 주차장,,"화장실명""삼덕공원지하"" — 네이버에서만 찾음(이름 유사 0.71) — 정확하지 않을 수 있음"
WC003096,안양역사 공중화장실(1층),T12,place,37.4062387,126.9191962,추정,안양역사,,"화장실명""안양역사 공중화장실(1층)"" — 네이버에서만 찾음(이름 유사 1.00) — 정확하지 않을 수 있음"
WC005818,가온공원,T12,place,35.5612414416338,129.232574740281,확인,가온공원,224606064,"화장실명""가온공원"" — 카카오·네이버가 같은 시설로 확인(29m 차이)"
WC003480,금마충전소,T12,check,,,,,,주소로도 시설 이름으로도 판단 못 함 → 도로명 유지(확인 목록)
WC004131,범어그라운드골프장,T12,place,35.32863221602,129.023892445353,추정,양주동 그라운드 골프장,1624034842,"화장실명""범어그라운드골프장"" — 카카오에서만 찾음(이름 유사 0.74) — 정확하지 않을 수 있음"
WC006828,경천대 팔각정 임시주차장,T12,place,36.4563654052369,128.244811743269,확인,경천대관광지,12601836,"주소·건물명""경천대"" — 카카오·네이버가 같은 시설로 확인(142m 차이)"
WC002949,공촌천 공중화장실1,T12,place,37.5426302,126.6252795,추정,공촌천,,"화장실명""공촌천 공중화장실1"" — 네이버에서만 찾음(이름 유사 1.00) — 정확하지 않을 수 있음"
WC003831,정솔펜션 입구,T12,place,36.2968996,129.2478782,추정,정솔펜션,,"화장실명""정솔펜션 입구"" — 네이버에서만 찾음(이름 유사 1.00) — 정확하지 않을 수 있음"
WC012639,심우정 앞 화장실,T12,check,,,,,,주소로도 시설 이름으로도 판단 못 함 → 도로명 유지(확인 목록)
WC006558,체험휴양시설,T12,check,,,,,,주소로도 시설 이름으로도 판단 못 함 → 도로명 유지(확인 목록)
WC035836,흥국사(매표소 옆),T12,place,34.8211395359047,127.700496063595,확인,흥국사,10966814,"화장실명""흥국사(매표소 옆)"" — 카카오·네이버가 같은 시설로 확인(21m 차이)"
WC035760,율촌장도공원(B동),T12,place,34.891226324717,127.600277484757,확인,율촌장도공원,1418284675,"화장실명""율촌장도공원(B동)"" — 카카오·네이버가 같은 시설로 확인(57m 차이)"
WC035716,돌산공원 매점뒤,T12,check,,,,,,주소로도 시설 이름으로도 판단 못 함 → 도로명 유지(확인 목록)
WC001790,사염공원,T12,place,37.5422163,126.6413059,추정,사염공원,,"화장실명""사염공원"" — 네이버에서만 찾음(이름 유사 1.00) — 정확하지 않을 수 있음"
WC001781,청라관리과청사,T12,place,37.5262151,126.6331388,추정,인천경제자유구역청 청라관리과,,"주소·건물명""경제자유구역청 청라관리과"" — 네이버에서만 찾음(이름 유사 0.92) — 정확하지 않을 수 있음"
WC001780,공촌유수지체육시설관리사무소,T12,check,,,,,,주소로도 시설 이름으로도 판단 못 함 → 도로명 유지(확인 목록)
WC001106,매곡마을(1),T12,place,35.3668874382035,129.174233716724,확인,매곡마을회관,23842091,"화장실명""매곡마을(1)"" — 카카오·네이버가 같은 시설로 확인(18m 차이)"
WC000750,장군목화장실,T12,place,35.4693034042071,127.190661597103,확인,장군목유원지,26429106,"화장실명""장군목화장실"" — 카카오·네이버가 같은 시설로 확인(52m 차이)"
WC000315,문래동주민센터 1층 화장실,T12,place,37.517111250497514,126.8994856347614,확인,문래동주민센터,7881722,"주소·건물명""문래동주민센터"" — 카카오·네이버가 같은 시설로 확인(3m 차이)"
WC004000,홍점(김동환집뒤),T12,check,,,,,,주소로도 시설 이름으로도 판단 못 함 → 도로명 유지(확인 목록)
WC000121,의릉,T12,place,37.6038869047302,127.059686671449,확인,의릉역사문화관,815312586,"주소·건물명""서울 의릉 역사문화관"" — 카카오·네이버가 같은 시설로 확인(3m 차이)"
WC001290,(재)우체국물류주유소 화장실,T12,check,,,,,,주소로도 시설 이름으로도 판단 못 함 → 도로명 유지(확인 목록)
WC040198,칠곡 영업소,좌표없음,place,35.9236423,128.5441834,추정,건일렌터카 칠곡영업소,,"화장실명""칠곡 영업소"" — 네이버에서만 찾음(이름 유사 0.67) — 정확하지 않을 수 있음"
WC040196,북대구 영업소,좌표없음,place,35.9433846,128.5473982,추정,피닉스 북대구영업소,,"화장실명""북대구 영업소"" — 네이버에서만 찾음(이름 유사 0.80) — 정확하지 않을 수 있음"
WC040194,검단(부산)졸음쉼터,좌표없음,place,35.9158527317346,128.615295059654,확인,검단졸음쉼터 서울방향,27324890,"화장실명""검단(부산)졸음쉼터"" — 카카오·네이버가 같은 시설로 확인(18m 차이)"
WC040193,검단(서울)졸음쉼터,좌표없음,place,35.9158527317346,128.615295059654,확인,검단졸음쉼터 서울방향,27324890,"화장실명""검단(서울)졸음쉼터"" — 카카오·네이버가 같은 시설로 확인(18m 차이)"
WC053491,창평 슬로시티내,좌표없음,place,35.23529770972032,127.01790695649296,확인,담양창평슬로시티,1084569264,"화장실명""창평 슬로시티내"" — 카카오·네이버가 같은 시설로 확인(6m 차이)"
WC053439,고가제1,좌표없음,place,35.31531230160089,126.94932403627277,확인,고가제,10169497,"화장실명""고가제1"" — 카카오·네이버가 같은 시설로 확인(23m 차이)"
WC040038,암남공원 입구,좌표없음,place,35.0599107,129.0162416,추정,암남공원,,"화장실명""암남공원 입구"" — 네이버에서만 찾음(이름 유사 1.00) — 정확하지 않을 수 있음"
WC047344,부소담악 화장실 2,좌표없음,place,36.350867220179765,127.56521036772048,확인,부소담악,1677448602,"화장실명""부소담악 화장실 2"" — 카카오·네이버가 같은 시설로 확인(75m 차이)"
WC023591,옥천공설시장 공영주차장,좌표없음,place,36.303365604278405,127.56824755663693,확인,옥천공설시장 공영주차장,26607740,"화장실명""옥천공설시장 공영주차장"" — 카카오·네이버가 같은 시설로 확인(6m 차이)"
WC025719,장곡주차장(장승공원),좌표없음,place,36.4084178,126.851123,추정,장곡주차장,,"화장실명""장곡주차장(장승공원)"" — 네이버에서만 찾음(이름 유사 1.00) — 정확하지 않을 수 있음"
WC006319,모덕사,좌표없음,place,36.4462357482508,127.007656185593,확인,모덕사,7867367,"화장실명""모덕사"" — 카카오·네이버가 같은 시설로 확인(17m 차이)"
WC043818,구봉공원(해솔길 입구) 화장실,좌표없음,place,37.2846744,126.539918,추정,구봉공원,,"화장실명""구봉공원(해솔길 입구) 화장실"" — 네이버에서만 찾음(이름 유사 1.00) — 정확하지 않을 수 있음"
WC019169,늘을중앙공원(지상1층)[호평-7],좌표없음,place,37.65907693815251,127.24465765172785,확인,늘을중앙공원,1994169733,"화장실명""늘을중앙공원(지상1층)[호평-7]"" — 카카오·네이버가 같은 시설로 확인(16m 차이)"
WC019168,늘을중앙공원(지하1층)[호평-8],좌표없음,place,37.65907693815251,127.24465765172785,확인,늘을중앙공원,1994169733,"화장실명""늘을중앙공원(지하1층)[호평-8]"" — 카카오·네이버가 같은 시설로 확인(16m 차이)"
WC019108,수동멀티스포츠센터,좌표없음,place,37.710301732766006,127.32329075287566,확인,수동멀티스포츠센터,1432961539,"화장실명""수동멀티스포츠센터"" — 카카오·네이버가 같은 시설로 확인(17m 차이)"
WC019068,왕숙천공원-3(토평교)[지금-7],좌표없음,place,37.6040498,127.1498989,추정,(왕숙교밑족구장)왕숙천공원개방화장실,,"화장실명""왕숙천공원-3(토평교)[지금-7]"" — 네이버에서만 찾음(이름 유사 0.91) — 정확하지 않을 수 있음"
WC019057,사릉역,좌표없음,place,37.65112427884554,127.17692620365439,확인,사릉역 경춘선,25038390,"화장실명""사릉역"" — 카카오·네이버가 같은 시설로 확인(7m 차이)"
WC019001,모란공원 입구[월산-1],좌표없음,place,37.64783807112223,127.32063570440809,확인,모란공원묘지,9770683,"화장실명""모란공원 입구[월산-1]"" — 카카오·네이버가 같은 시설로 확인(3m 차이)"
WC018901,뱅이다리[퇴계원-1],좌표없음,place,37.6627031,127.1485665,추정,퇴계원뱅이다리개방화장실,,"화장실명""뱅이다리[퇴계원-1]"" — 네이버에서만 찾음(이름 유사 0.73) — 정확하지 않을 수 있음"
WC043769,노적봉공원 화장실,좌표없음,place,37.3168786,126.8551869,추정,노적봉공원 화장실,,"화장실명""노적봉공원 화장실"" — 네이버에서만 찾음(이름 유사 1.00) — 정확하지 않을 수 있음"
WC012052,대흥주유소,좌표없음,place,35.1648257,129.0318268,추정,S-OIL 대흥주유소,,"화장실명""대흥주유소"" — 네이버에서만 찾음(이름 유사 0.67) — 정확하지 않을 수 있음"
WC002860,학장공단우편취급국,좌표없음,place,35.14360620342482,128.98441006288235,확인,부산학장공단 우편취급국,10862969,"화장실명""학장공단우편취급국"" — 카카오·네이버가 같은 시설로 확인(13m 차이)"
WC002850,주례1치안센터,좌표없음,place,35.15122471560908,129.0009547777753,확인,주례1치안센터,8092380,"화장실명""주례1치안센터"" — 카카오·네이버가 같은 시설로 확인(9m 차이)"
WC053143,구두공원,좌표없음,place,35.3097595666725,129.00256820756,추정,구두공원,146830963,"화장실명""구두공원"" — 카카오에서만 찾음(이름 유사 1.00) — 정확하지 않을 수 있음"
WC012348,상수도사업본부 동래통합사업소,좌표없음,place,35.2090230848614,129.104198096441,확인,부산광역시 상수도사업본부 동래통합사업소,17543072,"화장실명""상수도사업본부 동래통합사업소"" — 카카오·네이버가 같은 시설로 확인(2m 차이)"
WC053121,내송가람공원,좌표없음,place,35.3136562416804,129.07143693265,확인,내송가람공원,1238372514,"화장실명""내송가람공원"" — 카카오·네이버가 같은 시설로 확인(9m 차이)"
WC018144,고래의 모험,좌표없음,place,37.2527807,127.0089691,추정,고래의모험어린이공원,,"화장실명""고래의 모험"" — 네이버에서만 찾음(이름 유사 0.67) — 정확하지 않을 수 있음"
WC018020,맹꽁이,좌표없음,place,37.3022596,127.003704,추정,맹꽁이전자담배,,"화장실명""맹꽁이"" — 네이버에서만 찾음(이름 유사 0.60) — 정확하지 않을 수 있음"
WC017960,서호꽃뫼(2),좌표없음,place,37.2839474,126.9881938,추정,서호꽃뫼공원,,"화장실명""서호꽃뫼(2)"" — 네이버에서만 찾음(이름 유사 0.80) — 정확하지 않을 수 있음"
WC017838,영화동공영주차장,좌표없음,place,37.2928805,127.0139158,추정,영화동공영주차장,,"화장실명""영화동공영주차장"" — 네이버에서만 찾음(이름 유사 1.00) — 정확하지 않을 수 있음"
WC053089,일운체육공원,좌표없음,place,34.82242273641255,128.70613757679584,확인,일운체육공원,573524219,"화장실명""일운체육공원"" — 카카오·네이버가 같은 시설로 확인(3m 차이)"
WC052068,빛뜰문화공원 화장실,좌표없음,place,37.7212111344905,127.106579857134,확인,빛뜰문화공원,224728230,"화장실명""빛뜰문화공원 화장실"" — 카카오·네이버가 같은 시설로 확인(7m 차이)"
WC007825,관음사 입구,좌표없음,place,35.2688833,128.612075,추정,관음사,,"화장실명""관음사 입구"" — 네이버에서만 찾음(이름 유사 1.00) — 정확하지 않을 수 있음"
WC007810,길상사입구,좌표없음,place,35.2432998,128.7034889,추정,길상사,,"화장실명""길상사입구"" — 네이버에서만 찾음(이름 유사 1.00) — 정확하지 않을 수 있음"
WC008019,명서공원화장실,좌표없음,place,35.2413756,128.6397707,추정,명서공원,,"화장실명""명서공원화장실"" — 네이버에서만 찾음(이름 유사 1.00) — 정확하지 않을 수 있음"
WC007797,팔룡공원(팔용터널 위),좌표없음,place,35.2451716,128.6106848,추정,팔용근린공원,,"화장실명""팔룡공원(팔용터널 위)"" — 네이버에서만 찾음(이름 유사 0.75) — 정확하지 않을 수 있음"
WC007681,감천제일교회 앞,좌표없음,place,35.203118,128.5105249,추정,감천제일교회,,"화장실명""감천제일교회 앞"" — 네이버에서만 찾음(이름 유사 1.00) — 정확하지 않을 수 있음"
WC052659,신성교 입구,좌표없음,place,36.317218377078035,128.9890499020309,확인,신성교,10528286,"화장실명""신성교 입구"" — 카카오·네이버가 같은 시설로 확인(2m 차이)"
WC052546,꿈담 놀이터 화장실,좌표없음,place,36.1568783,128.4260661,추정,꿈담놀이터,,"화장실명""꿈담 놀이터 화장실"" — 네이버에서만 찾음(이름 유사 1.00) — 정확하지 않을 수 있음"
WC028070,장애인파크골프장 화장실(사무실 옆),좌표없음,place,36.1262067458169,128.356562452624,추정,구미시장애인파크골프장,66042679,"화장실명""장애인파크골프장 화장실(사무실 옆)"" — 카카오에서만 찾음(이름 유사 0.84) — 정확하지 않을 수 있음"
WC028069,장애인파크골프장 화장실,좌표없음,place,36.1262067458169,128.356562452624,추정,구미시장애인파크골프장,66042679,"화장실명""장애인파크골프장 화장실"" — 카카오에서만 찾음(이름 유사 0.84) — 정확하지 않을 수 있음"
WC028054,오태(임오)체육공원화장실,좌표없음,place,36.0844598,128.3653774,추정,임오체육공원,,"화장실명""오태(임오)체육공원화장실"" — 네이버에서만 찾음(이름 유사 0.83) — 정확하지 않을 수 있음"
WC027907,"그라운드골프장 화장실(지산교 옆, 수거식)",좌표없음,place,36.1258885619361,128.356012701369,확인,구미시그라운드골프장,1354727035,"화장실명""그라운드골프장 화장실(지산교 옆, 수거식)"" — 카카오·네이버가 같은 시설로 확인(28m 차이)"
WC027906,"그라운드골프장 화장실(신평교 옆, 수거식)",좌표없음,place,36.1258885619361,128.356012701369,확인,구미시그라운드골프장,1354727035,"화장실명""그라운드골프장 화장실(신평교 옆, 수거식)"" — 카카오·네이버가 같은 시설로 확인(28m 차이)"
WC005410,문동방파제,좌표없음,place,35.3059204446881,129.26016360968,확인,문동방파제,27085897,"화장실명""문동방파제"" — 카카오·네이버가 같은 시설로 확인(72m 차이)"
WC005897,장자호수생태체험관(2층),좌표없음,place,37.5830833927075,127.138607047366,확인,장자호수생태체험관,24323199,"화장실명""장자호수생태체험관(2층)"" — 카카오·네이버가 같은 시설로 확인(11m 차이)"
WC005896,장자호수생태체험관(1층),좌표없음,place,37.5830833927075,127.138607047366,확인,장자호수생태체험관,24323199,"화장실명""장자호수생태체험관(1층)"" — 카카오·네이버가 같은 시설로 확인(11m 차이)"
WC005840,수택1동 행정복지센터,좌표없음,place,37.59616919136259,127.14840915122764,확인,수택1동행정복지센터,8446372,"화장실명""수택1동 행정복지센터"" — 카카오·네이버가 같은 시설로 확인(18m 차이)"
WC005839,구리시 하수처리장,좌표없음,place,37.5928165352456,127.159513735303,확인,구리하수처리장,27056645,"화장실명""구리시 하수처리장"" — 카카오·네이버가 같은 시설로 확인(80m 차이)"
WC051398,지리산 호수공원 화장실,좌표없음,place,35.2807519100712,127.418250884386,확인,지리산호수공원,2092124096,"화장실명""지리산 호수공원 화장실"" — 카카오·네이버가 같은 시설로 확인(20m 차이)"
WC037530,동화 문화센터 화장실,좌표없음,place,35.2832162,126.7374972,추정,동화면문화센터,,"화장실명""동화 문화센터 화장실"" — 네이버에서만 찾음(이름 유사 0.92) — 정확하지 않을 수 있음"
WC021027,번개시장 화장실,좌표없음,place,37.8921807446698,127.726804459731,확인,춘천번개시장,27062335,"화장실명""번개시장 화장실"" — 카카오·네이버가 같은 시설로 확인(56m 차이)"
WC020925,후평시장 화장실,좌표없음,place,37.88079048809393,127.74678315460862,확인,후평일단지시장,18524771,"화장실명""후평시장 화장실"" — 카카오·네이버가 같은 시설로 확인(1m 차이)"
WC020883,대형주유소,좌표없음,place,37.8469390614726,127.714521463474,확인,대형주유소,10313952,"화장실명""대형주유소"" — 카카오·네이버가 같은 시설로 확인(4m 차이)"
WC020869,샘밭장터 화장실,좌표없음,place,37.9248289571681,127.747156676497,확인,신북읍샘밭장터,26931271,"화장실명""샘밭장터 화장실"" — 카카오·네이버가 같은 시설로 확인(56m 차이)"
WC037818,청룡어촌체험마을2,좌표없음,place,34.5185614468354,126.22423972705,추정,청룡어촌체험마을 화장실,1627646854,"화장실명""청룡어촌체험마을2"" — 카카오에서만 찾음(이름 유사 1.00) — 정확하지 않을 수 있음"
WC037798,고성사방댐,좌표없음,place,34.5012682,126.3126066,추정,고성사방댐공중화장실,,"화장실명""고성사방댐"" — 네이버에서만 찾음(이름 유사 1.00) — 정확하지 않을 수 있음"
WC037769,헌복동1,좌표없음,place,34.3791674613539,126.266995184443,확인,헌복동 화장실,632619709,"화장실명""헌복동1"" — 카카오·네이버가 같은 시설로 확인(15m 차이)"
WC037768,헌복동2,좌표없음,place,34.3791674613539,126.266995184443,확인,헌복동 화장실,632619709,"화장실명""헌복동2"" — 카카오·네이버가 같은 시설로 확인(15m 차이)"
WC037761,급치산전망대,좌표없음,place,34.4101300620109,126.101503329712,확인,급치산전망대,26557746,"화장실명""급치산전망대"" — 카카오·네이버가 같은 시설로 확인(58m 차이)"
WC031364,김해장유우체국,좌표없음,place,35.20050963236577,128.81359037963873,확인,김해장유우체국,23837379,"화장실명""김해장유우체국"" — 카카오·네이버가 같은 시설로 확인(0m 차이)"
WC031081,감노강변공원,좌표없음,place,35.3476655355222,128.926526781059,추정,감노강변공원 공중화장실,834934913,"화장실명""감노강변공원"" — 카카오에서만 찾음(이름 유사 1.00) — 정확하지 않을 수 있음"
WC030848,내동공원,좌표없음,place,35.2411629125189,128.859644808027,확인,내동공원,8223862,"화장실명""내동공원"" — 카카오·네이버가 같은 시설로 확인(20m 차이)"
WC030846,금병공원(우측),좌표없음,place,35.29545522517223,128.73653188946585,확인,금병공원,578009226,"화장실명""금병공원(우측)"" — 카카오·네이버가 같은 시설로 확인(44m 차이)"
WC030838,대성동고분박물관 기획전시관 화장실,좌표없음,place,35.2360625,128.8730813,추정,대성동고분박물관 기획전시관,,"화장실명""대성동고분박물관 기획전시관 화장실"" — 네이버에서만 찾음(이름 유사 1.00) — 정확하지 않을 수 있음"
WC048309,군산우체국 1층 화장실,좌표없음,place,35.9639127,126.565623,추정,산업단지우체국1층 화장실,,"화장실명""군산우체국 1층 화장실"" — 네이버에서만 찾음(이름 유사 0.75) — 정확하지 않을 수 있음"
WC048305,동국사,좌표없음,place,35.98276630107591,126.70742960285295,확인,동국사,8273888,"화장실명""동국사"" — 카카오·네이버가 같은 시설로 확인(20m 차이)"
WC048288,군산공항 출발장(보호구역),좌표없음,place,35.9262263,126.6154598,추정,군산공항출발장,,"화장실명""군산공항 출발장(보호구역)"" — 네이버에서만 찾음(이름 유사 1.00) — 정확하지 않을 수 있음"
WC048155,금강호,좌표없음,place,36.0135471978968,126.758562407493,확인,금강호휴게소,15515309,"화장실명""금강호"" — 카카오·네이버가 같은 시설로 확인(13m 차이)"
WC048110,고군산119지역대,좌표없음,place,35.803152393601486,126.42606133936559,확인,고군산119지역대,2023872594,"화장실명""고군산119지역대"" — 카카오·네이버가 같은 시설로 확인(3m 차이)"
WC048081,공항주유소,좌표없음,place,35.92692560624877,126.6182011808798,확인,공항주유소,15213379,"화장실명""공항주유소"" — 카카오·네이버가 같은 시설로 확인(2m 차이)"
WC047970,군산우체국 1층 화장실,좌표없음,place,35.9639127,126.565623,추정,산업단지우체국1층 화장실,,"화장실명""군산우체국 1층 화장실"" — 네이버에서만 찾음(이름 유사 0.75) — 정확하지 않을 수 있음"
WC043379,터미날주유소,좌표없음,place,37.0738968,127.0589909,추정,터미날주유소공중화장실,,"화장실명""터미날주유소"" — 네이버에서만 찾음(이름 유사 1.00) — 정확하지 않을 수 있음"
WC043359,제일주유소,좌표없음,place,37.0695192489246,127.064009481853,추정,제일주유소 화장실,146633189,"화장실명""제일주유소"" — 카카오에서만 찾음(이름 유사 1.00) — 정확하지 않을 수 있음"
WC043356,정원가스충전소,좌표없음,place,37.009045521756114,127.07302154214473,확인,정원충전소,9116864,"화장실명""정원가스충전소"" — 카카오·네이버가 같은 시설로 확인(2m 차이)"
WC043343,오성아이씨주유소,좌표없음,place,37.0116657315782,126.99595496853,추정,오성IC주유소,24910224,"화장실명""오성아이씨주유소"" — 카카오에서만 찾음(이름 유사 0.67) — 정확하지 않을 수 있음"
WC043303,명품주유소,좌표없음,place,37.0360125,127.0696322,추정,명품주유소공중화장실,,"화장실명""명품주유소"" — 네이버에서만 찾음(이름 유사 1.00) — 정확하지 않을 수 있음"
WC043286,대원주유소,좌표없음,place,37.0842600785897,127.05834893657,확인,대원 주유소,8294459,"화장실명""대원주유소"" — 카카오·네이버가 같은 시설로 확인(11m 차이)"
WC043274,그린주유소,좌표없음,place,37.0716984697367,127.089759095575,확인,그린주유소,674366245,"화장실명""그린주유소"" — 카카오·네이버가 같은 시설로 확인(8m 차이)"
WC043182,안정리 쇼핑몰주차장,좌표없음,place,36.95805583900978,127.04368938090879,확인,안정리쇼핑몰 공영주차장,27426247,"화장실명""안정리 쇼핑몰주차장"" — 카카오·네이버가 같은 시설로 확인(4m 차이)"
WC043019,배다리도서관(별동),좌표없음,place,37.00223180303015,127.11939454985905,확인,배다리도서관,1686433280,"화장실명""배다리도서관(별동)"" — 카카오·네이버가 같은 시설로 확인(1m 차이)"
WC043018,배다리도서관(3층),좌표없음,place,37.00223180303015,127.11939454985905,확인,배다리도서관,1686433280,"화장실명""배다리도서관(3층)"" — 카카오·네이버가 같은 시설로 확인(1m 차이)"
WC043017,배다리도서관(2층),좌표없음,place,37.00223180303015,127.11939454985905,확인,배다리도서관,1686433280,"화장실명""배다리도서관(2층)"" — 카카오·네이버가 같은 시설로 확인(1m 차이)"
WC043016,배다리도서관(1층),좌표없음,place,37.00223180303015,127.11939454985905,확인,배다리도서관,1686433280,"화장실명""배다리도서관(1층)"" — 카카오·네이버가 같은 시설로 확인(1m 차이)"
WC042978,함박산중앙공원(실개천),좌표없음,place,37.0374880704183,127.038508246838,확인,함박산중앙공원 음악분수,1416081343,"화장실명""함박산중앙공원(실개천)"" — 카카오·네이버가 같은 시설로 확인(16m 차이)"
WC042968,풀내음근린공원,좌표없음,place,36.9875119616258,127.126129095964,확인,풀내음근린공원,1351089002,"화장실명""풀내음근린공원"" — 카카오·네이버가 같은 시설로 확인(7m 차이)"
WC042942,은실어린이공원,좌표없음,place,37.0076973015825,127.0879388972,확인,은실어린이공원,505439271,"화장실명""은실어린이공원"" — 카카오·네이버가 같은 시설로 확인(1m 차이)"
WC042918,신당근린공원 야구장,좌표없음,place,36.970035,126.847475,추정,신당근린공원야구장 공중화장실,,"화장실명""신당근린공원 야구장"" — 네이버에서만 찾음(이름 유사 1.00) — 정확하지 않을 수 있음"
WC042913,솔숲근린공원,좌표없음,place,36.9904853200774,127.130498054739,확인,솔숲 근린공원,2146175414,"화장실명""솔숲근린공원"" — 카카오·네이버가 같은 시설로 확인(39m 차이)"
WC042902,새솔근린공원,좌표없음,place,37.0332743140571,127.026524939371,확인,새솔근린공원,582694103,"화장실명""새솔근린공원"" — 카카오·네이버가 같은 시설로 확인(16m 차이)"
WC042888,봉골근린공원,좌표없음,place,37.0262320969943,127.063096552755,확인,봉골근린공원,974301437,"화장실명""봉골근린공원"" — 카카오·네이버가 같은 시설로 확인(35m 차이)"
WC042862,내리문화공원(주차장),좌표없음,place,36.974925489374215,127.03097790135193,확인,내리문화공원,27071519,"화장실명""내리문화공원(주차장)"" — 카카오·네이버가 같은 시설로 확인(4m 차이)"
WC042861,내리문화공원(광장),좌표없음,place,36.974925489374215,127.03097790135193,확인,내리문화공원,27071519,"화장실명""내리문화공원(광장)"" — 카카오·네이버가 같은 시설로 확인(4m 차이)"
WC042794,현덕파출소,좌표없음,place,36.9647238713991,126.918628034821,확인,현덕파출소,12380541,"화장실명""현덕파출소"" — 카카오·네이버가 같은 시설로 확인(20m 차이)"
WC042779,고덕119센타,좌표없음,place,37.04526759959235,127.02670897006426,추정,고덕119안전센터,8756475,"화장실명""고덕119센타"" — 카카오에서만 찾음(이름 유사 0.75) — 정확하지 않을 수 있음"
WC049076,부항복지회관 화장실,좌표없음,place,35.98935301622343,127.95923665527582,확인,부항면민복지회관,26175315,"화장실명""부항복지회관 화장실"" — 카카오·네이버가 같은 시설로 확인(7m 차이)"
WC048970,경상북도도립김천노인전문요양,좌표없음,place,36.211200476104246,128.05225284411543,확인,경상북도립 김천노인전문요양병원,10173237,"화장실명""경상북도도립김천노인전문요양"" — 카카오·네이버가 같은 시설로 확인(5m 차이)"
WC048894,율수재 공중화장실,좌표없음,place,36.15200233252309,128.0584950833417,추정,봉계율수재,7902830,"화장실명""율수재 공중화장실"" — 카카오에서만 찾음(이름 유사 0.75) — 정확하지 않을 수 있음"
WC041435,천곡샘골생태공원 화장실,좌표없음,place,35.6384149763568,129.323838249862,확인,천곡샘골생태공원,1619432876,"화장실명""천곡샘골생태공원 화장실"" — 카카오·네이버가 같은 시설로 확인(13m 차이)"
WC041391,몽돌서재주차장 공중화장실,좌표없음,place,35.6276227787975,129.441732079092,추정,몽돌서재주차장 화장실,1342913988,"화장실명""몽돌서재주차장 공중화장실"" — 카카오에서만 찾음(이름 유사 1.00) — 정확하지 않을 수 있음"
WC041373,화동마을공영주차장 공중화장실,좌표없음,place,35.5912792333823,129.373010994145,추정,화동마을공영주차장 공중화장실,1059245924,"화장실명""화동마을공영주차장 공중화장실"" — 카카오에서만 찾음(이름 유사 1.00) — 정확하지 않을 수 있음"
WC048858,새희망주유소,좌표없음,place,35.6737200615459,127.161782912315,확인,새희망 주유소,7935821,"화장실명""새희망주유소"" — 카카오·네이버가 같은 시설로 확인(1m 차이)"
WC048839,오수관촌농협주유소,좌표없음,place,35.6604228759239,127.277287082635,확인,오수관촌농협주유소,11413638,"화장실명""오수관촌농협주유소"" — 카카오·네이버가 같은 시설로 확인(1m 차이)"
WC048825,관촌시장,좌표없음,place,35.6786068448148,127.267845780072,확인,관촌전통시장,18525424,"화장실명""관촌시장"" — 카카오·네이버가 같은 시설로 확인(20m 차이)"
WC048824,오수시장,좌표없음,place,35.5382633656356,127.327082843113,확인,오수상설시장,8011039,"화장실명""오수시장"" — 카카오·네이버가 같은 시설로 확인(93m 차이)"
WC049968,번천(하남)졸음쉼터,좌표없음,place,37.4528731239843,127.255815185822,확인,번천졸음쉼터 통영방향,27408754,"화장실명""번천(하남)졸음쉼터"" — 카카오·네이버가 같은 시설로 확인(14m 차이)"
WC049715,고산3호 근린공원,좌표없음,place,37.3727251209315,127.219402982365,추정,고산3호근린공원,1922832223,"화장실명""고산3호 근린공원"" — 카카오에서만 찾음(이름 유사 1.00) — 정확하지 않을 수 있음"
WC049662,한솔유치원,좌표없음,place,37.37341852542906,127.2244098186259,확인,태전한솔유치원,21287316,"화장실명""한솔유치원"" — 카카오·네이버가 같은 시설로 확인(5m 차이)"
WC049185,진량119안전센터,좌표없음,place,35.8713003314101,128.826841307337,확인,진량119안전센터,1374207624,"화장실명""진량119안전센터"" — 카카오·네이버가 같은 시설로 확인(4m 차이)"
WC048506,안천체련공원 화장실,좌표없음,place,35.9534467350592,127.522987660755,확인,용담체련공원,26281564,"화장실명""안천체련공원 화장실"" — 카카오·네이버가 같은 시설로 확인(22m 차이)"
WC048453,백운면 흰구름복지센터,좌표없음,place,35.69209003784048,127.39596032690145,확인,흰구름복지센타,529838671,"화장실명""백운면 흰구름복지센터"" — 카카오·네이버가 같은 시설로 확인(10m 차이)"
WC037498,우산공원1,좌표없음,place,35.2721925870439,126.506566002605,확인,우산근린공원,1451482614,"화장실명""우산공원1"" — 카카오·네이버가 같은 시설로 확인(89m 차이)"
WC037488,숲쟁이꽃동산,좌표없음,place,35.3639270497283,126.433665226053,확인,숲쟁이꽃동산,13113749,"화장실명""숲쟁이꽃동산"" — 카카오·네이버가 같은 시설로 확인(56m 차이)"
WC005426,길천근린공원,좌표없음,place,35.3278048767015,129.284206454683,확인,길천근린공원,26428437,"화장실명""길천근린공원"" — 카카오·네이버가 같은 시설로 확인(57m 차이)"
WC041116,초지광장 화장실,좌표없음,place,37.6271061639316,126.531145599779,추정,초지광장,2036526399,"화장실명""초지광장 화장실"" — 카카오에서만 찾음(이름 유사 1.00) — 정확하지 않을 수 있음"
WC041114,고려천도공원,좌표없음,place,37.8039473208058,126.462708121364,확인,고려천도공원,1149198308,"화장실명""고려천도공원"" — 카카오·네이버가 같은 시설로 확인(13m 차이)"
WC041093,정수사,좌표없음,place,37.607782286995,126.44560353562,확인,정수사,19182920,"화장실명""정수사"" — 카카오·네이버가 같은 시설로 확인(3m 차이)"
WC041001,민머루해수욕장,좌표없음,place,37.6512882623409,126.333422797717,확인,민머루해변,8308286,"화장실명""민머루해수욕장"" — 카카오·네이버가 같은 시설로 확인(44m 차이)"
WC040993,고려천도공원,좌표없음,place,37.8039473208058,126.462708121364,확인,고려천도공원,1149198308,"화장실명""고려천도공원"" — 카카오·네이버가 같은 시설로 확인(13m 차이)"
WC045627,이천시차량등록사업소,좌표없음,place,37.27385314070011,127.43344324332534,확인,이천시 차량등록사업소,27308659,"화장실명""이천시차량등록사업소"" — 카카오·네이버가 같은 시설로 확인(14m 차이)"
WC045577,진암공원화장실,좌표없음,place,37.11049723685987,127.62087224961832,확인,진암공원,26348625,"화장실명""진암공원화장실"" — 카카오·네이버가 같은 시설로 확인(46m 차이)"
WC046989,현남생활체육공원 공중화장실,좌표없음,place,37.9692480255013,128.758308684572,확인,현남생활체육공원,1028753841,"화장실명""현남생활체육공원 공중화장실"" — 카카오·네이버가 같은 시설로 확인(4m 차이)"
WC046926,북분리해수욕장 화장실1,좌표없음,place,37.9869045652125,128.749895414679,확인,북분리해수욕장,25619030,"화장실명""북분리해수욕장 화장실1"" — 카카오·네이버가 같은 시설로 확인(104m 차이)"
WC046925,북분리해수욕장 화장실2,좌표없음,place,37.9869045652125,128.749895414679,확인,북분리해수욕장,25619030,"화장실명""북분리해수욕장 화장실2"" — 카카오·네이버가 같은 시설로 확인(104m 차이)"
WC046893,양양청과물시장 화장실,좌표없음,place,38.073451186614,128.623177862822,추정,양양청과물시장,7999474,"화장실명""양양청과물시장 화장실"" — 카카오에서만 찾음(이름 유사 1.00) — 정확하지 않을 수 있음"
WC046835,현남면게이트볼장 화장실,좌표없음,place,37.9684768,128.7576713,추정,현남면실내게이트볼장(2026년12월예정),,"화장실명""현남면게이트볼장 화장실"" — 네이버에서만 찾음(이름 유사 0.89) — 정확하지 않을 수 있음"
WC050743,성곡주유소 화장실,좌표없음,place,34.9133041084156,127.543324336161,확인,성곡주유소,10494119,"화장실명""성곡주유소 화장실"" — 카카오·네이버가 같은 시설로 확인(19m 차이)"
WC050723,㈜대창석유 직영 갑산주유소 화장실,좌표없음,place,34.9281746,127.4912716,추정,SK엔크린 대창석유직영갑산주유소,,"화장실명""㈜대창석유 직영 갑산주유소 화장실"" — 네이버에서만 찾음(이름 유사 0.79) — 정확하지 않을 수 있음"
WC050722,인월주유소 화장실,좌표없음,place,34.8900893743379,127.475928158995,확인,인월주유소,1124036067,"화장실명""인월주유소 화장실"" — 카카오·네이버가 같은 시설로 확인(1m 차이)"
WC042030,한국전력,좌표없음,place,37.2777583,127.0295749,추정,한국전력공사 경기본부,,"화장실명""한국전력"" — 네이버에서만 찾음(이름 유사 0.57) — 정확하지 않을 수 있음"
WC042015,대장공원(저류지 옆),좌표없음,place,37.63774,126.8167599,추정,상중대장2공원,,"화장실명""대장공원(저류지 옆)"" — 네이버에서만 찾음(이름 유사 0.73) — 정확하지 않을 수 있음"
WC042014,대장공원(게이트볼장 옆),좌표없음,place,37.63774,126.8167599,추정,상중대장2공원,,"화장실명""대장공원(게이트볼장 옆)"" — 네이버에서만 찾음(이름 유사 0.73) — 정확하지 않을 수 있음"
WC042013,대장공원(관리사무소 옆),좌표없음,place,37.63774,126.8167599,추정,상중대장2공원,,"화장실명""대장공원(관리사무소 옆)"" — 네이버에서만 찾음(이름 유사 0.73) — 정확하지 않을 수 있음"
WC042012,대장공원(이음교회 앞),좌표없음,place,37.63774,126.8167599,추정,상중대장2공원,,"화장실명""대장공원(이음교회 앞)"" — 네이버에서만 찾음(이름 유사 0.73) — 정확하지 않을 수 있음"
WC041966,황송공원(농구장 앞),좌표없음,place,37.4458794,127.1729065,추정,황송공원,,"화장실명""황송공원(농구장 앞)"" — 네이버에서만 찾음(이름 유사 1.00) — 정확하지 않을 수 있음"
WC041948,수진공원(관리사무소 옆),좌표없음,place,37.4364431,127.1255786,추정,수진공원,,"화장실명""수진공원(관리사무소 옆)"" — 네이버에서만 찾음(이름 유사 1.00) — 정확하지 않을 수 있음"
WC041883,성호시장 이동화장실,좌표없음,place,37.4378849,127.1426277,추정,성호시장,,"화장실명""성호시장 이동화장실"" — 네이버에서만 찾음(이름 유사 1.00) — 정확하지 않을 수 있음"
WC041837,물생산과(복정정수장),좌표없음,place,37.4571592,127.13107,추정,성남시 복정정수장,,"주소·건물명""복정정수장"" — 네이버에서만 찾음(이름 유사 0.77) — 정확하지 않을 수 있음"
WC041816,수정청소년수련관,좌표없음,place,37.448946,127.149538,추정,수정청소년수련관주차장,,"화장실명""수정청소년수련관"" — 네이버에서만 찾음(이름 유사 0.84) — 정확하지 않을 수 있음"
WC041812,분당판교청소년수련관,좌표없음,place,37.3914732,127.0908811,추정,분당판교청소년수련관입구,,"화장실명""분당판교청소년수련관"" — 네이버에서만 찾음(이름 유사 1.00) — 정확하지 않을 수 있음"
WC041810,위례도서관,좌표없음,place,37.4713037,127.1424015,추정,성남시위례도서관,,"화장실명""위례도서관"" — 네이버에서만 찾음(이름 유사 0.77) — 정확하지 않을 수 있음"
WC041804,판교도서관,좌표없음,place,37.3921717,127.090393,추정,성남시판교도서관,,"화장실명""판교도서관"" — 네이버에서만 찾음(이름 유사 0.77) — 정확하지 않을 수 있음"
WC041789,수내동파크골프장,좌표없음,place,37.3813903,127.1155624,추정,파크골프장공중화장실,,"화장실명""수내동파크골프장"" — 네이버에서만 찾음(이름 유사 0.77) — 정확하지 않을 수 있음"
WC041782,황송테니스장,좌표없음,place,37.4450207,127.1720643,추정,황송공원테니스장,,"화장실명""황송테니스장"" — 네이버에서만 찾음(이름 유사 0.86) — 정확하지 않을 수 있음"
WC041658,박석어린이공원,좌표없음,place,37.4438381,127.1623852,추정,박석어린이공원,,"화장실명""박석어린이공원"" — 네이버에서만 찾음(이름 유사 1.00) — 정확하지 않을 수 있음"
WC041634,탄천 우안10(수진쉼터),좌표없음,place,37.3546557,127.117673,추정,탄천우안1 공중화장실,,"화장실명""탄천 우안10(수진쉼터)"" — 네이버에서만 찾음(이름 유사 1.00) — 정확하지 않을 수 있음"
WC041627,탄천 우안3(정자교),좌표없음,place,37.3546557,127.117673,추정,탄천우안1 공중화장실,,"화장실명""탄천 우안3(정자교)"" — 네이버에서만 찾음(이름 유사 1.00) — 정확하지 않을 수 있음"
WC041621,약사사입구 간이화장실,좌표없음,place,37.0085964,126.9351784,추정,약사사,,"화장실명""약사사입구 간이화장실"" — 네이버에서만 찾음(이름 유사 1.00) — 정확하지 않을 수 있음"
WC043603,자유수호평화박물관(야외),좌표없음,place,37.94248383311832,127.0660970710562,확인,자유수호평화박물관,8055964,"화장실명""자유수호평화박물관(야외)"" — 카카오·네이버가 같은 시설로 확인(4m 차이)"
WC046641,은행나무숲 입구,좌표없음,place,37.8322908191463,128.47065480753,확인,홍천은행나무숲,18323826,"화장실명""은행나무숲 입구"" — 카카오·네이버가 같은 시설로 확인(107m 차이)"
WC046559,내면행정복지센터,좌표없음,place,37.773811203263385,128.3897255689261,확인,내면행정복지센터,8879433,"화장실명""내면행정복지센터"" — 카카오·네이버가 같은 시설로 확인(5m 차이)"
WC046450,용소계곡 주차장 화장실,좌표없음,place,37.8603328666119,128.034443528632,확인,용소계곡 주차장,2090687007,"화장실명""용소계곡 주차장 화장실"" — 카카오·네이버가 같은 시설로 확인(14m 차이)"
WC043957,성포배수지체육시설,좌표없음,place,37.3199333,126.8600875,추정,성포동배수지체육시설,,"화장실명""성포배수지체육시설"" — 네이버에서만 찾음(이름 유사 0.95) — 정확하지 않을 수 있음"
WC051542,반곡리 용소계곡 공중화장실,좌표없음,place,34.9922737030888,127.056851965977,확인,용소계곡,25328658,"화장실명""반곡리 용소계곡 공중화장실"" — 카카오·네이버가 같은 시설로 확인(63m 차이)"
WC051505,수만리중지마을 공중화장실,좌표없음,place,35.1009752,126.9951114,추정,수만리중지마을 공중화장실,,"화장실명""수만리중지마을 공중화장실"" — 네이버에서만 찾음(이름 유사 1.00) — 정확하지 않을 수 있음"
WC051457,원천삼거리 공중화장실,좌표없음,place,34.9341551,126.8979979,추정,원천삼거리 공중화장실,,"화장실명""원천삼거리 공중화장실"" — 네이버에서만 찾음(이름 유사 1.00) — 정확하지 않을 수 있음"
WC047811,전통문화연수원,좌표없음,place,35.81249406317914,127.15644190851246,확인,전주전통문화연수원,17087483,"화장실명""전통문화연수원"" — 카카오·네이버가 같은 시설로 확인(22m 차이)"
WC047741,동문헌책도서관 화장실,좌표없음,place,35.8187194608965,127.151205680189,확인,동문헌책도서관,1006247347,"화장실명""동문헌책도서관 화장실"" — 카카오·네이버가 같은 시설로 확인(2m 차이)"
WC047739,모롱지도서관 화장실,좌표없음,place,35.8336582688322,127.104125312497,확인,모롱지작은도서관,21814553,"화장실명""모롱지도서관 화장실"" — 카카오·네이버가 같은 시설로 확인(2m 차이)"
WC042761,부천역,좌표없음,place,37.4840854,126.782803,추정,부천역 1호선,,"화장실명""부천역"" — 네이버에서만 찾음(이름 유사 0.67) — 정확하지 않을 수 있음"
WC042679,KH에너지㈜직영 벌말주유소,좌표없음,place,37.4842585,126.7632458,추정,KH에너지직영벌말주유소공중화장실,,"화장실명""KH에너지㈜직영 벌말주유소"" — 네이버에서만 찾음(이름 유사 0.96) — 정확하지 않을 수 있음"
WC042644,발리노래방건물,좌표없음,place,37.5242287,126.8055169,추정,발리노래방건물 공중화장실,,"화장실명""발리노래방건물"" — 네이버에서만 찾음(이름 유사 1.00) — 정확하지 않을 수 있음"
WC042613,부천지하상가,좌표없음,place,37.4840224,126.7824473,추정,부천역지하도상가,,"화장실명""부천지하상가"" — 네이버에서만 찾음(이름 유사 0.86) — 정확하지 않을 수 있음"
WC042516,GS칼텍스 일광주유소,좌표없음,place,37.8248618,127.1461126,추정,GS칼텍스 일광주유소,,"화장실명""GS칼텍스 일광주유소"" — 네이버에서만 찾음(이름 유사 1.00) — 정확하지 않을 수 있음"
WC042370,한국전력공사 부천지사,좌표없음,place,37.507297,126.786337,추정,한국전력공사 부천지사,,"화장실명""한국전력공사 부천지사"" — 네이버에서만 찾음(이름 유사 1.00) — 정확하지 않을 수 있음"
WC042208,부천물박물관,좌표없음,place,37.5086465,126.8210662,추정,부천물박물관,,"화장실명""부천물박물관"" — 네이버에서만 찾음(이름 유사 1.00) — 정확하지 않을 수 있음"
WC039074,방화구립테니스장 화장실,좌표없음,place,37.583827659718864,126.81710026603032,확인,강서구립테니스장,11584121,"화장실명""방화구립테니스장 화장실"" — 카카오·네이버가 같은 시설로 확인(8m 차이)"
WC051126,신용교,좌표없음,place,35.184279857783174,126.8987737027186,확인,신용교,362159789,"화장실명""신용교"" — 카카오·네이버가 같은 시설로 확인(4m 차이)"
WC051066,영산포풍물시장3,좌표없음,place,34.99199900545306,126.70726810474565,확인,영산포풍물시장,18526169,"화장실명""영산포풍물시장3"" — 카카오·네이버가 같은 시설로 확인(35m 차이)"
WC051050,강변저류지공중화장실,좌표없음,place,35.0023104,126.7182223,추정,영산강5경(나주평야)-강변저류지,,"화장실명""강변저류지공중화장실"" — 네이버에서만 찾음(이름 유사 0.62) — 정확하지 않을 수 있음"
WC050838,공산의원,좌표없음,place,34.9415285320118,126.609730597977,확인,공산치과의원,13544086,"화장실명""공산의원"" — 카카오·네이버가 같은 시설로 확인(73m 차이)"
WC050837,공산농협,좌표없음,place,34.94281823712192,126.60799601565029,확인,공산농협,8225901,"화장실명""공산농협"" — 카카오·네이버가 같은 시설로 확인(2m 차이)"
WC050836,농협자재백화점,좌표없음,place,34.9425387,126.6072135,추정,공산농협자재백화점,,"화장실명""농협자재백화점"" — 네이버에서만 찾음(이름 유사 0.88) — 정확하지 않을 수 있음"
WC050835,공산농협하나로마트,좌표없음,place,34.9429764951225,126.607039620468,추정,공산농협하나로마트,25626402,"화장실명""공산농협하나로마트"" — 카카오에서만 찾음(이름 유사 1.00) — 정확하지 않을 수 있음"
WC050833,한국의원,좌표없음,place,34.942978189845675,126.60868160904906,확인,한국흉부외과의원,10950010,"화장실명""한국의원"" — 카카오·네이버가 같은 시설로 확인(4m 차이)"
WC050832,나주 컨트리클럽,좌표없음,place,34.9420110168019,126.63987065885,추정,나주컨트리클럽,8253265,"화장실명""나주 컨트리클럽"" — 카카오에서만 찾음(이름 유사 1.00) — 정확하지 않을 수 있음"
WC050831,우습제 공중화장실,좌표없음,place,34.94118412157755,126.57893343941004,확인,우습제,23182224,"화장실명""우습제 공중화장실"" — 카카오·네이버가 같은 시설로 확인(58m 차이)"
WC050830,공산5일시장,좌표없음,place,34.9428422811222,126.609023789467,확인,공산5일시장,18525389,"화장실명""공산5일시장"" — 카카오·네이버가 같은 시설로 확인(52m 차이)"
WC050828,나주영상테마파크 제2주차장,좌표없음,place,34.9750626,126.602782,추정,나주영상테마파크제2주차장 공중화장실,,"화장실명""나주영상테마파크 제2주차장"" — 네이버에서만 찾음(이름 유사 1.00) — 정확하지 않을 수 있음"
WC050827,공산면사무소,좌표없음,place,34.943335,126.608125,추정,공산면사무소 주차장,,"화장실명""공산면사무소"" — 네이버에서만 찾음(이름 유사 0.80) — 정확하지 않을 수 있음"
WC050826,공산면복지회관,좌표없음,place,34.9430803488454,126.607936750961,확인,공산면복지회관,8741761,"화장실명""공산면복지회관"" — 카카오·네이버가 같은 시설로 확인(4m 차이)"
WC050825,농어민체육센터,좌표없음,place,34.94354897995495,126.60735106017057,확인,나주시농어민문화체육센터,11584130,"화장실명""농어민체육센터"" — 카카오·네이버가 같은 시설로 확인(9m 차이)"
WC050824,나주영상테마파크,좌표없음,place,34.977603,126.600097,추정,나주영상테마파크정문,,"화장실명""나주영상테마파크"" — 네이버에서만 찾음(이름 유사 0.89) — 정확하지 않을 수 있음"
WC050349,용연(서울)졸음쉼터,좌표없음,place,36.8611795137505,126.646199383196,확인,용연졸음쉼터 서울방향,27424619,"화장실명""용연(서울)졸음쉼터"" — 카카오·네이버가 같은 시설로 확인(10m 차이)"
WC050144,벚꽃공원,좌표없음,place,36.8727244,126.6732329,추정,벚꽃공원 공중화장실,,"화장실명""벚꽃공원"" — 네이버에서만 찾음(이름 유사 1.00) — 정확하지 않을 수 있음"
WC032563,가조어린이공원화장실,좌표없음,place,35.706888,128.0151385,추정,가조어린이공원화장실,,"화장실명""가조어린이공원화장실"" — 네이버에서만 찾음(이름 유사 1.00) — 정확하지 않을 수 있음"
WC032552,가조시장화장실,좌표없음,place,35.7116979,128.0144696,추정,가조시장화장실,,"화장실명""가조시장화장실"" — 네이버에서만 찾음(이름 유사 1.00) — 정확하지 않을 수 있음"
WC032538,산야교화장실,좌표없음,place,35.659844337021916,128.0086613793724,확인,산야교,15156805,"화장실명""산야교화장실"" — 카카오·네이버가 같은 시설로 확인(7m 차이)"
WC032534,약수터화장실,좌표없음,place,35.6955687,127.8838302,추정,하부약수터,,"화장실명""약수터화장실"" — 네이버에서만 찾음(이름 유사 0.75) — 정확하지 않을 수 있음"
WC032526,조암유원지,좌표없음,place,35.7060924820483,127.857630880951,추정,조암 유원지,18276462,"화장실명""조암유원지"" — 카카오에서만 찾음(이름 유사 1.00) — 정확하지 않을 수 있음"
WC032493,원촌소공원 화장실,좌표없음,place,35.8072911,127.919398,추정,원촌소공원 야외운동시설,,"화장실명""원촌소공원 화장실"" — 네이버에서만 찾음(이름 유사 0.62) — 정확하지 않을 수 있음"
WC031788,조은에너지㈜,좌표없음,place,35.26493999614069,128.48022196188103,추정,조은에너지주유소,11973431,"화장실명""조은에너지㈜"" — 카카오에서만 찾음(이름 유사 0.71) — 정확하지 않을 수 있음"
WC047469,안전수련원(다목적체육관),좌표없음,place,36.4907834,127.1517336,추정,충청남도교육청안전수련원,,"화장실명""안전수련원(다목적체육관)"" — 네이버에서만 찾음(이름 유사 0.59) — 정확하지 않을 수 있음"
WC021395,남강릉영업소,좌표없음,place,37.7191169,128.8891621,추정,관동가스산업 남강릉영업소,,"화장실명""남강릉영업소"" — 네이버에서만 찾음(이름 유사 0.67) — 정확하지 않을 수 있음"
WC021394,옥계영업소,좌표없음,place,37.61352925458733,129.03838241342558,추정,로젠택배 옥계영업소,298856848,"화장실명""옥계영업소"" — 카카오에서만 찾음(이름 유사 0.71) — 정확하지 않을 수 있음"
WC021393,대관령전망대,좌표없음,place,37.72404772420009,128.77947023549893,확인,대관령전망대,1073757690,"화장실명""대관령전망대"" — 카카오·네이버가 같은 시설로 확인(38m 차이)"
WC021342,남대천 둔치,좌표없음,place,37.750097628941425,128.89894771678846,확인,남대천둔치 공영주차장,1765560661,"화장실명""남대천 둔치"" — 카카오·네이버가 같은 시설로 확인(149m 차이)"
WC021341,공용주차장,좌표없음,place,37.7563199,128.8965522,추정,구 한전주차장,,"화장실명""공용주차장"" — 네이버에서만 찾음(이름 유사 0.67) — 정확하지 않을 수 있음"
WC021175,정동보건진료소,좌표없음,place,37.6882346211859,129.034062352046,확인,정동보건진료소,9371490,"화장실명""정동보건진료소"" — 카카오·네이버가 같은 시설로 확인(1m 차이)"
WC021174,임곡보건진료소,좌표없음,place,37.6882585410288,128.973081363966,확인,임곡보건진료소,10739687,"화장실명""임곡보건진료소"" — 카카오·네이버가 같은 시설로 확인(7m 차이)"
WC021173,왕산보건지소,좌표없음,place,37.67230877136215,128.83776005019865,확인,왕산보건지소,10622792,"화장실명""왕산보건지소"" — 카카오·네이버가 같은 시설로 확인(8m 차이)"
WC021172,옥계보건지소,좌표없음,place,37.60906156870148,129.0343356630246,확인,옥계보건지소,10624273,"화장실명""옥계보건지소"" — 카카오·네이버가 같은 시설로 확인(3m 차이)"
WC021171,성산보건지소,좌표없음,place,37.7189244505954,128.832155746172,확인,성산보건지소,9142965,"화장실명""성산보건지소"" — 카카오·네이버가 같은 시설로 확인(6m 차이)"
WC021170,삼산보건진료소,좌표없음,place,37.84707959429759,128.69981382582503,확인,삼산보건진료소,9116889,"화장실명""삼산보건진료소"" — 카카오·네이버가 같은 시설로 확인(6m 차이)"
WC021169,산계보건진료소,좌표없음,place,37.57518604184433,128.94572286442644,확인,산계보건진료소,9112807,"화장실명""산계보건진료소"" — 카카오·네이버가 같은 시설로 확인(2m 차이)"
WC021168,사천진보건진료소,좌표없음,place,37.8372061302608,128.875156573431,확인,사천진보건진료소,9067528,"화장실명""사천진보건진료소"" — 카카오·네이버가 같은 시설로 확인(7m 차이)"
WC021167,사천보건지소,좌표없음,place,37.82379239135128,128.84862848841232,확인,사천보건지소,13534101,"화장실명""사천보건지소"" — 카카오·네이버가 같은 시설로 확인(32m 차이)"
WC021166,보광보건진료소,좌표없음,place,37.73835767372134,128.80548365140243,확인,보광보건진료소,9044990,"화장실명""보광보건진료소"" — 카카오·네이버가 같은 시설로 확인(3m 차이)"
WC021165,대기보건진료소,좌표없음,place,37.58780486787502,128.77819052542057,확인,대기보건진료소,8839054,"화장실명""대기보건진료소"" — 카카오·네이버가 같은 시설로 확인(1m 차이)"
WC021164,남양보건진료소,좌표없음,place,37.58106353564944,129.03013785937142,확인,남양보건진료소,8244316,"화장실명""남양보건진료소"" — 카카오·네이버가 같은 시설로 확인(6m 차이)"
WC021163,구정보건지소,좌표없음,place,37.7204984431387,128.883405427994,확인,구정보건지소,8673001,"화장실명""구정보건지소"" — 카카오·네이버가 같은 시설로 확인(2m 차이)"
WC021161,강동보건지소,좌표없음,place,37.7282271233348,128.954474879022,확인,강동보건지소,8725691,"화장실명""강동보건지소"" — 카카오·네이버가 같은 시설로 확인(5m 차이)"
WC021159,강릉시보건소,좌표없음,place,37.742776983819844,128.8826359120318,확인,강릉시보건소,8631898,"화장실명""강릉시보건소"" — 카카오·네이버가 같은 시설로 확인(17m 차이)"
WC014610,만석어린이공원(이동),좌표없음,place,37.483292423448376,126.61950838360268,확인,만석어린이공원,15152067,"화장실명""만석어린이공원(이동)"" — 카카오·네이버가 같은 시설로 확인(12m 차이)"
WC014597,송림4동 행정복지센터,좌표없음,place,37.47816940045161,126.64953832161643,확인,송림4동행정복지센터,7954372,"화장실명""송림4동 행정복지센터"" — 카카오·네이버가 같은 시설로 확인(11m 차이)"
WC039534,소리공원 화장실,좌표없음,place,37.4816297018946,127.119777784706,확인,소리공원,1915022425,"화장실명""소리공원 화장실"" — 카카오·네이버가 같은 시설로 확인(5m 차이)"
WC038732,종로3가역(3),좌표없음,place,37.570420844523,126.992153252476,확인,종로3가역 1호선,21160784,"화장실명""종로3가역(3)"" — 카카오·네이버가 같은 시설로 확인(140m 차이)"
WC038731,종로3가역(3),좌표없음,place,37.570420844523,126.992153252476,확인,종로3가역 1호선,21160784,"화장실명""종로3가역(3)"" — 카카오·네이버가 같은 시설로 확인(140m 차이)"
WC038652,와룡공원(배드민턴장),좌표없음,place,37.5911687764303,126.990122039181,확인,와룡공원,10627174,"화장실명""와룡공원(배드민턴장)"" — 카카오·네이버가 같은 시설로 확인(42m 차이)"
WC045862,피톤치드 화장실,좌표없음,place,37.3672685500101,127.821687943112,확인,피톤치드글램핑장,667232576,"화장실명""피톤치드 화장실"" — 카카오·네이버가 같은 시설로 확인(29m 차이)"
WC037441,대불하수처리장,좌표없음,place,34.767326726315375,126.41721780296888,추정,대불하수처리장,10645724,"화장실명""대불하수처리장"" — 카카오에서만 찾음(이름 유사 1.00) — 정확하지 않을 수 있음"
WC037425,신북도로공원,좌표없음,place,34.8560741222099,126.690293535317,추정,도로공원,14565850,"화장실명""신북도로공원"" — 카카오에서만 찾음(이름 유사 0.80) — 정확하지 않을 수 있음"
WC037381,금강진료소,좌표없음,place,34.8103197,126.5626263,추정,금강보건진료소,,"화장실명""금강진료소"" — 네이버에서만 찾음(이름 유사 0.83) — 정확하지 않을 수 있음"
WC037325,삼호농협,좌표없음,place,34.745258551716475,126.47009654456579,확인,삼호농협,18708022,"화장실명""삼호농협"" — 카카오·네이버가 같은 시설로 확인(10m 차이)"
WC030386,이순신공원(위령탑),좌표없음,place,34.84380765625365,128.44282467452436,확인,이순신공원,11807745,"화장실명""이순신공원(위령탑)"" — 카카오·네이버가 같은 시설로 확인(7m 차이)"
WC030385,이순신공원(중간),좌표없음,place,34.84380765625365,128.44282467452436,확인,이순신공원,11807745,"화장실명""이순신공원(중간)"" — 카카오·네이버가 같은 시설로 확인(7m 차이)"
WC030384,이순신공원주차장,좌표없음,place,34.84411847129651,128.44131596035308,확인,이순신공원 주차장,151336769,"화장실명""이순신공원주차장"" — 카카오·네이버가 같은 시설로 확인(9m 차이)"
WC019363,죽율체육공원,좌표없음,place,37.3491915986502,126.759907794193,확인,죽율체육공원,394571320,"화장실명""죽율체육공원"" — 카카오·네이버가 같은 시설로 확인(25m 차이)"
WC019339,은계중앙공원 화장실,좌표없음,place,37.4412580782849,126.80023439751,확인,은계중앙공원,238905841,"화장실명""은계중앙공원 화장실"" — 카카오·네이버가 같은 시설로 확인(30m 차이)"
WC041312,용문동우체국,좌표없음,place,36.337077709754865,127.39515300106717,확인,대전용문동우체국,7830679,"화장실명""용문동우체국"" — 카카오·네이버가 같은 시설로 확인(3m 차이)"
WC041275,가장동행정복지센터,좌표없음,place,36.33173546369576,127.38523686155601,확인,가장동행정복지센터,1882604158,"화장실명""가장동행정복지센터"" — 카카오·네이버가 같은 시설로 확인(2m 차이)"
WC016634,대전교도소,좌표없음,place,36.3117197,127.330852,추정,대전교도소내_옥내,,"화장실명""대전교도소"" — 네이버에서만 찾음(이름 유사 0.77) — 정확하지 않을 수 있음"
WC016548,대전유성경찰서 진잠파출소,좌표없음,place,36.3024034,127.3206468,추정,대전유성경찰서진잠파출소입구,,"화장실명""대전유성경찰서 진잠파출소"" — 네이버에서만 찾음(이름 유사 1.00) — 정확하지 않을 수 있음"
WC016503,유성온천주유소,좌표없음,place,36.3520820072252,127.33827360485,확인,유성온천주유소 전기차충전소,236959843,"화장실명""유성온천주유소"" — 카카오·네이버가 같은 시설로 확인(0m 차이)"
WC016378,산수어린이공원,좌표없음,place,36.400298616779736,127.39566568160144,확인,산수어린이공원,26255127,"화장실명""산수어린이공원"" — 카카오·네이버가 같은 시설로 확인(1m 차이)"
WC037292,충무사,좌표없음,place,34.592963750647776,126.30994232317622,확인,충무사,25985226,"화장실명""충무사"" — 카카오·네이버가 같은 시설로 확인(70m 차이)"
WC037274,법정스님마을도서관,좌표없음,place,34.5891009428369,126.309903412413,확인,법정스님마을도서관,1178669256,"화장실명""법정스님마을도서관"" — 카카오·네이버가 같은 시설로 확인(8m 차이)"
WC037173,상하수도사업소,좌표없음,place,34.575841096732084,126.57804867439035,확인,해남군 상하수도사업소,10919271,"화장실명""상하수도사업소"" — 카카오·네이버가 같은 시설로 확인(28m 차이)"
WC006116,교암항(간이),좌표없음,place,38.2900873509055,128.547675595864,확인,교암항,23493692,"화장실명""교암항(간이)"" — 카카오·네이버가 같은 시설로 확인(48m 차이)"
WC006050,금강삼사,좌표없음,place,38.46620091534664,128.44640141310404,확인,금강삼사,12832790,"화장실명""금강삼사"" — 카카오·네이버가 같은 시설로 확인(23m 차이)"
WC014423,삼목선착장,좌표없음,place,37.499917,126.4524999,추정,삼목선착장,,"화장실명""삼목선착장"" — 네이버에서만 찾음(이름 유사 1.00) — 정확하지 않을 수 있음"
WC014409,운남근린공원 간이화장실,좌표없음,place,37.4910772,126.530507,추정,운남공원,,"화장실명""운남근린공원 간이화장실"" — 네이버에서만 찾음(이름 유사 1.00) — 정확하지 않을 수 있음"
WC014369,을왕리해수욕장-입구,좌표없음,place,37.4464259,126.372788,추정,을왕리해수욕장,,"화장실명""을왕리해수욕장-입구"" — 네이버에서만 찾음(이름 유사 0.93) — 정확하지 않을 수 있음"
WC005403,해동성취사,좌표없음,place,35.2811229,129.2545647,추정,해동성취사 공중화장실,,"화장실명""해동성취사"" — 네이버에서만 찾음(이름 유사 1.00) — 정확하지 않을 수 있음"
WC023783,양산 건강센터,좌표없음,place,36.1239735,127.6673116,추정,양산면건강센터,,"화장실명""양산 건강센터"" — 네이버에서만 찾음(이름 유사 0.92) — 정확하지 않을 수 있음"
WC032379,원탑고수부지,좌표없음,place,35.1889274,127.6224655,추정,원탑고수부지이동화장실,,"화장실명""원탑고수부지"" — 네이버에서만 찾음(이름 유사 1.00) — 정확하지 않을 수 있음"
WC032362,목통마을 입구,좌표없음,place,35.2748855875199,127.612571145935,확인,목통,25234167,"화장실명""목통마을 입구"" — 카카오·네이버가 같은 시설로 확인(84m 차이)"
WC017029,비래사 앞,좌표없음,place,36.372972189234375,127.4509352433077,확인,비래사,9796071,"화장실명""비래사 앞"" — 카카오·네이버가 같은 시설로 확인(3m 차이)"
WC017024,산호빛공원(1) 공중화장실,좌표없음,place,36.453681433446,127.420522489973,확인,금강로하스 산호빛공원,14577274,"화장실명""산호빛공원(1) 공중화장실"" — 카카오·네이버가 같은 시설로 확인(104m 차이)"
WC017000,송촌생활체육공원(1),좌표없음,place,36.3695202953065,127.442368599091,확인,송촌생활체육공원 테니스장,24633475,"화장실명""송촌생활체육공원(1)"" — 카카오·네이버가 같은 시설로 확인(7m 차이)"
WC016998,송촌생활체육공원(3),좌표없음,place,36.3695202953065,127.442368599091,확인,송촌생활체육공원 테니스장,24633475,"화장실명""송촌생활체육공원(3)"" — 카카오·네이버가 같은 시설로 확인(7m 차이)"
WC016958,용화사 앞,좌표없음,place,36.3812860269605,127.436470564989,확인,계족산 용화사,12889488,"화장실명""용화사 앞"" — 카카오·네이버가 같은 시설로 확인(2m 차이)"
WC020432,중산리(탁영뢰),좌표없음,place,37.8587004906773,127.465113104094,확인,중산리,25365031,"화장실명""중산리(탁영뢰)"" — 카카오·네이버가 같은 시설로 확인(148m 차이)"
WC020403,석룡산 화장실1,좌표없음,place,38.00618937295375,127.47638650538033,확인,석룡산,23256163,"화장실명""석룡산 화장실1"" — 카카오·네이버가 같은 시설로 확인(0m 차이)"
WC020392,이화원 여자화장실,좌표없음,place,37.818323082366156,127.51956862063948,확인,이화원,11751894,"화장실명""이화원 여자화장실"" — 카카오·네이버가 같은 시설로 확인(65m 차이)"
WC020375,운악산 공중화장실,좌표없음,place,37.8663243113628,127.338042931546,확인,운악산출렁다리,36248245,"화장실명""운악산 공중화장실"" — 카카오·네이버가 같은 시설로 확인(23m 차이)"
WC020368,상면 체육공원,좌표없음,place,37.8035250125086,127.347442336028,확인,상면체육공원,375198117,"화장실명""상면 체육공원"" — 카카오·네이버가 같은 시설로 확인(57m 차이)"
WC020367,설악생활체육공원,좌표없음,place,37.6841396,127.4902284,추정,설악생활체육공원,,"화장실명""설악생활체육공원"" — 네이버에서만 찾음(이름 유사 1.00) — 정확하지 않을 수 있음"
WC020365,조종면복지회관,좌표없음,place,37.8047013888496,127.357173584961,확인,상면복지회관,601812513,"화장실명""조종면복지회관"" — 카카오·네이버가 같은 시설로 확인(10m 차이)"
WC020364,상면복지회관,좌표없음,place,37.8047013888496,127.357173584961,확인,상면복지회관,601812513,"화장실명""상면복지회관"" — 카카오·네이버가 같은 시설로 확인(10m 차이)"
WC011434,천왕역(7),좌표없음,place,37.48685558277736,126.83860534807998,확인,천왕역 7호선,21160770,"화장실명""천왕역(7)"" — 카카오·네이버가 같은 시설로 확인(10m 차이)"
WC011432,대림역(7),좌표없음,place,37.4933099444417,126.894931036051,확인,대림역 2호선,21160532,"화장실명""대림역(7)"" — 카카오·네이버가 같은 시설로 확인(11m 차이)"
WC034010,옥정지구대 화장실,좌표없음,place,37.8271145759372,127.094304444291,확인,옥정지구대,90096945,"화장실명""옥정지구대 화장실"" — 카카오·네이버가 같은 시설로 확인(6m 차이)"
WC033917,덕계지구대 화장실,좌표없음,place,37.819547764538044,127.05925795419179,확인,덕계지구대,12357576,"화장실명""덕계지구대 화장실"" — 카카오·네이버가 같은 시설로 확인(2m 차이)"
WC030253,하촌천공중화장실,좌표없음,place,35.2131372508712,128.095927929268,추정,하촌천,25730721,"화장실명""하촌천공중화장실"" — 카카오에서만 찾음(이름 유사 1.00) — 정확하지 않을 수 있음"
WC032110,스포츠타운 화장실,좌표없음,place,34.9804085,128.3066629,추정,고성군스포츠타운,,"화장실명""스포츠타운 화장실"" — 네이버에서만 찾음(이름 유사 0.77) — 정확하지 않을 수 있음"
WC011796,난곡공원공중화장실,좌표없음,place,37.4666244895449,126.918555171371,추정,난곡공원,1849850542,"화장실명""난곡공원공중화장실"" — 카카오에서만 찾음(이름 유사 1.00) — 정확하지 않을 수 있음"
WC028729,유성길 천마농장 입구,좌표없음,place,36.5505806,129.235975,추정,유성길천마농장,,"화장실명""유성길 천마농장 입구"" — 네이버에서만 찾음(이름 유사 1.00) — 정확하지 않을 수 있음"
WC028702,번동5교 앞,좌표없음,place,36.79204450292588,129.25803403324377,확인,번동5교,17319465,"화장실명""번동5교 앞"" — 카카오·네이버가 같은 시설로 확인(1m 차이)"
WC037598,옐로우스타디움 2 화장실,좌표없음,place,35.299703017370845,126.76855371959579,확인,옐로우시티 스타디움,1151939306,"화장실명""옐로우스타디움 2 화장실"" — 카카오·네이버가 같은 시설로 확인(14m 차이)"
WC037597,옐로우스타디움 1 화장실,좌표없음,place,35.299703017370845,126.76855371959579,확인,옐로우시티 스타디움,1151939306,"화장실명""옐로우스타디움 1 화장실"" — 카카오·네이버가 같은 시설로 확인(14m 차이)"
WC037588,백양사 팔각정 화장실,좌표없음,place,35.4256574775667,126.878596590023,추정,팔각정화장실,1485866162,"화장실명""백양사 팔각정 화장실"" — 카카오에서만 찾음(이름 유사 0.67) — 정확하지 않을 수 있음"
WC037579,사거리터미널 화장실,좌표없음,place,35.430415234985254,126.80988160875647,확인,장성사거리버스여객터미널,18166723,"화장실명""사거리터미널 화장실"" — 카카오·네이버가 같은 시설로 확인(28m 차이)"
WC017563,마골산화장실,좌표없음,place,35.5586023164805,129.416246176556,확인,마골산,7870642,"화장실명""마골산화장실"" — 카카오·네이버가 같은 시설로 확인(83m 차이)"
WC012981,부곡2동주민센터 화장실,좌표없음,place,35.22937347406104,129.09402769364797,확인,부곡2동행정복지센터,7898967,"화장실명""부곡2동주민센터 화장실"" — 카카오·네이버가 같은 시설로 확인(12m 차이)"
WC018809,환경사업소,좌표없음,place,37.44874762696544,127.0012973826237,확인,과천시환경사업소,11035389,"화장실명""환경사업소"" — 카카오·네이버가 같은 시설로 확인(29m 차이)"
WC018806,맑은물사업소,좌표없음,place,37.4212071703138,126.985349917853,확인,과천시 맑은물사업소,2035524228,"화장실명""맑은물사업소"" — 카카오·네이버가 같은 시설로 확인(129m 차이)"
WC013532,대구선아양공원,좌표없음,place,35.88300461357753,128.6344021482295,확인,대구선아양공원,26428939,"화장실명""대구선아양공원"" — 카카오·네이버가 같은 시설로 확인(9m 차이)"
WC009957,봉화산(성덕사 약수터),좌표없음,place,37.60857753365413,127.08709217385757,확인,봉화산,11062391,"화장실명""봉화산(성덕사 약수터)"" — 카카오·네이버가 같은 시설로 확인(0m 차이)"
WC009951,중랑캠핑숲 관리사무소,좌표없음,place,37.60641906067909,127.10945663043076,확인,중랑캠핑숲 공원관리사무소,20346824,"화장실명""중랑캠핑숲 관리사무소"" — 카카오·네이버가 같은 시설로 확인(6m 차이)"
WC009948,중랑캠핑숲 나들이마당,좌표없음,place,37.6059090039084,127.113376588072,확인,중랑캠핑숲나들이마당 개방화장실,26332330,"화장실명""중랑캠핑숲 나들이마당"" — 카카오·네이버가 같은 시설로 확인(13m 차이)"
WC009926,서일대 뒷산 공원 화장실,좌표없음,place,37.587684205227085,127.0988508494438,확인,서일대뒷산공원,22015464,"화장실명""서일대 뒷산 공원 화장실"" — 카카오·네이버가 같은 시설로 확인(7m 차이)"
WC009923,배밭공원 화장실,좌표없음,place,37.589664639615,127.103003168669,확인,배밭공원,18193177,"화장실명""배밭공원 화장실"" — 카카오·네이버가 같은 시설로 확인(46m 차이)"
WC009904,능산공원,좌표없음,place,37.61178331330883,127.09738885708326,확인,능산근린공원,26886912,"화장실명""능산공원"" — 카카오·네이버가 같은 시설로 확인(22m 차이)"
WC009902,봉화산근린공원(자연체험공원),좌표없음,place,37.60950096228712,127.08720763835336,추정,봉화산근린공원,27280417,"화장실명""봉화산근린공원(자연체험공원)"" — 카카오에서만 찾음(이름 유사 1.00) — 정확하지 않을 수 있음"
WC009889,봉화산근린공원(유아숲체험장),좌표없음,place,37.60950096228712,127.08720763835336,추정,봉화산근린공원,27280417,"화장실명""봉화산근린공원(유아숲체험장)"" — 카카오에서만 찾음(이름 유사 1.00) — 정확하지 않을 수 있음"
WC009883,용마산 유아숲체험장,좌표없음,place,37.58679566603866,127.1011673033575,추정,용마산유아숲체험장,837625792,"화장실명""용마산 유아숲체험장"" — 카카오에서만 찾음(이름 유사 1.00) — 정확하지 않을 수 있음"
WC009881,망우산 어린이 모험 놀이터,좌표없음,place,37.5940275,127.1054057,추정,망우산 어린이 모험 놀이터 개방화장실,,"화장실명""망우산 어린이 모험 놀이터"" — 네이버에서만 찾음(이름 유사 1.00) — 정확하지 않을 수 있음"
WC009873,"중화1동 공영주차장(재건축, 철거완료)",좌표없음,place,37.6027385219237,127.081626960818,확인,중화1동공영주차장,20583100,"화장실명""중화1동 공영주차장(재건축, 철거완료)"" — 카카오·네이버가 같은 시설로 확인(4m 차이)"
WC009870,면목5동 공영주차장,좌표없음,place,37.58317267893299,127.08017794833347,확인,면목5동 공영주차장,16062131,"화장실명""면목5동 공영주차장"" — 카카오·네이버가 같은 시설로 확인(20m 차이)"
WC009867,망우3동 공영주차장,좌표없음,place,37.5918581262721,127.094917152726,확인,망우3동공영주차장,959189899,"화장실명""망우3동 공영주차장"" — 카카오·네이버가 같은 시설로 확인(3m 차이)"
WC038608,중문색달해수욕장,좌표없음,place,33.2450381505136,126.411498674889,확인,중문색달해수욕장,8069764,"화장실명""중문색달해수욕장"" — 카카오·네이버가 같은 시설로 확인(15m 차이)"
WC038507,상창보건진료소,좌표없음,place,33.2745067631721,126.362505839941,확인,상창보건진료소,22543404,"화장실명""상창보건진료소"" — 카카오·네이버가 같은 시설로 확인(4m 차이)"
WC038497,안덕보건지소,좌표없음,place,33.2505734898775,126.331453347197,확인,안덕보건지소,10585985,"화장실명""안덕보건지소"" — 카카오·네이버가 같은 시설로 확인(5m 차이)"
WC038432,토평공원 공중화장실,좌표없음,place,33.2925175114374,126.581037731678,추정,토평근린공원,1497931366,"화장실명""토평공원 공중화장실"" — 카카오에서만 찾음(이름 유사 1.00) — 정확하지 않을 수 있음"
WC038424,물영아리오름,좌표없음,place,33.368394654095674,126.6920637359719,확인,물영아리오름,7873185,"화장실명""물영아리오름"" — 카카오·네이버가 같은 시설로 확인(0m 차이)"
WC038406,중문색달해수욕장(모래사장끝),좌표없음,place,33.2450381505136,126.411498674889,확인,중문색달해수욕장,8069764,"화장실명""중문색달해수욕장(모래사장끝)"" — 카카오·네이버가 같은 시설로 확인(15m 차이)"
WC038405,중문색달해수욕장(신라호텔밑),좌표없음,place,33.2450381505136,126.411498674889,확인,중문색달해수욕장,8069764,"화장실명""중문색달해수욕장(신라호텔밑)"" — 카카오·네이버가 같은 시설로 확인(15m 차이)"
WC038356,천지연주차장,좌표없음,place,33.2440915956914,126.560300213898,확인,천지연폭포 주차장,20587601,"화장실명""천지연주차장"" — 카카오·네이버가 같은 시설로 확인(36m 차이)"
WC038343,중문단지축구장,좌표없음,place,33.2347446875208,126.433128283465,확인,중문단지축구장,11585812,"화장실명""중문단지축구장"" — 카카오·네이버가 같은 시설로 확인(4m 차이)"
WC025694,간디학교,좌표없음,place,36.0447502921319,127.477449188817,확인,금산간디고등학교,1628184540,"화장실명""간디학교"" — 카카오·네이버가 같은 시설로 확인(2m 차이)"
WC025689,축협하나로마트,좌표없음,place,36.104437,127.487885,추정,무더위쉼터 금산축협하나로마트,,"화장실명""축협하나로마트"" — 네이버에서만 찾음(이름 유사 0.67) — 정확하지 않을 수 있음"
WC025688,축산농협,좌표없음,place,36.10445703282634,127.48762191277626,확인,금산축산농협 본점,8796318,"화장실명""축산농협"" — 카카오·네이버가 같은 시설로 확인(53m 차이)"
WC025686,농협금산군지부,좌표없음,place,36.10265351944616,127.49076020928592,확인,NH농협은행 금산군지부,8216756,"화장실명""농협금산군지부"" — 카카오·네이버가 같은 시설로 확인(11m 차이)"
WC025684,금산농협본점,좌표없음,place,36.104408135312525,127.48790035795199,확인,금산축산농협하나로마트 본점,12273613,"화장실명""금산농협본점"" — 카카오·네이버가 같은 시설로 확인(34m 차이)"
WC025681,하나은행,좌표없음,place,36.10320973333163,127.49005848193285,확인,하나은행 금산지점,8146327,"화장실명""하나은행"" — 카카오·네이버가 같은 시설로 확인(1m 차이)"
WC025680,새마을금고,좌표없음,place,36.10096173730872,127.49649984883054,확인,인삼시장새마을금고 본점,18957949,"화장실명""새마을금고"" — 카카오·네이버가 같은 시설로 확인(7m 차이)"
WC025678,군북만인산농협,좌표없음,place,36.12846445833811,127.4980882745438,확인,만인산농협 내부지점,9765760,"화장실명""군북만인산농협"" — 카카오·네이버가 같은 시설로 확인(4m 차이)"
WC025637,또래 어린이집,좌표없음,place,36.1090889171577,127.490130540216,확인,또래어린이집,10363966,"화장실명""또래 어린이집"" — 카카오·네이버가 같은 시설로 확인(5m 차이)"
WC025623,인삼랜드휴게소,좌표없음,place,36.152848377218646,127.49589440334488,확인,금산인삼랜드휴게소 통영방향,259235462,"화장실명""인삼랜드휴게소"" — 카카오·네이버가 같은 시설로 확인(6m 차이)"
WC025617,인삼호텔,좌표없음,place,36.1014927987269,127.499042916719,확인,금산인삼호텔,11031284,"화장실명""인삼호텔"" — 카카오·네이버가 같은 시설로 확인(4m 차이)"
WC025609,흥국 주유소,좌표없음,place,36.1112439287778,127.492054236247,추정,금산흥국주유소,8176808,"화장실명""흥국 주유소"" — 카카오에서만 찾음(이름 유사 0.83) — 정확하지 않을 수 있음"
WC025603,새금산장례식장,좌표없음,place,36.0896613308306,127.489525788964,확인,새금산병원 장례식장,10510640,"화장실명""새금산장례식장"" — 카카오·네이버가 같은 시설로 확인(11m 차이)"
WC025602,범아 주유소,좌표없음,place,36.1492525538891,127.493064928114,확인,범아주유소,7901388,"화장실명""범아 주유소"" — 카카오·네이버가 같은 시설로 확인(9m 차이)"
WC025593,e 편안요양병원,좌표없음,place,36.1032237,127.4896125,추정,e편안요양병원,,"화장실명""e 편안요양병원"" — 네이버에서만 찾음(이름 유사 1.00) — 정확하지 않을 수 있음"
WC025592,효사랑병원,좌표없음,place,36.0827455855385,127.505554776405,확인,금산효사랑요양병원,8808214,"화장실명""효사랑병원"" — 카카오·네이버가 같은 시설로 확인(11m 차이)"
WC025584,새말주유소,좌표없음,place,36.1285229791492,127.498751843443,확인,새말주유소,11139198,"화장실명""새말주유소"" — 카카오·네이버가 같은 시설로 확인(14m 차이)"
WC025577,금산시장,좌표없음,place,36.10052296255996,127.49907565075956,확인,금산수삼시장,1046247422,"화장실명""금산시장"" — 카카오·네이버가 같은 시설로 확인(5m 차이)"
WC025546,행정2리마을회관,좌표없음,place,36.184101,127.4706929,추정,추정2리 마을회관,,"화장실명""행정2리마을회관"" — 네이버에서만 찾음(이름 유사 0.88) — 정확하지 않을 수 있음"
WC025525,진산보건지소,좌표없음,place,36.144198461837,127.370060030771,확인,진산보건지소,11437547,"화장실명""진산보건지소"" — 카카오·네이버가 같은 시설로 확인(5m 차이)"
WC025495,학생체육관,좌표없음,place,36.1035499594292,127.482615566689,확인,금산학생체육관,25692660,"화장실명""학생체육관"" — 카카오·네이버가 같은 시설로 확인(5m 차이)"
WC025494,농업기술센터,좌표없음,place,36.1259458039534,127.496082829531,확인,금산군농업기술센터,20374318,"화장실명""농업기술센터"" — 카카오·네이버가 같은 시설로 확인(2m 차이)"
WC025493,금산군청,좌표없음,place,36.1088634037258,127.487974555923,확인,금산군청,10217090,"화장실명""금산군청"" — 카카오·네이버가 같은 시설로 확인(21m 차이)"
WC025492,청산아트홀,좌표없음,place,36.11162156527469,127.49138798141304,확인,청산아트홀,8808027,"화장실명""청산아트홀"" — 카카오·네이버가 같은 시설로 확인(8m 차이)"
WC025458,봉황지구대,좌표없음,place,36.1114645450391,127.546765981114,추정,봉황지구대,21268363,"화장실명""봉황지구대"" — 카카오에서만 찾음(이름 유사 1.00) — 정확하지 않을 수 있음"
WC025457,노인회관,좌표없음,place,36.1237886,127.5132883,추정,백운노인회관,,"화장실명""노인회관"" — 네이버에서만 찾음(이름 유사 0.80) — 정확하지 않을 수 있음"
WC025455,금성면사무소,좌표없음,place,36.1308215251453,127.453753024919,확인,무인민원발급창구 금성면사무소,836529686,"화장실명""금성면사무소"" — 카카오·네이버가 같은 시설로 확인(2m 차이)"
WC025447,칠백의총,좌표없음,place,36.130502261791776,127.49347197034491,확인,칠백의총,11350661,"화장실명""칠백의총"" — 카카오·네이버가 같은 시설로 확인(36m 차이)"
WC025445,인삼고을도서관,좌표없음,place,36.11129138648766,127.49125042605168,확인,금산인삼고을도서관,10214091,"화장실명""인삼고을도서관"" — 카카오·네이버가 같은 시설로 확인(1m 차이)"
WC025444,여성의집,좌표없음,place,36.1133383566323,127.492487135745,확인,금산다락원 여성의 집,887611159,"화장실명""여성의집"" — 카카오·네이버가 같은 시설로 확인(3m 차이)"
WC025443,생명의집,좌표없음,place,36.11272942887045,127.4915392692675,확인,금산다락원 생명의집,11436162,"화장실명""생명의집"" — 카카오·네이버가 같은 시설로 확인(23m 차이)"
WC025442,문화의집,좌표없음,place,36.1011511372751,127.494939676084,추정,문화의집,843689002,"화장실명""문화의집"" — 카카오에서만 찾음(이름 유사 1.00) — 정확하지 않을 수 있음"
WC025441,만남의집,좌표없음,place,36.11283542809241,127.49206194268504,확인,금산다락원 만남의집,1157218882,"화장실명""만남의집"" — 카카오·네이버가 같은 시설로 확인(40m 차이)"
WC025440,농민의집,좌표없음,place,36.11345772086907,127.49260783386143,확인,금산다락원 농민의집,50130837,"화장실명""농민의집"" — 카카오·네이버가 같은 시설로 확인(5m 차이)"
WC025439,노인의집,좌표없음,place,36.11313163225502,127.4923525646427,확인,금산다락원 노인의집,2048894066,"화장실명""노인의집"" — 카카오·네이버가 같은 시설로 확인(8m 차이)"
WC025436,기적의도서관,좌표없음,place,36.1110228969892,127.490573484774,확인,금산기적의도서관,8711862,"화장실명""기적의도서관"" — 카카오·네이버가 같은 시설로 확인(5m 차이)"
WC025434,금산군 보건소,좌표없음,place,36.1122241246,127.492131432666,확인,금산군 보건소,11433395,"화장실명""금산군 보건소"" — 카카오·네이버가 같은 시설로 확인(10m 차이)"
WC025429,이슬공원,좌표없음,place,36.11556194098,127.478850462889,확인,이슬공원,24284503,"화장실명""이슬공원"" — 카카오·네이버가 같은 시설로 확인(17m 차이)"
WC025428,이슬공원,좌표없음,place,36.11556194098,127.478850462889,확인,이슬공원,24284503,"화장실명""이슬공원"" — 카카오·네이버가 같은 시설로 확인(17m 차이)"
WC025423,금산관광안내소,좌표없음,place,36.10014124813943,127.4998450248996,확인,금산관광안내소,8679496,"화장실명""금산관광안내소"" — 카카오·네이버가 같은 시설로 확인(1m 차이)"
WC025387,남일초등학교,좌표없음,place,36.0429401,127.5040123,추정,남일초등학교정문,,"화장실명""남일초등학교"" — 네이버에서만 찾음(이름 유사 0.86) — 정확하지 않을 수 있음"
WC025376,금산교육청,좌표없음,place,36.1035943504299,127.483228854096,확인,충청남도 금산교육지원청,8237471,"화장실명""금산교육청"" — 카카오·네이버가 같은 시설로 확인(6m 차이)"
WC025364,금성우체국,좌표없음,place,36.1295329744985,127.45489539219244,확인,금산금성우체국,10216156,"화장실명""금성우체국"" — 카카오·네이버가 같은 시설로 확인(1m 차이)"
WC025363,금성우체국,좌표없음,place,36.1295329744985,127.45489539219244,확인,금산금성우체국,10216156,"화장실명""금성우체국"" — 카카오·네이버가 같은 시설로 확인(1m 차이)"
WC025362,금산경찰서,좌표없음,place,36.1037014749736,127.503610085415,확인,금산경찰서,8209103,"화장실명""금산경찰서"" — 카카오·네이버가 같은 시설로 확인(0m 차이)"
WC025361,동초등학교,좌표없음,place,36.1041983849665,127.498571388978,확인,금산동초등학교,8203802,"화장실명""동초등학교"" — 카카오·네이버가 같은 시설로 확인(23m 차이)"
WC025360,동초등학교,좌표없음,place,36.1041983849665,127.498571388978,확인,금산동초등학교,8203802,"화장실명""동초등학교"" — 카카오·네이버가 같은 시설로 확인(23m 차이)"
WC025351,금산우체국,좌표없음,place,36.10367281439592,127.48810570261973,확인,금산우체국,8204676,"화장실명""금산우체국"" — 카카오·네이버가 같은 시설로 확인(30m 차이)"
WC021993,삼척항 대게 화장실,좌표없음,place,37.4388414271994,129.19091753550197,확인,삼척대게 본점,22212218,"화장실명""삼척항 대게 화장실"" — 카카오·네이버가 같은 시설로 확인(95m 차이)"
WC021939,삼척 체육관,좌표없음,place,37.45641585409624,129.1720933798993,확인,삼척체육관,8350632,"화장실명""삼척 체육관"" — 카카오·네이버가 같은 시설로 확인(5m 차이)"
WC031970,창녕스포츠파크(관리동),좌표없음,place,35.43298563019206,128.59517440708098,확인,창녕스포츠파크,11905122,"화장실명""창녕스포츠파크(관리동)"" — 카카오·네이버가 같은 시설로 확인(5m 차이)"
WC031964,온천비각,좌표없음,place,35.4395045170821,128.588851016317,추정,온천비각 화장실,1040811034,"화장실명""온천비각"" — 카카오에서만 찾음(이름 유사 1.00) — 정확하지 않을 수 있음"
WC031943,대합공설운동장 화장실,좌표없음,place,35.5985670395443,128.456330630322,확인,대합공설운동장,547557232,"화장실명""대합공설운동장 화장실"" — 카카오·네이버가 같은 시설로 확인(39m 차이)"
WC031927,오리정운동장화장실,좌표없음,place,35.5404406092939,128.488116925835,확인,창녕오리정운동장,605528259,"화장실명""오리정운동장화장실"" — 카카오·네이버가 같은 시설로 확인(73m 차이)"
WC031455,무안시장 화장실,좌표없음,place,35.4696119352249,128.652191360624,확인,무안시장,18525348,"화장실명""무안시장 화장실"" — 카카오·네이버가 같은 시설로 확인(32m 차이)"
WC031387,KTX환승주차장,좌표없음,place,35.4712313890642,128.774487096938,확인,KTX 환승공영주차장,2134119589,"화장실명""KTX환승주차장"" — 카카오·네이버가 같은 시설로 확인(33m 차이)"
WC013361,민락매립지 공영주차장 화장실,좌표없음,place,35.1549734392717,129.127640067831,확인,부산 민락매립지 공영주차장 전기차충전소,1655648907,"화장실명""민락매립지 공영주차장 화장실"" — 카카오·네이버가 같은 시설로 확인(0m 차이)"
WC013360,망미동노외 공영주차장,좌표없음,place,35.1703043422373,129.09681904012,확인,망미동노외 공영주차장 전기차충전소,1238286815,"화장실명""망미동노외 공영주차장"" — 카카오·네이버가 같은 시설로 확인(4m 차이)"
WC013341,수영정,좌표없음,place,35.1552360736475,129.1070514431,확인,수영정,12977754,"화장실명""수영정"" — 카카오·네이버가 같은 시설로 확인(4m 차이)"
WC037639,테마공원화장실,좌표없음,place,34.3942351,126.6389999,추정,달도테마공원,,"화장실명""테마공원화장실"" — 네이버에서만 찾음(이름 유사 0.80) — 정확하지 않을 수 있음"
WC027387,신문왕릉 화장실,좌표없음,place,35.8179718694442,129.246042943882,확인,경주신문왕릉,10521788,"화장실명""신문왕릉 화장실"" — 카카오·네이버가 같은 시설로 확인(1m 차이)"
WC027301,형산강 역사문화관광공원 화장실,좌표없음,place,35.9963319150222,129.290842088371,확인,형산강역사문화관광공원,1334374895,"화장실명""형산강 역사문화관광공원 화장실"" — 카카오·네이버가 같은 시설로 확인(29m 차이)"
WC027294,감포거마장 화장실,좌표없음,place,35.7988322362351,129.498593946979,확인,거마장,373695223,"화장실명""감포거마장 화장실"" — 카카오·네이버가 같은 시설로 확인(4m 차이)"
WC020059,안성시 아양도서관,좌표없음,place,37.00498611627204,127.25624469048921,확인,아양도서관,1659215764,"화장실명""안성시 아양도서관"" — 카카오·네이버가 같은 시설로 확인(4m 차이)"
WC020058,안성시 보개도서관,좌표없음,place,37.0150553595698,127.322519714635,확인,안성시립보개도서관,9254645,"화장실명""안성시 보개도서관"" — 카카오·네이버가 같은 시설로 확인(4m 차이)"
WC020057,안성시 다목적 야영장,좌표없음,place,37.060067917700344,127.45211558147768,확인,안성시 다목적야영장,1337941184,"화장실명""안성시 다목적 야영장"" — 카카오·네이버가 같은 시설로 확인(14m 차이)"
WC020056,안성시 공도도서관,좌표없음,place,37.0033510778216,127.172739911659,확인,공도도서관,11828729,"화장실명""안성시 공도도서관"" — 카카오·네이버가 같은 시설로 확인(9m 차이)"
WC020055,안성소방서 119구조대,좌표없음,place,37.019360494664,127.253549927855,확인,안성119구조대,26023246,"화장실명""안성소방서 119구조대"" — 카카오·네이버가 같은 시설로 확인(5m 차이)"
WC020033,미양보건지소,좌표없음,place,36.97524021424549,127.2150873145528,확인,미양면보건지소,13522112,"화장실명""미양보건지소"" — 카카오·네이버가 같은 시설로 확인(4m 차이)"
WC018754,현대테라타워,좌표없음,place,37.4591078480032,126.875662430001,확인,광명현대테라타워,185591969,"화장실명""현대테라타워"" — 카카오·네이버가 같은 시설로 확인(12m 차이)"
WC018633,광명동굴 (라스코전시관),좌표없음,place,37.42646315305282,126.86573588470833,확인,광명동굴,26314882,"화장실명""광명동굴 (라스코전시관)"" — 카카오·네이버가 같은 시설로 확인(45m 차이)"
WC018632,광명동굴 (제2주차장),좌표없음,place,37.42646315305282,126.86573588470833,확인,광명동굴,26314882,"화장실명""광명동굴 (제2주차장)"" — 카카오·네이버가 같은 시설로 확인(45m 차이)"
WC018631,광명동굴 (빛의 광장/미디어타워),좌표없음,place,37.42646315305282,126.86573588470833,확인,광명동굴,26314882,"화장실명""광명동굴 (빛의 광장/미디어타워)"" — 카카오·네이버가 같은 시설로 확인(45m 차이)"
WC018629,광명동굴 (제3주차장),좌표없음,place,37.42646315305282,126.86573588470833,확인,광명동굴,26314882,"화장실명""광명동굴 (제3주차장)"" — 카카오·네이버가 같은 시설로 확인(45m 차이)"
WC018613,목감천 공중화장실(철산화장실),좌표없음,place,37.4815528,126.8503894,추정,목감천,,"화장실명""목감천 공중화장실(철산화장실)"" — 네이버에서만 찾음(이름 유사 1.00) — 정확하지 않을 수 있음"
WC018611,목감천 공중화장실(광남화장실),좌표없음,place,37.4815528,126.8503894,추정,목감천,,"화장실명""목감천 공중화장실(광남화장실)"" — 네이버에서만 찾음(이름 유사 1.00) — 정확하지 않을 수 있음"
WC018578,우리어린이공원,좌표없음,place,37.4721474831687,126.846002024956,확인,우리어린이공원,671691330,"화장실명""우리어린이공원"" — 카카오·네이버가 같은 시설로 확인(10m 차이)"
WC018532,철산2동 행정복지센터,좌표없음,place,37.4853469361237,126.86647067014906,확인,철산2동 행정복지센터,10086138,"화장실명""철산2동 행정복지센터"" — 카카오·네이버가 같은 시설로 확인(5m 차이)"
WC021793,매봉산 슬로우트레일,좌표없음,place,37.222915555591,128.983055833276,확인,매봉산 슬로우트레일 주차장,59699964,"화장실명""매봉산 슬로우트레일"" — 카카오·네이버가 같은 시설로 확인(9m 차이)"
WC021762,어평주유소,좌표없음,place,37.1229340453169,128.89936997119733,확인,어평주유소,7847309,"화장실명""어평주유소"" — 카카오·네이버가 같은 시설로 확인(2m 차이)"
WC021755,상하수도사업소(수질보전과),좌표없음,place,37.10195664722071,129.00756529993822,확인,태백시 상하수도사업소,8118606,"화장실명""상하수도사업소(수질보전과)"" — 카카오·네이버가 같은 시설로 확인(6m 차이)"
WC021610,통리초등학교(체육관),좌표없음,place,37.1663191071503,129.035934166613,확인,통리초등학교,8115318,"화장실명""통리초등학교(체육관)"" — 카카오·네이버가 같은 시설로 확인(8m 차이)"
WC010513,중계구민체육센터,좌표없음,place,37.648173334503305,127.07068521303695,확인,중계구민체육센터 (2027년 예정),11530586,"화장실명""중계구민체육센터"" — 카카오·네이버가 같은 시설로 확인(76m 차이)"
WC010507,마들스타디움,좌표없음,place,37.6439530575352,127.057551142852,확인,마들스포츠타운,11585898,"화장실명""마들스타디움"" — 카카오·네이버가 같은 시설로 확인(6m 차이)"
WC010505,마들테니스장,좌표없음,place,37.6446941494173,127.060194071408,확인,마들체육공원 테니스장,17557691,"화장실명""마들테니스장"" — 카카오·네이버가 같은 시설로 확인(45m 차이)"
WC010502,수락산스포츠타운,좌표없음,place,37.6683372262555,127.070817676836,확인,수락산스포츠타운,1522139933,"화장실명""수락산스포츠타운"" — 카카오·네이버가 같은 시설로 확인(48m 차이)"
WC010432,중앙빌딩(장소:맥도날드),좌표없음,place,37.6550217260003,127.062677410167,확인,중앙빌딩,14967791,"화장실명""중앙빌딩(장소:맥도날드)"" — 카카오·네이버가 같은 시설로 확인(7m 차이)"
WC010377,한내근린공원,좌표없음,place,37.6227484132231,127.069197615851,확인,한내근린공원,14952228,"화장실명""한내근린공원"" — 카카오·네이버가 같은 시설로 확인(23m 차이)"
WC010376,한내근린공원,좌표없음,place,37.6227484132231,127.069197615851,확인,한내근린공원,14952228,"화장실명""한내근린공원"" — 카카오·네이버가 같은 시설로 확인(23m 차이)"
WC010348,초안산도자기체험장,좌표없음,place,37.63398480946764,127.04447631446787,확인,초안산 도자기체험장,906447984,"화장실명""초안산도자기체험장"" — 카카오·네이버가 같은 시설로 확인(9m 차이)"
WC010346,영원암,좌표없음,place,37.68614742202114,127.07432078512225,확인,영원암,10641191,"화장실명""영원암"" — 카카오·네이버가 같은 시설로 확인(21m 차이)"
WC010345,용굴암(좌),좌표없음,place,37.687811674416956,127.08224276495973,확인,용굴암,8023485,"화장실명""용굴암(좌)"" — 카카오·네이버가 같은 시설로 확인(4m 차이)"
WC010344,용굴암(우),좌표없음,place,37.687811674416956,127.08224276495973,확인,용굴암,8023485,"화장실명""용굴암(우)"" — 카카오·네이버가 같은 시설로 확인(4m 차이)"
WC010342,노원배드민턴장,좌표없음,place,37.6201999439598,127.07000627714,추정,한내근린공원 배드민턴장,136049142,"화장실명""노원배드민턴장"" — 카카오에서만 찾음(이름 유사 0.75) — 정확하지 않을 수 있음"
WC010340,상계배드민턴장,좌표없음,place,37.6707586,127.0502973,추정,상계근린공원 배드민턴장,,"화장실명""상계배드민턴장"" — 네이버에서만 찾음(이름 유사 0.88) — 정확하지 않을 수 있음"
WC010339,국궁장,좌표없음,place,37.6797089,127.0899209,추정,국궁연습장,,"화장실명""국궁장"" — 네이버에서만 찾음(이름 유사 0.75) — 정확하지 않을 수 있음"
WC010335,천병약수터,좌표없음,place,37.655073127380774,127.08678381345129,추정,천병약수터,8083941,"화장실명""천병약수터"" — 카카오에서만 찾음(이름 유사 1.00) — 정확하지 않을 수 있음"
WC010333,영신약수터,좌표없음,place,37.6518063445375,127.08653977458,추정,영신여고약수터,10644509,"화장실명""영신약수터"" — 카카오에서만 찾음(이름 유사 0.83) — 정확하지 않을 수 있음"
WC009350,효창공원앞역,좌표없음,place,37.5393087503306,126.96139810075,확인,효창공원앞역 6호선,21160701,"화장실명""효창공원앞역"" — 카카오·네이버가 같은 시설로 확인(22m 차이)"
WC009335,동빙고 빗물펌프장 화장실,좌표없음,place,37.5213778760859,126.996708153311,확인,동빙고펌프장,2050742370,"화장실명""동빙고 빗물펌프장 화장실"" — 카카오·네이버가 같은 시설로 확인(2m 차이)"
WC009268,서울(4)역,좌표없음,place,37.55332892758497,126.96974961781686,확인,서울역 공항철도,21161051,"화장실명""서울(4)역"" — 카카오·네이버가 같은 시설로 확인(118m 차이)"
WC009248,도원 어린이공원,좌표없음,place,37.53720166553619,126.95478129081414,확인,도원어린이공원,26393052,"화장실명""도원 어린이공원"" — 카카오·네이버가 같은 시설로 확인(20m 차이)"
WC009245,삼각지 어린이공원,좌표없음,place,37.53452277283,126.975371308143,확인,삼각지어린이공원,7993362,"화장실명""삼각지 어린이공원"" — 카카오·네이버가 같은 시설로 확인(8m 차이)"
WC036666,봉동리회관옆,좌표없음,place,35.20869622172324,127.46400614795306,확인,우리회관,9275967,"화장실명""봉동리회관옆"" — 카카오·네이버가 같은 시설로 확인(1m 차이)"
WC036664,봉성산 공원,좌표없음,place,35.2076179,127.460675,추정,봉성산공원,,"화장실명""봉성산 공원"" — 네이버에서만 찾음(이름 유사 1.00) — 정확하지 않을 수 있음"
WC036161,별헤는 다리,좌표없음,place,34.96428071807826,127.75784684118307,추정,별헤는다리,1752750587,"화장실명""별헤는 다리"" — 카카오에서만 찾음(이름 유사 1.00) — 정확하지 않을 수 있음"
WC025183,아산영인주유소,좌표없음,place,36.86241594507973,126.95099571560992,확인,아산영인주유소,10648773,"화장실명""아산영인주유소"" — 카카오·네이버가 같은 시설로 확인(34m 차이)"
WC025173,SK행복충전 삼성충전소,좌표없음,place,36.834515270708756,127.08140871531535,확인,SK행복충전 삼성충전소,17149594,"화장실명""SK행복충전 삼성충전소"" — 카카오·네이버가 같은 시설로 확인(4m 차이)"
WC025165,쌍암주유소,좌표없음,place,36.8832594657099,127.078889414284,확인,쌍암주유소,7982658,"화장실명""쌍암주유소"" — 카카오·네이버가 같은 시설로 확인(13m 차이)"
WC025146,시외버스터미널,좌표없음,place,36.784862012211754,127.01587464792263,확인,아산시외버스터미널,12465964,"화장실명""시외버스터미널"" — 카카오·네이버가 같은 시설로 확인(10m 차이)"
WC011277,서울양천우체국,좌표없음,place,37.53696244758478,126.88228918683109,확인,서울양천우체국,10504045,"화장실명""서울양천우체국"" — 카카오·네이버가 같은 시설로 확인(9m 차이)"
WC011268,서울에너지공사,좌표없음,place,37.5390230992768,126.883262418864,확인,서울에너지공사 목동본사,8077086,"화장실명""서울에너지공사"" — 카카오·네이버가 같은 시설로 확인(7m 차이)"
WC011226,신정2동주민센터,좌표없음,place,37.52209590389868,126.87524236549658,확인,신정2동주민센터 임시청사,10521076,"화장실명""신정2동주민센터"" — 카카오·네이버가 같은 시설로 확인(2m 차이)"
WC011148,갈산근린공원(B),좌표없음,place,37.5081073985697,126.869019038237,확인,갈산공원,27294493,"화장실명""갈산근린공원(B)"" — 카카오·네이버가 같은 시설로 확인(22m 차이)"
WC011082,서울양천우체국,좌표없음,place,37.53696244758478,126.88228918683109,확인,서울양천우체국,10504045,"화장실명""서울양천우체국"" — 카카오·네이버가 같은 시설로 확인(9m 차이)"
WC011073,서울에너지공사,좌표없음,place,37.5390230992768,126.883262418864,확인,서울에너지공사 목동본사,8077086,"화장실명""서울에너지공사"" — 카카오·네이버가 같은 시설로 확인(7m 차이)"
WC011031,신정2동주민센터,좌표없음,place,37.52209590389868,126.87524236549658,확인,신정2동주민센터 임시청사,10521076,"화장실명""신정2동주민센터"" — 카카오·네이버가 같은 시설로 확인(2m 차이)"
WC010953,갈산근린공원(B),좌표없음,place,37.5081073985697,126.869019038237,확인,갈산공원,27294493,"화장실명""갈산근린공원(B)"" — 카카오·네이버가 같은 시설로 확인(22m 차이)"
WC010887,서울양천우체국,좌표없음,place,37.53696244758478,126.88228918683109,확인,서울양천우체국,10504045,"화장실명""서울양천우체국"" — 카카오·네이버가 같은 시설로 확인(9m 차이)"
WC010878,서울에너지공사,좌표없음,place,37.5390230992768,126.883262418864,확인,서울에너지공사 목동본사,8077086,"화장실명""서울에너지공사"" — 카카오·네이버가 같은 시설로 확인(7m 차이)"
WC010836,신정2동주민센터,좌표없음,place,37.52209590389868,126.87524236549658,확인,신정2동주민센터 임시청사,10521076,"화장실명""신정2동주민센터"" — 카카오·네이버가 같은 시설로 확인(2m 차이)"
WC010758,갈산근린공원(B),좌표없음,place,37.5081073985697,126.869019038237,확인,갈산공원,27294493,"화장실명""갈산근린공원(B)"" — 카카오·네이버가 같은 시설로 확인(22m 차이)"
WC006203,서림빌딩 화장실,좌표없음,place,36.7798058757548,126.448990046573,확인,서림빌딩,14967893,"화장실명""서림빌딩 화장실"" — 카카오·네이버가 같은 시설로 확인(5m 차이)"
WC001928,시외버스정류장,좌표없음,place,36.7996048759231,126.518754094956,추정,음암시외버스정류장,22177332,"화장실명""시외버스정류장"" — 카카오에서만 찾음(이름 유사 0.88) — 정확하지 않을 수 있음"
WC026726,외정공원,좌표없음,place,35.43140214250653,126.74249242643066,확인,외정공원,26105711,"화장실명""외정공원"" — 카카오·네이버가 같은 시설로 확인(29m 차이)"
WC015764,판암양지근린공원,좌표없음,place,36.3193419031027,127.460773152349,확인,판암 양지근린공원,1117158167,"화장실명""판암양지근린공원"" — 카카오·네이버가 같은 시설로 확인(44m 차이)"
WC024023,쌍곡소금강공중화장실,좌표없음,place,36.762282895777,127.890469954251,확인,소금강민박,8423955,"화장실명""쌍곡소금강공중화장실"" — 카카오·네이버가 같은 시설로 확인(57m 차이)"
WC024022,쌍곡폭포공중화장실,좌표없음,place,36.72832592640075,127.91627029669358,확인,속리산 쌍곡폭포,8412066,"화장실명""쌍곡폭포공중화장실"" — 카카오·네이버가 같은 시설로 확인(47m 차이)"
WC024019,산막이마을,좌표없음,place,36.7474811044669,127.839212798985,확인,산막이마을,22646714,"화장실명""산막이마을"" — 카카오·네이버가 같은 시설로 확인(88m 차이)"
WC024018,산막이선착장,좌표없음,place,36.74879828598478,127.83809284618918,확인,산막이선착장,19238746,"화장실명""산막이선착장"" — 카카오·네이버가 같은 시설로 확인(13m 차이)"
WC024017,산막이옛길 주차장,좌표없음,place,36.760562042551754,127.8377090275197,확인,산막이옛길 제1주차장,20517081,"화장실명""산막이옛길 주차장"" — 카카오·네이버가 같은 시설로 확인(20m 차이)"
WC024008,외사보건진료소,좌표없음,place,36.76722412839107,127.84174856584903,확인,외사보건진료소,10618034,"화장실명""외사보건진료소"" — 카카오·네이버가 같은 시설로 확인(2m 차이)"
WC024007,칠성보건지소,좌표없음,place,36.787353814390954,127.8624646120991,확인,칠성보건지소,9476089,"화장실명""칠성보건지소"" — 카카오·네이버가 같은 시설로 확인(13m 차이)"
WC023963,생활문화센터,좌표없음,place,36.8065365379496,127.793551008161,확인,괴산생활문화센터,199333948,"화장실명""생활문화센터"" — 카카오·네이버가 같은 시설로 확인(47m 차이)"
WC023962,문화예술회관,좌표없음,place,36.8069224008449,127.793791434787,확인,괴산문화예술회관,1886119442,"화장실명""문화예술회관"" — 카카오·네이버가 같은 시설로 확인(11m 차이)"
WC017669,남부청소년수련관,좌표없음,place,35.4192562353472,129.285456453463,확인,울주남부청소년수련관,1209510177,"화장실명""남부청소년수련관"" — 카카오·네이버가 같은 시설로 확인(7m 차이)"
WC017646,언양어린이공원,좌표없음,place,35.5616101320075,129.129353321581,확인,언양어린이공원,2135320152,"화장실명""언양어린이공원"" — 카카오·네이버가 같은 시설로 확인(60m 차이)"
WC017630,방기공원(장애인),좌표없음,place,35.5055325971405,129.08366312694,확인,방기공원,1990047700,"화장실명""방기공원(장애인)"" — 카카오·네이버가 같은 시설로 확인(8m 차이)"
WC017629,방기공원,좌표없음,place,35.5055325971405,129.08366312694,확인,방기공원,1990047700,"화장실명""방기공원"" — 카카오·네이버가 같은 시설로 확인(8m 차이)"
WC027279,장애인복지관 앞 공중화장실,좌표없음,place,35.9711653,128.9413289,추정,영천시장애인종합복지관,,"화장실명""장애인복지관 앞 공중화장실"" — 네이버에서만 찾음(이름 유사 0.71) — 정확하지 않을 수 있음"
WC027206,대우주유소,좌표없음,place,35.9552598,129.406316,추정,S-OIL 대우주유소,,"화장실명""대우주유소"" — 네이버에서만 찾음(이름 유사 0.67) — 정확하지 않을 수 있음"
WC027152,장성 주유소 화장실,좌표없음,place,36.0760136,129.3797764,추정,알뜰 장성우리주유소,,"화장실명""장성 주유소 화장실"" — 네이버에서만 찾음(이름 유사 0.71) — 정확하지 않을 수 있음"
WC027116,월포2리 화장실,좌표없음,place,36.2084128,129.3736065,추정,월포2리화장실,,"화장실명""월포2리 화장실"" — 네이버에서만 찾음(이름 유사 1.00) — 정확하지 않을 수 있음"
WC026917,구룡포6리 간이해수욕장 화장실(아라펜션 앞),좌표없음,place,35.9923495,129.5667705,추정,구룡포6리간이해수욕장공중화장실,,"화장실명""구룡포6리 간이해수욕장 화장실(아라펜션 앞)"" — 네이버에서만 찾음(이름 유사 1.00) — 정확하지 않을 수 있음"
WC026896,형산강둔치 공중화장실(고수부지 뚝섬가든앞),좌표없음,place,36.0042487,129.3405244,추정,형산강 둔치 효자 개방화장실,,"화장실명""형산강둔치 공중화장실(고수부지 뚝섬가든앞)"" — 네이버에서만 찾음(이름 유사 0.83) — 정확하지 않을 수 있음"
WC025065,신산리 간이화장실,좌표없음,place,36.4272077089332,126.68430004948,추정,신산리경로회관,9167726,"화장실명""신산리 간이화장실"" — 카카오에서만 찾음(이름 유사 0.60) — 정확하지 않을 수 있음"
WC011597,상도근린공원 공중화장실,좌표없음,place,37.4926370154185,126.952231111884,확인,상도근린공원,347888925,"화장실명""상도근린공원 공중화장실"" — 카카오·네이버가 같은 시설로 확인(81m 차이)"
WC011564,상도근린공원(상도동_초소앞),좌표없음,place,37.4926370154185,126.952231111884,확인,상도근린공원,347888925,"화장실명""상도근린공원(상도동_초소앞)"" — 카카오·네이버가 같은 시설로 확인(81m 차이)"
WC011563,현충근린공원(동작동_봉황),좌표없음,place,37.490073807392,126.965647920359,확인,현충공원,657592646,"화장실명""현충근린공원(동작동_봉황)"" — 카카오·네이버가 같은 시설로 확인(30m 차이)"
WC011550,국립서울현충원 유공자화장실,좌표없음,place,37.500618444385,126.9694926925,확인,국립서울현충원 독립유공자묘역,8425697,"화장실명""국립서울현충원 유공자화장실"" — 카카오·네이버가 같은 시설로 확인(39m 차이)"
WC011548,국립서울현충원 임시정부화장실,좌표없음,place,37.5007587882186,126.968678381918,추정,국립서울현충원 임시정부요인묘역,17985134,"화장실명""국립서울현충원 임시정부화장실"" — 카카오에서만 찾음(이름 유사 0.85) — 정확하지 않을 수 있음"
WC011547,국립서울현충원 경찰탑화장실,좌표없음,place,37.5020129002412,126.968347627499,확인,국립서울현충원 경찰충혼탑,17985128,"화장실명""국립서울현충원 경찰탑화장실"" — 카카오·네이버가 같은 시설로 확인(2m 차이)"
WC011546,국립서울현충원 선양단지화장실,좌표없음,place,37.5013447415725,126.977987841478,추정,국립서울현충원 선양광장,23340907,"화장실명""국립서울현충원 선양단지화장실"" — 카카오에서만 찾음(이름 유사 0.82) — 정확하지 않을 수 있음"
WC011544,국립서울현충원 호국종화장실,좌표없음,place,37.5025761885212,126.97259065794,확인,국립서울현충원 호국종,17985098,"화장실명""국립서울현충원 호국종화장실"" — 카카오·네이버가 같은 시설로 확인(1m 차이)"
WC011543,국립서울현충원 정문화장실,좌표없음,place,37.5036472062595,126.975422168197,확인,국립서울현충원 정문,27299111,"화장실명""국립서울현충원 정문화장실"" — 카카오·네이버가 같은 시설로 확인(2m 차이)"
WC011542,국립서울현충원 유품전시관,좌표없음,place,37.5005516535036,126.976925024056,확인,국립서울현충원 유품전시관,17985103,"화장실명""국립서울현충원 유품전시관"" — 카카오·네이버가 같은 시설로 확인(8m 차이)"
WC011541,국립서울현충원 호국전시관,좌표없음,place,37.5015916972943,126.97842204233645,확인,국립서울현충원 호국전시관,17985109,"화장실명""국립서울현충원 호국전시관"" — 카카오·네이버가 같은 시설로 확인(7m 차이)"
WC011540,국립서울현충원 현충관,좌표없음,place,37.5007826039167,126.978476558753,확인,국립서울현충원 현충관,10986409,"화장실명""국립서울현충원 현충관"" — 카카오·네이버가 같은 시설로 확인(4m 차이)"
WC011538,국립서울현충원 제2충혼당,좌표없음,place,37.49772024773598,126.9673938612006,확인,국립서울현충원 제2충혼당,985011317,"화장실명""국립서울현충원 제2충혼당"" — 카카오·네이버가 같은 시설로 확인(39m 차이)"
WC011536,국립서울현충원 봉안식장,좌표없음,place,37.499075371392436,126.96743059109518,확인,국립서울현충원 봉안식장,23340904,"화장실명""국립서울현충원 봉안식장"" — 카카오·네이버가 같은 시설로 확인(25m 차이)"
WC011535,국립서울현충원 충혼당,좌표없음,place,37.498669830901456,126.96711412192026,확인,국립서울현충원 충혼당,17560354,"화장실명""국립서울현충원 충혼당"" — 카카오·네이버가 같은 시설로 확인(9m 차이)"
WC011534,국립서울현충원 만남의집,좌표없음,place,37.50218583878068,126.97573025995902,확인,국립서울현충원 만남의집,23340906,"화장실명""국립서울현충원 만남의집"" — 카카오·네이버가 같은 시설로 확인(11m 차이)"
WC011506,동작삼일수영장,좌표없음,place,37.48730094730324,126.9745082615304,확인,동작삼일수영장,2076698282,"화장실명""동작삼일수영장"" — 카카오·네이버가 같은 시설로 확인(8m 차이)"
WC011505,사당종합체육관,좌표없음,place,37.4928482109293,126.969676779335,확인,사당종합체육관,26490712,"화장실명""사당종합체육관"" — 카카오·네이버가 같은 시설로 확인(8m 차이)"
WC011503,사당문화회관,좌표없음,place,37.48465080167035,126.96952066897734,확인,사당문화회관,1440516862,"화장실명""사당문화회관"" — 카카오·네이버가 같은 시설로 확인(18m 차이)"
WC011502,동작구민체육센터,좌표없음,place,37.49471940224179,126.91676738370363,확인,동작구민체육센터,1964653607,"화장실명""동작구민체육센터"" — 카카오·네이버가 같은 시설로 확인(5m 차이)"
WC011501,흑석체육센터,좌표없음,place,37.5100989237604,126.963498801574,확인,흑석체육센터,16852730,"화장실명""흑석체육센터"" — 카카오·네이버가 같은 시설로 확인(16m 차이)"
WC011500,동작구민회관,좌표없음,place,37.4936792,126.9226387,추정,동작구민회관입구,,"화장실명""동작구민회관"" — 네이버에서만 찾음(이름 유사 1.00) — 정확하지 않을 수 있음"
WC011499,동작구시설관리공단,좌표없음,place,37.49209031608749,126.92350859929509,확인,동작구시설관리공단,17558381,"화장실명""동작구시설관리공단"" — 카카오·네이버가 같은 시설로 확인(10m 차이)"
WC011476,동작문화복지센터,좌표없음,place,37.5046225128592,126.94096358087,확인,동작문화복지센터,12449023,"화장실명""동작문화복지센터"" — 카카오·네이버가 같은 시설로 확인(17m 차이)"
WC010084,오동공원 유아숲체험장화장실,좌표없음,place,37.632338953898255,127.03270791610089,확인,오동근린공원 유아숲체험장,103217783,"화장실명""오동공원 유아숲체험장화장실"" — 카카오·네이버가 같은 시설로 확인(30m 차이)"
WC010083,북한산유아숲체험장 화장실,좌표없음,place,37.62107905401091,127.00837425625902,확인,북한산유아숲체험장 개방화장실,792276490,"화장실명""북한산유아숲체험장 화장실"" — 카카오·네이버가 같은 시설로 확인(0m 차이)"
WC010082,삼양체육과학공원 화장실,좌표없음,place,37.6249711,127.0107916,추정,삼양체육과학공원,,"화장실명""삼양체육과학공원 화장실"" — 네이버에서만 찾음(이름 유사 1.00) — 정확하지 않을 수 있음"
WC005253,대연운전자 휴게소(남/녀),좌표없음,place,35.1423865518804,129.085963222043,추정,대연운전자휴게소 화장실,719717864,"화장실명""대연운전자 휴게소(남/녀)"" — 카카오에서만 찾음(이름 유사 1.00) — 정확하지 않을 수 있음"
WC028956,남산리 천일가스충전소,좌표없음,place,36.39512370238341,129.36968242972006,추정,천일가스,10087249,"화장실명""남산리 천일가스충전소"" — 카카오에서만 찾음(이름 유사 0.57) — 정확하지 않을 수 있음"
WC026716,국립덕유산자연휴양림 숲속수련장 화장실,좌표없음,place,35.90801599363623,127.81478479028586,추정,국립덕유산자연휴양림 숲속수련장,17583082,"화장실명""국립덕유산자연휴양림 숲속수련장 화장실"" — 카카오에서만 찾음(이름 유사 1.00) — 정확하지 않을 수 있음"
WC026639,추동마을입구,좌표없음,place,35.9860567206087,127.618469014896,확인,추동마을회관,23969035,"화장실명""추동마을입구"" — 카카오·네이버가 같은 시설로 확인(9m 차이)"
WC013312,연제문화체육시설,좌표없음,place,35.176242,129.079764,추정,연제구청 문화체육과,,"화장실명""연제문화체육시설"" — 네이버에서만 찾음(이름 유사 0.71) — 정확하지 않을 수 있음"
WC026242,산외파출소,좌표없음,place,35.6213240483903,127.039729443449,확인,산외파출소,21268307,"화장실명""산외파출소"" — 카카오·네이버가 같은 시설로 확인(4m 차이)"
WC026241,옹동치안센터,좌표없음,place,35.6434633343188,126.973465178202,확인,옹동치안센터,1349697817,"화장실명""옹동치안센터"" — 카카오·네이버가 같은 시설로 확인(6m 차이)"
WC026239,영원치안센터,좌표없음,place,35.655560773296344,126.78555604756431,확인,영원치안센터,17249179,"화장실명""영원치안센터"" — 카카오·네이버가 같은 시설로 확인(2m 차이)"
WC026220,내장산국립공원화장실(제2주차장),좌표없음,place,35.489262238084855,126.92644157285302,확인,내장산국립공원 내장사지구,27082655,"화장실명""내장산국립공원화장실(제2주차장)"" — 카카오·네이버가 같은 시설로 확인(36m 차이)"
WC026209,내장산국립공원화장실(사찰안),좌표없음,place,35.489262238084855,126.92644157285302,확인,내장산국립공원 내장사지구,27082655,"화장실명""내장산국립공원화장실(사찰안)"" — 카카오·네이버가 같은 시설로 확인(36m 차이)"
WC026132,정읍생활체육센터(궁도장),좌표없음,place,35.6204542752161,127.042453263058,확인,산외면근린생활체육센터,27144690,"화장실명""정읍생활체육센터(궁도장)"" — 카카오·네이버가 같은 시설로 확인(5m 차이)"
WC026118,정읍생활체육센터(론볼장),좌표없음,place,35.6204542752161,127.042453263058,확인,산외면근린생활체육센터,27144690,"화장실명""정읍생활체육센터(론볼장)"" — 카카오·네이버가 같은 시설로 확인(5m 차이)"
WC026117,정읍어린이교통공원,좌표없음,place,35.5560062072527,126.869526079416,확인,정읍어린이교통공원,10714922,"화장실명""정읍어린이교통공원"" — 카카오·네이버가 같은 시설로 확인(17m 차이)"
WC026080,정읍천이동화장실5(어린이축구장),좌표없음,place,35.5863492,126.8304,추정,정읍천,,"화장실명""정읍천이동화장실5(어린이축구장)"" — 네이버에서만 찾음(이름 유사 1.00) — 정확하지 않을 수 있음"
WC026079,정읍천이동화장실1(붕래교),좌표없음,place,35.5863492,126.8304,추정,정읍천,,"화장실명""정읍천이동화장실1(붕래교)"" — 네이버에서만 찾음(이름 유사 1.00) — 정확하지 않을 수 있음"
WC026077,고부면농민상담소,좌표없음,place,35.6169347,126.7743183,추정,고부농민상담소,,"화장실명""고부면농민상담소"" — 네이버에서만 찾음(이름 유사 0.93) — 정확하지 않을 수 있음"
WC020716,용문농협,좌표없음,place,37.4844558602083,127.59318540919398,확인,용문농협 본점,1182296213,"화장실명""용문농협"" — 카카오·네이버가 같은 시설로 확인(11m 차이)"
WC020562,(재)무궁화공원묘원(입구),좌표없음,place,37.616848457254505,127.39096749926472,확인,무궁화공원묘원 수목장,10417463,"화장실명""(재)무궁화공원묘원(입구)"" — 카카오·네이버가 같은 시설로 확인(75m 차이)"
WC007908,호계119안전센터 1층,좌표없음,place,35.2677342,128.5208359,추정,호계119안전센터1층 공중화장실,,"화장실명""호계119안전센터 1층"" — 네이버에서만 찾음(이름 유사 1.00) — 정확하지 않을 수 있음"
WC008018,대원119안전센터 화장실,좌표없음,place,35.232876,128.6507499,추정,창원소방서대원119안전센터,,"화장실명""대원119안전센터 화장실"" — 네이버에서만 찾음(이름 유사 0.78) — 정확하지 않을 수 있음"
WC029629,현내항 화장실,좌표없음,place,36.9900585,129.415096,추정,현내항길,,"화장실명""현내항 화장실"" — 네이버에서만 찾음(이름 유사 0.86) — 정확하지 않을 수 있음"
WC029456,구산3리(마을회관옆),좌표없음,place,36.9235179416035,129.346413502393,확인,구산3리(굴구지)마을주차장,420144585,"화장실명""구산3리(마을회관옆)"" — 카카오·네이버가 같은 시설로 확인(28m 차이)"
WC023262,산이야기,좌표없음,place,38.10226614732189,127.44425665271734,확인,산이야기,10446175,"화장실명""산이야기"" — 카카오·네이버가 같은 시설로 확인(4m 차이)"
WC023176,사창리공영주차장2,좌표없음,place,38.0710987839194,127.523563587499,확인,사창리 공영주차장,93923970,"화장실명""사창리공영주차장2"" — 카카오·네이버가 같은 시설로 확인(125m 차이)"
WC033841,비봉습지공원,좌표없음,place,37.2632378,126.8477077,추정,비봉습지공원,,"화장실명""비봉습지공원"" — 네이버에서만 찾음(이름 유사 1.00) — 정확하지 않을 수 있음"
WC033810,오음공원,좌표없음,place,37.1126627,126.9063297,추정,오음공원,,"화장실명""오음공원"" — 네이버에서만 찾음(이름 유사 1.00) — 정확하지 않을 수 있음"
WC033767,신성주유소,좌표없음,place,37.3668835,127.6032109,추정,신성주유소공중화장실,,"화장실명""신성주유소"" — 네이버에서만 찾음(이름 유사 1.00) — 정확하지 않을 수 있음"
WC033712,장안남산체육공원,좌표없음,place,37.0781204,126.8346251,추정,장안남산체육공원,,"화장실명""장안남산체육공원"" — 네이버에서만 찾음(이름 유사 1.00) — 정확하지 않을 수 있음"
WC033691,고온항 공중화장실,좌표없음,place,37.0350895,126.7477375,추정,고온항,,"화장실명""고온항 공중화장실"" — 네이버에서만 찾음(이름 유사 1.00) — 정확하지 않을 수 있음"
WC033690,매향리 평화생태공원,좌표없음,place,37.0445982,126.7511457,추정,매향리평화생태공원,,"화장실명""매향리 평화생태공원"" — 네이버에서만 찾음(이름 유사 1.00) — 정확하지 않을 수 있음"
WC033664,교정기술원(주),좌표없음,place,37.2144519,127.1045918,추정,교정기술원,,"화장실명""교정기술원(주)"" — 네이버에서만 찾음(이름 유사 1.00) — 정확하지 않을 수 있음"
WC033638,송산 3.1기념공원,좌표없음,place,37.2171999,126.7311634,추정,송산3.1기념공원,,"화장실명""송산 3.1기념공원"" — 네이버에서만 찾음(이름 유사 1.00) — 정확하지 않을 수 있음"
WC033626,4호 공영주차장 화장실 1,좌표없음,place,37.20671,127.096404,추정,근린공원4호 공영 주차장,,"화장실명""4호 공영주차장 화장실 1"" — 네이버에서만 찾음(이름 유사 0.88) — 정확하지 않을 수 있음"
WC033625,4호 공영주차장 화장실 2,좌표없음,place,37.20671,127.096404,추정,근린공원4호 공영 주차장,,"화장실명""4호 공영주차장 화장실 2"" — 네이버에서만 찾음(이름 유사 0.88) — 정확하지 않을 수 있음"
WC033619,전곡2호 어린이공원,좌표없음,place,37.1849478,126.65219,추정,전곡2호어린이공원,,"화장실명""전곡2호 어린이공원"" — 네이버에서만 찾음(이름 유사 1.00) — 정확하지 않을 수 있음"
WC033588,동탄우체국,좌표없음,place,37.1809287,127.1225807,추정,남동탄우체국,,"화장실명""동탄우체국"" — 네이버에서만 찾음(이름 유사 0.91) — 정확하지 않을 수 있음"
WC033563,서해안주유소,좌표없음,place,36.946549,126.9122819,추정,HD현대오일뱅크 서해안주유소,,"화장실명""서해안주유소"" — 네이버에서만 찾음(이름 유사 0.60) — 정확하지 않을 수 있음"
WC033562,유포보건진료소,좌표없음,place,37.2481657,126.841011,추정,유포보건진료소,,"화장실명""유포보건진료소"" — 네이버에서만 찾음(이름 유사 1.00) — 정확하지 않을 수 있음"
WC033560,이마트 봉담점,좌표없음,place,37.2226101,126.9728541,추정,이마트 화성봉담점,,"화장실명""이마트 봉담점"" — 네이버에서만 찾음(이름 유사 0.86) — 정확하지 않을 수 있음"
WC033557,해오름공원,좌표없음,place,37.7624401,127.0356141,추정,해오름근린공원,,"화장실명""해오름공원"" — 네이버에서만 찾음(이름 유사 1.00) — 정확하지 않을 수 있음"
WC033542,동화마을 생태공원3 (이동식화장실),좌표없음,place,37.2150794,126.9559219,추정,동화마을생태공원,,"화장실명""동화마을 생태공원3 (이동식화장실)"" — 네이버에서만 찾음(이름 유사 1.00) — 정확하지 않을 수 있음"
WC033538,기배역사공원,좌표없음,place,37.2152933,126.984128,추정,기배역사공원,,"화장실명""기배역사공원"" — 네이버에서만 찾음(이름 유사 1.00) — 정확하지 않을 수 있음"
WC033534,금반저류지 테니스장,좌표없음,place,37.1847182,127.0822607,추정,금반저류지 테니스장,,"화장실명""금반저류지 테니스장"" — 네이버에서만 찾음(이름 유사 1.00) — 정확하지 않을 수 있음"
WC033532,매송톨게이트,좌표없음,place,37.2812807,126.8901539,추정,매송톨게이트,,"화장실명""매송톨게이트"" — 네이버에서만 찾음(이름 유사 1.00) — 정확하지 않을 수 있음"
WC033531,칠보산 등산로,좌표없음,place,37.2574934,126.9299001,추정,칠보산등산로공중화장실,,"화장실명""칠보산 등산로"" — 네이버에서만 찾음(이름 유사 1.00) — 정확하지 않을 수 있음"
WC033530,매송체육공원,좌표없음,place,37.2485827,126.9294301,추정,매송체육공원,,"화장실명""매송체육공원"" — 네이버에서만 찾음(이름 유사 1.00) — 정확하지 않을 수 있음"
WC033526,샘내작은도서관,좌표없음,place,37.2446429,126.9461955,추정,화성시립 샘내작은도서관,,"화장실명""샘내작은도서관"" — 네이버에서만 찾음(이름 유사 0.78) — 정확하지 않을 수 있음"
WC033470,대양주유소(충전소),좌표없음,place,37.2029884,126.8520976,추정,대양주유소 개방화장실,,"화장실명""대양주유소(충전소)"" — 네이버에서만 찾음(이름 유사 1.00) — 정확하지 않을 수 있음"
WC033427,청계중앙공원 1,좌표없음,place,37.2000898,127.1067372,추정,청계중앙공원,,"화장실명""청계중앙공원 1"" — 네이버에서만 찾음(이름 유사 1.00) — 정확하지 않을 수 있음"
WC033404,청계중앙공원 2,좌표없음,place,37.2000898,127.1067372,추정,청계중앙공원,,"화장실명""청계중앙공원 2"" — 네이버에서만 찾음(이름 유사 1.00) — 정확하지 않을 수 있음"
WC033395,동화주유소,좌표없음,place,37.2303948,126.9691718,추정,SK엔크린 동화주유소,,"화장실명""동화주유소"" — 네이버에서만 찾음(이름 유사 0.67) — 정확하지 않을 수 있음"
WC033387,화성향남우체국,좌표없음,place,37.1300489,126.9205527,추정,화성향남우체국,,"화장실명""화성향남우체국"" — 네이버에서만 찾음(이름 유사 1.00) — 정확하지 않을 수 있음"
WC033356,그린환경센터 주민편익시설,좌표없음,place,37.150897,126.9381369,추정,화성그린환경센터주민편익시설,,"화장실명""그린환경센터 주민편익시설"" — 네이버에서만 찾음(이름 유사 0.92) — 정확하지 않을 수 있음"
WC033354,봉담문화의집,좌표없음,place,37.2201622,126.9502924,추정,봉담문화의집,,"화장실명""봉담문화의집"" — 네이버에서만 찾음(이름 유사 1.00) — 정확하지 않을 수 있음"
WC033344,동탄4동주민센터,좌표없음,place,37.1998543,127.1123261,추정,동탄4동 주민자치센터,,"화장실명""동탄4동주민센터"" — 네이버에서만 찾음(이름 유사 0.89) — 정확하지 않을 수 있음"
WC033296,구봉산 근린공원,좌표없음,place,37.2065499,127.05045,추정,구봉산공원,,"화장실명""구봉산 근린공원"" — 네이버에서만 찾음(이름 유사 1.00) — 정확하지 않을 수 있음"
WC033187,양감보건지소,좌표없음,place,37.0816092,126.9455207,추정,화성시양감보건지소,,"화장실명""양감보건지소"" — 네이버에서만 찾음(이름 유사 0.80) — 정확하지 않을 수 있음"
WC033170,둘다섯해누리,좌표없음,place,37.140135,126.69402,추정,둘다섯해누리,,"화장실명""둘다섯해누리"" — 네이버에서만 찾음(이름 유사 1.00) — 정확하지 않을 수 있음"
WC033143,(주)흥운상기리주유소,좌표없음,place,37.199831,126.922887,추정,S-OIL 흥운상기리주유소,,"화장실명""(주)흥운상기리주유소"" — 네이버에서만 찾음(이름 유사 0.76) — 정확하지 않을 수 있음"
WC033141,태천센타,좌표없음,place,37.214035,126.974058,추정,쏘카 봉담 태천센타빌딩,,"화장실명""태천센타"" — 네이버에서만 찾음(이름 유사 0.57) — 정확하지 않을 수 있음"
WC033119,스타프라자,좌표없음,place,37.3208542,126.8446287,추정,스타프라자,,"화장실명""스타프라자"" — 네이버에서만 찾음(이름 유사 1.00) — 정확하지 않을 수 있음"
WC033118,센트럴 S타운,좌표없음,place,37.2029163,127.0724008,추정,센트럴S타운빌딩,,"화장실명""센트럴 S타운"" — 네이버에서만 찾음(이름 유사 0.86) — 정확하지 않을 수 있음"
WC033116,디앤씨빌딩,좌표없음,place,37.2017158,127.0718293,추정,디앤씨빌딩,,"화장실명""디앤씨빌딩"" — 네이버에서만 찾음(이름 유사 1.00) — 정확하지 않을 수 있음"
WC033112,매송휴게소(상행),좌표없음,place,37.2643879,126.8884261,추정,매송휴게소(목포방향),,"화장실명""매송휴게소(상행)"" — 네이버에서만 찾음(이름 유사 1.00) — 정확하지 않을 수 있음"
WC033014,합천어전졸음쉼터화장실,좌표없음,place,35.3913791520964,128.120818997561,추정,어전졸음쉼터,169492917,"화장실명""합천어전졸음쉼터화장실"" — 카카오에서만 찾음(이름 유사 0.86) — 정확하지 않을 수 있음"
WC024275,매포청소년문화의집,좌표없음,place,37.03235055380627,128.29675789981272,확인,매포청소년문화의집,10340910,"화장실명""매포청소년문화의집"" — 카카오·네이버가 같은 시설로 확인(5m 차이)"
WC024357,단양소백농협 가곡지점,좌표없음,place,37.025333014417896,128.3842798639248,확인,단양소백농협 가곡지점,718054048,"화장실명""단양소백농협 가곡지점"" — 카카오·네이버가 같은 시설로 확인(4m 차이)"
WC024356,단양소백농협 어상천지점,좌표없음,place,37.10286216401837,128.35630331701162,확인,단양소백농협 어상천지점,16886535,"화장실명""단양소백농협 어상천지점"" — 카카오·네이버가 같은 시설로 확인(7m 차이)"
WC015443,부평공원,좌표없음,place,37.4888145480349,126.713645816972,확인,부평공원,8406534,"화장실명""부평공원"" — 카카오·네이버가 같은 시설로 확인(52m 차이)"
WC015253,청천1동 행정복지센터,좌표없음,place,37.519841283769,126.70191673682648,확인,청천1동행정복지센터,10849922,"화장실명""청천1동 행정복지센터"" — 카카오·네이버가 같은 시설로 확인(5m 차이)"
WC010258,쌍문근린공원,좌표없음,place,37.653136231364,127.026041269398,추정,쌍문근린공원,26127662,"화장실명""쌍문근린공원"" — 카카오에서만 찾음(이름 유사 1.00) — 정확하지 않을 수 있음"
WC010239,방학천,좌표없음,place,37.6616951014292,127.040455868332,확인,방학천,24481285,"화장실명""방학천"" — 카카오·네이버가 같은 시설로 확인(77m 차이)"
WC023024,생태체험학습장 야영장,좌표없음,place,37.3603882,128.6275718,추정,정선군생태체험학습장 야영장입구,,"화장실명""생태체험학습장 야영장"" — 네이버에서만 찾음(이름 유사 0.87) — 정확하지 않을 수 있음"
WC023012,카트체험장 화장실,좌표없음,place,37.3486119289114,128.788363506302,확인,화암카트체험장,25632153,"화장실명""카트체험장 화장실"" — 카카오·네이버가 같은 시설로 확인(35m 차이)"
WC023008,화암동굴 입구 화장실,좌표없음,place,37.3508261540986,128.790402219212,확인,화암동굴 매표소,11288185,"화장실명""화암동굴 입구 화장실"" — 카카오·네이버가 같은 시설로 확인(41m 차이)"
WC022852,연포분교,좌표없음,place,37.2512832,128.5718968,추정,연포분교캠프장,,"화장실명""연포분교"" — 네이버에서만 찾음(이름 유사 0.73) — 정확하지 않을 수 있음"
WC022833,신동공설운동장,좌표없음,place,37.2195834616082,128.671592668901,확인,신동공설운동장,11586329,"화장실명""신동공설운동장"" — 카카오·네이버가 같은 시설로 확인(13m 차이)"
WC022814,사북초등학교,좌표없음,place,37.2285520686514,128.834966498446,확인,사북초등학교,27387691,"화장실명""사북초등학교"" — 카카오·네이버가 같은 시설로 확인(5m 차이)"
WC018446,상록근린공원,좌표없음,place,37.7539300447024,127.07467335697794,확인,상록근린공원,15149055,"화장실명""상록근린공원"" — 카카오·네이버가 같은 시설로 확인(20m 차이)"
WC018418,동막교,좌표없음,place,37.726604935746906,127.05219066021571,확인,동막교,15170850,"화장실명""동막교"" — 카카오·네이버가 같은 시설로 확인(3m 차이)"
WC038154,어영공원,좌표없음,place,33.5173129621857,126.4864405483,확인,어영공원,13723959,"화장실명""어영공원"" — 카카오·네이버가 같은 시설로 확인(34m 차이)"
WC038014,옹포천 어울공원,좌표없음,place,33.40399629642524,126.25942007401082,확인,옹포천 어울공원 수영장,1981428851,"화장실명""옹포천 어울공원"" — 카카오·네이버가 같은 시설로 확인(1m 차이)"
WC036802,제암산 유아숲화장실,좌표없음,place,34.689143,126.9870484,추정,제암산 유아숲체험원,,"화장실명""제암산 유아숲화장실"" — 네이버에서만 찾음(이름 유사 0.80) — 정확하지 않을 수 있음"
WC036801,제암산 유아숲화장실,좌표없음,place,34.689143,126.9870484,추정,제암산 유아숲체험원,,"화장실명""제암산 유아숲화장실"" — 네이버에서만 찾음(이름 유사 0.80) — 정확하지 않을 수 있음"
WC036800,제암산 유아숲화장실,좌표없음,place,34.689143,126.9870484,추정,제암산 유아숲체험원,,"화장실명""제암산 유아숲화장실"" — 네이버에서만 찾음(이름 유사 0.80) — 정확하지 않을 수 있음"
WC036799,제암산 유아숲화장실,좌표없음,place,34.689143,126.9870484,추정,제암산 유아숲체험원,,"화장실명""제암산 유아숲화장실"" — 네이버에서만 찾음(이름 유사 0.80) — 정확하지 않을 수 있음"
WC036798,제암산 유아숲화장실,좌표없음,place,34.689143,126.9870484,추정,제암산 유아숲체험원,,"화장실명""제암산 유아숲화장실"" — 네이버에서만 찾음(이름 유사 0.80) — 정확하지 않을 수 있음"
WC036797,제암산 유아숲화장실,좌표없음,place,34.689143,126.9870484,추정,제암산 유아숲체험원,,"화장실명""제암산 유아숲화장실"" — 네이버에서만 찾음(이름 유사 0.80) — 정확하지 않을 수 있음"
WC036796,제암산 유아숲화장실,좌표없음,place,34.689143,126.9870484,추정,제암산 유아숲체험원,,"화장실명""제암산 유아숲화장실"" — 네이버에서만 찾음(이름 유사 0.80) — 정확하지 않을 수 있음"
WC036795,제암산 유아숲화장실,좌표없음,place,34.689143,126.9870484,추정,제암산 유아숲체험원,,"화장실명""제암산 유아숲화장실"" — 네이버에서만 찾음(이름 유사 0.80) — 정확하지 않을 수 있음"
WC036794,제암산 유아숲화장실,좌표없음,place,34.689143,126.9870484,추정,제암산 유아숲체험원,,"화장실명""제암산 유아숲화장실"" — 네이버에서만 찾음(이름 유사 0.80) — 정확하지 않을 수 있음"
WC036793,제암산 유아숲화장실,좌표없음,place,34.689143,126.9870484,추정,제암산 유아숲체험원,,"화장실명""제암산 유아숲화장실"" — 네이버에서만 찾음(이름 유사 0.80) — 정확하지 않을 수 있음"
WC036792,제암산 유아숲화장실,좌표없음,place,34.689143,126.9870484,추정,제암산 유아숲체험원,,"화장실명""제암산 유아숲화장실"" — 네이버에서만 찾음(이름 유사 0.80) — 정확하지 않을 수 있음"
WC036791,제암산 유아숲화장실,좌표없음,place,34.689143,126.9870484,추정,제암산 유아숲체험원,,"화장실명""제암산 유아숲화장실"" — 네이버에서만 찾음(이름 유사 0.80) — 정확하지 않을 수 있음"
WC030696,향촌동행정복지센터 화장실,좌표없음,place,34.9338452079218,128.093465043019,확인,향촌동행정복지센터,10906045,"화장실명""향촌동행정복지센터 화장실"" — 카카오·네이버가 같은 시설로 확인(2m 차이)"
WC025339,14호 공원,좌표없음,place,36.1913318525355,127.090761727036,확인,논산14호어린이공원,23978111,"화장실명""14호 공원"" — 카카오·네이버가 같은 시설로 확인(14m 차이)"
WC017132,다전생태공원 화장실,좌표없음,place,35.5666026828947,129.268717115209,확인,다전생태공원,586784815,"화장실명""다전생태공원 화장실"" — 카카오·네이버가 같은 시설로 확인(23m 차이)"
WC015600,수기해변,좌표없음,place,37.54461300858643,126.43186725671819,확인,수기해수욕장,11401699,"화장실명""수기해변"" — 카카오·네이버가 같은 시설로 확인(38m 차이)"
WC015597,박주기,좌표없음,place,37.5275247897946,126.41125229907668,확인,박주기,487154605,"화장실명""박주기"" — 카카오·네이버가 같은 시설로 확인(6m 차이)"
WC009553,용마주유소,좌표없음,place,37.5597457,127.0878372,추정,용마셀프주유소 개방화장실,,"화장실명""용마주유소"" — 네이버에서만 찾음(이름 유사 0.83) — 정확하지 않을 수 있음"
WC002075,뻥튀기공원,좌표없음,place,37.5683291043445,127.089766445217,확인,뻥튀기공원,1183806646,"화장실명""뻥튀기공원"" — 카카오·네이버가 같은 시설로 확인(17m 차이)"
WC002074,긴고랑지구,좌표없음,place,37.5625817,127.0961227,추정,용마도시자연공원 긴고랑지구 개방화장실,,"화장실명""긴고랑지구"" — 네이버에서만 찾음(이름 유사 0.56) — 정확하지 않을 수 있음"
WC041234,도산어린이공원,좌표없음,place,36.34653699430913,127.39580568236975,확인,도산어린이공원,15152210,"화장실명""도산어린이공원"" — 카카오·네이버가 같은 시설로 확인(1m 차이)"
WC041219,계룡어린이공원,좌표없음,place,36.34646931068659,127.38142498024804,확인,계룡어린이공원,15150904,"화장실명""계룡어린이공원"" — 카카오·네이버가 같은 시설로 확인(8m 차이)"
WC041212,한마음공원,좌표없음,place,36.3441322586425,127.368013918814,확인,한마음어린이공원,1628034477,"화장실명""한마음공원"" — 카카오·네이버가 같은 시설로 확인(0m 차이)"
WC041211,평화공원,좌표없음,place,36.3302433913206,127.367988684721,확인,평화어린이공원,17385078,"화장실명""평화공원"" — 카카오·네이버가 같은 시설로 확인(3m 차이)"
WC041210,청산공원,좌표없음,place,36.36791178733881,127.37489404574308,확인,청산어린이공원,15150766,"화장실명""청산공원"" — 카카오·네이버가 같은 시설로 확인(14m 차이)"
WC041206,제비네공원,좌표없음,place,36.31286611533759,127.3751815084298,확인,제비네어린이공원,15148601,"화장실명""제비네공원"" — 카카오·네이버가 같은 시설로 확인(14m 차이)"
WC041198,윗둔지미공원,좌표없음,place,36.3507952365216,127.379069830816,확인,윗둔지미어린이공원 화장실,2045516771,"화장실명""윗둔지미공원"" — 카카오·네이버가 같은 시설로 확인(15m 차이)"
WC041195,웅기공원,좌표없음,place,36.3360553109714,127.375737101126,확인,웅기어린이공원,2112830617,"화장실명""웅기공원"" — 카카오·네이버가 같은 시설로 확인(0m 차이)"
WC041194,운전자푸른쉼터,좌표없음,place,36.351247344534,127.355106616466,추정,운전자푸른쉼터 화장실,1568585778,"화장실명""운전자푸른쉼터"" — 카카오에서만 찾음(이름 유사 1.00) — 정확하지 않을 수 있음"
WC041192,우마장공원,좌표없음,place,36.3421663356896,127.369622079128,확인,우마장어린이공원,2131434748,"화장실명""우마장공원"" — 카카오·네이버가 같은 시설로 확인(3m 차이)"
WC041182,안산뜸공원,좌표없음,place,36.3484199948513,127.368617836262,확인,안산뜸어린이공원,1580876734,"화장실명""안산뜸공원"" — 카카오·네이버가 같은 시설로 확인(0m 차이)"
WC041181,안골어린이공원,좌표없음,place,36.3352568712694,127.371701237222,확인,안골어린이공원,624667356,"화장실명""안골어린이공원"" — 카카오·네이버가 같은 시설로 확인(7m 차이)"
WC041180,씨애틀공원,좌표없음,place,36.3551753272315,127.394541454176,확인,시애틀공원,7972413,"화장실명""씨애틀공원"" — 카카오·네이버가 같은 시설로 확인(8m 차이)"
WC041175,섬말공원,좌표없음,place,36.3550929505064,127.3607257947,확인,섬말어린이공원,1896403872,"화장실명""섬말공원"" — 카카오·네이버가 같은 시설로 확인(5m 차이)"
WC041170,새말공원,좌표없음,place,36.3440648742563,127.390386082752,확인,새말어린이공원,18197407,"화장실명""새말공원"" — 카카오·네이버가 같은 시설로 확인(8m 차이)"
WC041167,상촌공원,좌표없음,place,36.34159944777956,127.37541953293366,확인,상촌어린이공원,15148739,"화장실명""상촌공원"" — 카카오·네이버가 같은 시설로 확인(0m 차이)"
WC041154,반달공원,좌표없음,place,36.3553934555747,127.365924492635,확인,반달어린이공원,1676612654,"화장실명""반달공원"" — 카카오·네이버가 같은 시설로 확인(2m 차이)"
WC041150,만년어린이공원,좌표없음,place,36.36664775482309,127.3742194212864,확인,만년어린이공원,15150457,"화장실명""만년어린이공원"" — 카카오·네이버가 같은 시설로 확인(3m 차이)"
WC041142,들의공원,좌표없음,place,36.3610839421474,127.388884463625,확인,들의공원,27562198,"화장실명""들의공원"" — 카카오·네이버가 같은 시설로 확인(123m 차이)"
WC041141,자연마당,좌표없음,place,36.3586303,127.3848689,추정,정부대전청사자연마당,,"화장실명""자연마당"" — 네이버에서만 찾음(이름 유사 0.57) — 정확하지 않을 수 있음"
WC005793,간이체육시설 화장실,좌표없음,place,37.4608401,126.3699639,추정,왕산다목적체육시설,,"화장실명""간이체육시설 화장실"" — 네이버에서만 찾음(이름 유사 0.62) — 정확하지 않을 수 있음"
WC005792,간이체육시설 화장실,좌표없음,place,37.4608401,126.3699639,추정,왕산다목적체육시설,,"화장실명""간이체육시설 화장실"" — 네이버에서만 찾음(이름 유사 0.62) — 정확하지 않을 수 있음"
WC005791,간이체육시설 화장실,좌표없음,place,37.4608401,126.3699639,추정,왕산다목적체육시설,,"화장실명""간이체육시설 화장실"" — 네이버에서만 찾음(이름 유사 0.62) — 정확하지 않을 수 있음"
WC005790,간이체육시설 화장실,좌표없음,place,37.4608401,126.3699639,추정,왕산다목적체육시설,,"화장실명""간이체육시설 화장실"" — 네이버에서만 찾음(이름 유사 0.62) — 정확하지 않을 수 있음"
WC005789,간이체육시설 화장실,좌표없음,place,37.4608401,126.3699639,추정,왕산다목적체육시설,,"화장실명""간이체육시설 화장실"" — 네이버에서만 찾음(이름 유사 0.62) — 정확하지 않을 수 있음"
WC007236,파출소 앞,좌표없음,place,36.693090421829,128.120436795617,추정,마성파출소,21264697,"화장실명""파출소 앞"" — 카카오에서만 찾음(이름 유사 0.75) — 정확하지 않을 수 있음"
WC007147,견훤유적지,좌표없음,place,36.6308659104088,128.056041305258,확인,견훤유적지,11987426,"화장실명""견훤유적지"" — 카카오·네이버가 같은 시설로 확인(3m 차이)"
WC007082,제2관문 앞 화장실,좌표없음,place,36.788478714656,128.064635507468,추정,제2관문휴게소,10416655,"화장실명""제2관문 앞 화장실"" — 카카오에서만 찾음(이름 유사 0.73) — 정확하지 않을 수 있음"
WC006269,홍원항1,좌표없음,place,36.1563036681086,126.501739043113,확인,홍원항,8176331,"화장실명""홍원항1"" — 카카오·네이버가 같은 시설로 확인(119m 차이)"
WC006264,레포츠공원야구장,좌표없음,place,36.0881132,126.6896784,추정,서천레포츠공원 야구장,,"화장실명""레포츠공원야구장"" — 네이버에서만 찾음(이름 유사 0.89) — 정확하지 않을 수 있음"
WC006239,춘장대5,좌표없음,place,36.1677222774144,126.601478689772,추정,춘장대IC,8094957,"화장실명""춘장대5"" — 카카오에서만 찾음(이름 유사 0.75) — 정확하지 않을 수 있음"
WC006233,모시관입구(동쪽),좌표없음,place,36.0803378898712,126.799134487812,확인,한산모시관,8141234,"화장실명""모시관입구(동쪽)"" — 카카오·네이버가 같은 시설로 확인(4m 차이)"
WC006231,종합운동장(보조구장),좌표없음,place,36.0579816578256,126.663090559004,확인,서천종합운동장,200792037,"화장실명""종합운동장(보조구장)"" — 카카오·네이버가 같은 시설로 확인(105m 차이)"
WC006230,국민체육센터(2동),좌표없음,place,36.0594070532469,126.66490031382,확인,서천국민체육센터,25456151,"화장실명""국민체육센터(2동)"" — 카카오·네이버가 같은 시설로 확인(18m 차이)"
WC009421,마장역(5),좌표없음,place,37.5661389565959,127.042984855663,확인,마장역 5호선,21160660,"화장실명""마장역(5)"" — 카카오·네이버가 같은 시설로 확인(1m 차이)"
WC022267,횡성휴게소(하),좌표없음,place,37.4628672601756,128.133988599376,확인,횡성휴게소 강릉방향,10959954,"화장실명""횡성휴게소(하)"" — 카카오·네이버가 같은 시설로 확인(15m 차이)"
WC022257,횡성소방서,좌표없음,place,37.48531616382873,127.97397363416414,확인,횡성소방서,12533059,"화장실명""횡성소방서"" — 카카오·네이버가 같은 시설로 확인(6m 차이)"
WC022256,횡성보건소,좌표없음,place,37.487095519625875,127.9844168846673,확인,횡성군보건소,8692082,"화장실명""횡성보건소"" — 카카오·네이버가 같은 시설로 확인(15m 차이)"
WC022252,횡성단위농협,좌표없음,place,37.488986720591555,127.98850991362256,추정,횡성농협,27192428,"화장실명""횡성단위농협"" — 카카오에서만 찾음(이름 유사 0.80) — 정확하지 않을 수 있음"
WC022250,횡성농협 하나로마트,좌표없음,place,37.488771913070785,127.98801636639267,추정,횡성농협하나로마트 본점,12263897,"화장실명""횡성농협 하나로마트"" — 카카오에서만 찾음(이름 유사 0.90) — 정확하지 않을 수 있음"
WC022246,횡성군 장애인 복지관,좌표없음,place,37.4943441908161,127.982643999605,확인,횡성군 장애인종합복지관,11321092,"화장실명""횡성군 장애인 복지관"" — 카카오·네이버가 같은 시설로 확인(22m 차이)"
WC022243,횡성군 선거관리 위원회,좌표없음,place,37.4837626604367,127.982704373537,확인,횡성군 선거관리위원회,8185187,"화장실명""횡성군 선거관리 위원회"" — 카카오·네이버가 같은 시설로 확인(3m 차이)"
WC022242,횡성군 산림조합,좌표없음,place,37.487616995850615,127.98605980149914,확인,횡성군산림조합,12463476,"화장실명""횡성군 산림조합"" — 카카오·네이버가 같은 시설로 확인(4m 차이)"
WC022241,횡성군 농업인 회관,좌표없음,place,37.4894366917681,127.989002041636,확인,농업인회관,23792176,"화장실명""횡성군 농업인 회관"" — 카카오·네이버가 같은 시설로 확인(4m 차이)"
WC022240,횡성교육청,좌표없음,place,37.4919424,127.9812039,추정,횡성교육지원청,,"화장실명""횡성교육청"" — 네이버에서만 찾음(이름 유사 0.83) — 정확하지 않을 수 있음"
WC022238,횡성119안전센터,좌표없음,place,37.4853776099208,127.973951819259,확인,횡성119안전센터,1376917635,"화장실명""횡성119안전센터"" — 카카오·네이버가 같은 시설로 확인(4m 차이)"
WC022234,횡성 읍사무소,좌표없음,place,37.4924302,127.9926968,추정,한파쉼터 횡성읍사무소,,"화장실명""횡성 읍사무소"" — 네이버에서만 찾음(이름 유사 0.75) — 정확하지 않을 수 있음"
WC022233,횡성 시외버스 터미널,좌표없음,place,37.487477641903915,127.9840793082563,확인,횡성시외버스터미널,25504382,"화장실명""횡성 시외버스 터미널"" — 카카오·네이버가 같은 시설로 확인(4m 차이)"
WC022221,청정환경사업소,좌표없음,place,37.5112230177479,127.970215897738,확인,횡성군청정환경사업소,12463236,"화장실명""청정환경사업소"" — 카카오·네이버가 같은 시설로 확인(145m 차이)"
WC022214,청일119지역대,좌표없음,place,37.5821960723981,128.147895994902,확인,청일119지역대,9499628,"화장실명""청일119지역대"" — 카카오·네이버가 같은 시설로 확인(5m 차이)"
WC022199,우천파출소,좌표없음,place,37.45721960401586,128.06738896095987,확인,우천파출소,21264727,"화장실명""우천파출소"" — 카카오·네이버가 같은 시설로 확인(7m 차이)"
WC022183,안흥파출소,좌표없음,place,37.41317671914345,128.15744480908666,확인,안흥파출소,21264998,"화장실명""안흥파출소"" — 카카오·네이버가 같은 시설로 확인(0m 차이)"
WC022179,안흥주유소,좌표없음,place,37.409625010192826,128.15284288780757,추정,안흥농협주유소,24260152,"화장실명""안흥주유소"" — 카카오에서만 찾음(이름 유사 0.83) — 정확하지 않을 수 있음"
WC022147,망향의동산,좌표없음,place,37.545792461891,128.067401496591,확인,망향의동산,7863219,"화장실명""망향의동산"" — 카카오·네이버가 같은 시설로 확인(44m 차이)"
WC022113,공근면사무소,좌표없음,place,37.53644361464,127.961762887168,확인,무인민원발급창구 공근면사무소,2109487952,"화장실명""공근면사무소"" — 카카오·네이버가 같은 시설로 확인(5m 차이)"
WC022104,강림면우체국,좌표없음,place,37.36095950155941,128.12678353423985,확인,강림우체국,8730230,"화장실명""강림면우체국"" — 카카오·네이버가 같은 시설로 확인(13m 차이)"
WC022102,강림면복지회관,좌표없음,place,37.35951894371304,128.1289449519319,추정,강림복지회관,8168472,"화장실명""강림면복지회관"" — 카카오에서만 찾음(이름 유사 0.92) — 정확하지 않을 수 있음"
WC022095,갑천면복지회관,좌표없음,place,37.581971841458696,128.14899632591383,추정,청일면복지회관,23792585,"화장실명""갑천면복지회관"" — 카카오에서만 찾음(이름 유사 0.71) — 정확하지 않을 수 있음"
WC022089,반곡저수지 화장실,좌표없음,place,37.473438468471265,127.95344529902869,확인,반곡저수지,10408836,"화장실명""반곡저수지 화장실"" — 카카오·네이버가 같은 시설로 확인(78m 차이)"
WC022088,횡성역 주차장화장실,좌표없음,place,37.4833402764648,128.009715665373,확인,횡성역 주차장,892486870,"화장실명""횡성역 주차장화장실"" — 카카오·네이버가 같은 시설로 확인(7m 차이)"
WC004771,도원 어린이공원,좌표없음,place,37.53720166553619,126.95478129081414,확인,도원어린이공원,26393052,"화장실명""도원 어린이공원"" — 카카오·네이버가 같은 시설로 확인(20m 차이)"
WC004755,동빙고 빗물펌프장 화장실,좌표없음,place,37.5213778760859,126.996708153311,확인,동빙고펌프장,2050742370,"화장실명""동빙고 빗물펌프장 화장실"" — 카카오·네이버가 같은 시설로 확인(2m 차이)"
WC004751,삼각지 어린이공원,좌표없음,place,37.53452277283,126.975371308143,확인,삼각지어린이공원,7993362,"화장실명""삼각지 어린이공원"" — 카카오·네이버가 같은 시설로 확인(8m 차이)"
WC004746,효창공원앞역,좌표없음,place,37.5393087503306,126.96139810075,확인,효창공원앞역 6호선,21160701,"화장실명""효창공원앞역"" — 카카오·네이버가 같은 시설로 확인(22m 차이)"
WC004739,이촌종합시장 개방화장실,좌표없음,place,37.5204094106495,126.975045636157,확인,동부이촌종합시장,26841538,"화장실명""이촌종합시장 개방화장실"" — 카카오·네이버가 같은 시설로 확인(40m 차이)"
WC004679,효창운동장화장실,좌표없음,place,37.54352897157971,126.96121035015936,확인,효창운동장,17807393,"화장실명""효창운동장화장실"" — 카카오·네이버가 같은 시설로 확인(9m 차이)"
WC004678,효창운동장화장실,좌표없음,place,37.54352897157971,126.96121035015936,확인,효창운동장,17807393,"화장실명""효창운동장화장실"" — 카카오·네이버가 같은 시설로 확인(9m 차이)"
WC004677,효창운동장화장실,좌표없음,place,37.54352897157971,126.96121035015936,확인,효창운동장,17807393,"화장실명""효창운동장화장실"" — 카카오·네이버가 같은 시설로 확인(9m 차이)"
WC004676,효창운동장화장실,좌표없음,place,37.54352897157971,126.96121035015936,확인,효창운동장,17807393,"화장실명""효창운동장화장실"" — 카카오·네이버가 같은 시설로 확인(9m 차이)"
WC005823,덕신공원 2,좌표없음,place,35.4233023689715,129.318561836827,확인,덕신공원,1447124603,"화장실명""덕신공원 2"" — 카카오·네이버가 같은 시설로 확인(40m 차이)"
WC005822,덕신공원 1,좌표없음,place,35.4233023689715,129.318561836827,확인,덕신공원,1447124603,"화장실명""덕신공원 1"" — 카카오·네이버가 같은 시설로 확인(40m 차이)"
WC008494,텃밭마재,좌표없음,place,35.1305826901652,126.854852169244,확인,텃밭 마재점,16195430,"화장실명""텃밭마재"" — 카카오·네이버가 같은 시설로 확인(9m 차이)"
WC008400,양3동주민센터,좌표없음,place,35.15745229037944,126.8940161925569,확인,양3동행정복지센터,8488797,"화장실명""양3동주민센터"" — 카카오·네이버가 같은 시설로 확인(9m 차이)"
WC008395,치평동주민센터,좌표없음,place,35.1499115711789,126.843338672018,확인,치평동행정복지센터,8093585,"화장실명""치평동주민센터"" — 카카오·네이버가 같은 시설로 확인(3m 차이)"
WC008380,서구어린이생태학습도서관,좌표없음,place,35.12967818900524,126.88183525505188,확인,어린이생태학습도서관,13148975,"화장실명""서구어린이생태학습도서관"" — 카카오·네이버가 같은 시설로 확인(16m 차이)"
WC008316,한국전력공사 서광주지사,좌표없음,place,35.151553799814984,126.89097839324724,확인,한국전력공사 서광주지사,1678826693,"화장실명""한국전력공사 서광주지사"" — 카카오·네이버가 같은 시설로 확인(4m 차이)"
WC035573,율촌장도공원(A동),좌표없음,place,34.891226324717,127.600277484757,확인,율촌장도공원,1418284675,"화장실명""율촌장도공원(A동)"" — 카카오·네이버가 같은 시설로 확인(57m 차이)"
WC004802,간대어린이공원 화장실,좌표없음,place,37.6177092,127.0498128,추정,간대어린이공원,,"화장실명""간대어린이공원 화장실"" — 네이버에서만 찾음(이름 유사 1.00) — 정확하지 않을 수 있음"
WC001283,엄사근린공원,좌표없음,place,36.2864138737608,127.245177310744,확인,엄사근린공원,1319614814,"화장실명""엄사근린공원"" — 카카오·네이버가 같은 시설로 확인(121m 차이)"
WC035734,상화도 화장실 1,좌표없음,place,34.5992416906593,127.600665328297,확인,상화도,18376868,"화장실명""상화도 화장실 1"" — 카카오·네이버가 같은 시설로 확인(61m 차이)"
WC035558,화정면 적금 전망공원공중화장실,좌표없음,place,34.6237727728249,127.515187505441,추정,적금도 전망공원 화장실,868609398,"화장실명""화정면 적금 전망공원공중화장실"" — 카카오에서만 찾음(이름 유사 0.75) — 정확하지 않을 수 있음"
WC009030,조금나루유원지,좌표없음,place,34.9955875407257,126.336029210487,확인,조금나루유원지,13133924,"화장실명""조금나루유원지"" — 카카오·네이버가 같은 시설로 확인(17m 차이)"
WC009029,도원선착장,좌표없음,place,34.9154910303749,126.338517631136,확인,도원선착장,24579719,"화장실명""도원선착장"" — 카카오·네이버가 같은 시설로 확인(27m 차이)"
WC009017,황토클리닉타운,좌표없음,place,34.994240655647,126.478919984769,확인,무안황토클리닉타운 실내게이트볼장,25969748,"화장실명""황토클리닉타운"" — 카카오·네이버가 같은 시설로 확인(11m 차이)"
WC002238,쌍룡산근린공원화장실,좌표없음,place,37.5529241094964,126.950318572107,확인,쌍룡산근린공원,26947313,"화장실명""쌍룡산근린공원화장실"" — 카카오·네이버가 같은 시설로 확인(44m 차이)"
WC008603,신촌근린공원,좌표없음,place,35.14127836740788,126.80429940794644,확인,신촌생활근린공원,2015431969,"화장실명""신촌근린공원"" — 카카오·네이버가 같은 시설로 확인(39m 차이)"
WC004233,청성역사공원,좌표없음,place,37.892695875910725,127.21140892227764,확인,청성역사공원,9962277,"화장실명""청성역사공원"" — 카카오·네이버가 같은 시설로 확인(34m 차이)"
WC004228,지장산 계곡(13),좌표없음,place,38.1029452459711,127.193803237452,확인,지장산계곡,12543189,"화장실명""지장산 계곡(13)"" — 카카오·네이버가 같은 시설로 확인(60m 차이)"
WC004227,지장산 계곡(12),좌표없음,place,38.1029452459711,127.193803237452,확인,지장산계곡,12543189,"화장실명""지장산 계곡(12)"" — 카카오·네이버가 같은 시설로 확인(60m 차이)"
WC004186,관인면사무소,좌표없음,place,38.1577991234686,127.251198061908,확인,관인면사무소,10151128,"화장실명""관인면사무소"" — 카카오·네이버가 같은 시설로 확인(44m 차이)"
WC004185,왕방산공중화장실,좌표없음,place,37.89577221381719,127.1555970973006,확인,왕방산,8023960,"화장실명""왕방산공중화장실"" — 카카오·네이버가 같은 시설로 확인(0m 차이)"
WC004170,원조파주골순두부(관음산),좌표없음,place,38.0277674632853,127.278849231803,확인,원조파주골순두부,10888172,"화장실명""원조파주골순두부(관음산)"" — 카카오·네이버가 같은 시설로 확인(2m 차이)"
WC003178,느루소공원공영,좌표없음,place,37.3731506,126.9543273,추정,느루소공원공영주차장,,"화장실명""느루소공원공영"" — 네이버에서만 찾음(이름 유사 0.82) — 정확하지 않을 수 있음"
WC003135,최경환성지 앞 공중화장실,좌표없음,place,37.3712043,126.9048721,추정,최경환성지,,"화장실명""최경환성지 앞 공중화장실"" — 네이버에서만 찾음(이름 유사 1.00) — 정확하지 않을 수 있음"
WC007517,남부공원(제26호완충녹지),좌표없음,place,35.3322377,129.0229642,추정,남부공원,,"화장실명""남부공원(제26호완충녹지)"" — 네이버에서만 찾음(이름 유사 1.00) — 정확하지 않을 수 있음"
WC003848,천향보건진료소,좌표없음,place,36.7269178193168,128.490903381448,확인,천향보건진료소,25778202,"화장실명""천향보건진료소"" — 카카오·네이버가 같은 시설로 확인(7m 차이)"
WC000993,하늘자락공중화장실,좌표없음,place,36.74485382975804,128.38534690578987,추정,하늘자락공원,498522367,"화장실명""하늘자락공중화장실"" — 카카오에서만 찾음(이름 유사 0.80) — 정확하지 않을 수 있음"
WC000990,명봉사계곡 공중화장실,좌표없음,place,36.7762211,128.3768849,추정,명봉사계곡,,"화장실명""명봉사계곡 공중화장실"" — 네이버에서만 찾음(이름 유사 1.00) — 정확하지 않을 수 있음"
WC005808,서생포왜성주차장,좌표없음,place,35.3835992266399,129.337202391077,확인,서생포왜성 주차장,652838784,"화장실명""서생포왜성주차장"" — 카카오·네이버가 같은 시설로 확인(1m 차이)"
WC006871,시비공원 공중화장실,좌표없음,place,36.56495874421848,127.92362436222353,확인,속리산 시비공원,26292933,"화장실명""시비공원 공중화장실"" — 카카오·네이버가 같은 시설로 확인(39m 차이)"
WC006832,경천대 이색조각공원 화장실,좌표없음,place,36.4560136754727,128.246394555603,확인,경천대국민관광지 이색조각공원,18598252,"화장실명""경천대 이색조각공원 화장실"" — 카카오·네이버가 같은 시설로 확인(66m 차이)"
WC006831,경천대 무우정 화장실,좌표없음,place,36.4580145,128.2464609,추정,경천대국민관광지무우정,,"화장실명""경천대 무우정 화장실"" — 네이버에서만 찾음(이름 유사 0.71) — 정확하지 않을 수 있음"
WC006729,버스정류장 간이화장실,좌표없음,place,36.5682978601863,128.175724137745,확인,함창버스정류장,18166622,"화장실명""버스정류장 간이화장실"" — 카카오·네이버가 같은 시설로 확인(7m 차이)"
WC006719,중소교 간이화장실,좌표없음,place,36.522204936301364,128.1102919452313,확인,중소교,15152853,"화장실명""중소교 간이화장실"" — 카카오·네이버가 같은 시설로 확인(1m 차이)"
WC006671,화서터미널,좌표없음,place,36.44372495499139,127.94871009157224,확인,화령공용버스터미널,8655014,"화장실명""화서터미널"" — 카카오·네이버가 같은 시설로 확인(6m 차이)"
WC006627,보미저수지,좌표없음,place,36.36570297275783,127.9196480674708,확인,보미저수지,15148891,"화장실명""보미저수지"" — 카카오·네이버가 같은 시설로 확인(93m 차이)"
WC003416,상궁저수지 공중화장실(유원지),좌표없음,place,36.52180018421543,127.65240539431147,확인,상궁저수지,15148895,"화장실명""상궁저수지 공중화장실(유원지)"" — 카카오·네이버가 같은 시설로 확인(94m 차이)"
WC002710,GS칼텍스㈜삼성로점,좌표없음,place,37.5117132,127.053604,추정,GS칼텍스삼성로점 개방화장실,,"화장실명""GS칼텍스㈜삼성로점"" — 네이버에서만 찾음(이름 유사 0.95) — 정확하지 않을 수 있음"
WC002682,SK리더스뷰,좌표없음,place,37.5592013,126.9808786,추정,SK리더스뷰,,"화장실명""SK리더스뷰"" — 네이버에서만 찾음(이름 유사 1.00) — 정확하지 않을 수 있음"
WC002560,율현4공원,좌표없음,place,37.4725132,127.115249,추정,율현공원,,"화장실명""율현4공원"" — 네이버에서만 찾음(이름 유사 0.89) — 정확하지 않을 수 있음"
WC002559,율현3공원,좌표없음,place,37.4725132,127.115249,추정,율현공원,,"화장실명""율현3공원"" — 네이버에서만 찾음(이름 유사 0.89) — 정확하지 않을 수 있음"
WC002552,대치지구대,좌표없음,place,37.4948812,127.0626222,추정,대치지구대,,"화장실명""대치지구대"" — 네이버에서만 찾음(이름 유사 1.00) — 정확하지 않을 수 있음"
WC002491,포이근린공원(출발마당),좌표없음,place,37.4788929,127.0467999,추정,포이근린공원,,"화장실명""포이근린공원(출발마당)"" — 네이버에서만 찾음(이름 유사 1.00) — 정확하지 않을 수 있음"
WC008262,성주빌딩 화장실,좌표없음,place,35.1987921,128.711013,추정,성주빌딩,,"화장실명""성주빌딩 화장실"" — 네이버에서만 찾음(이름 유사 1.00) — 정확하지 않을 수 있음"
WC008260,삼정자빌딩 화장실,좌표없음,place,35.1984299,128.711432,추정,삼정자빌딩,,"화장실명""삼정자빌딩 화장실"" — 네이버에서만 찾음(이름 유사 1.00) — 정확하지 않을 수 있음"
WC008219,충혼탑,좌표없음,place,35.2302247,128.6571951,추정,충혼탑,,"화장실명""충혼탑"" — 네이버에서만 찾음(이름 유사 1.00) — 정확하지 않을 수 있음"
WC008214,국립농산물품질관리원경남지원,좌표없음,place,35.2358509,128.687662,추정,국립농산물품질관리원 경남지원,,"화장실명""국립농산물품질관리원경남지원"" — 네이버에서만 찾음(이름 유사 1.00) — 정확하지 않을 수 있음"
WC008203,창원두대우체국,좌표없음,place,35.2350878,128.6507129,추정,창원두대동우체국,,"화장실명""창원두대우체국"" — 네이버에서만 찾음(이름 유사 0.93) — 정확하지 않을 수 있음"
WC008166,산호동 우체국,좌표없음,place,35.2172143,128.5794507,추정,산호동우체국입구,,"화장실명""산호동 우체국"" — 네이버에서만 찾음(이름 유사 1.00) — 정확하지 않을 수 있음"
WC008159,경남청사관리소(출입국동),좌표없음,place,35.19477,128.573018,추정,경남청사관리소 출입국동 주차장,,"화장실명""경남청사관리소(출입국동)"" — 네이버에서만 찾음(이름 유사 0.67) — 정확하지 않을 수 있음"
WC008158,경남청사관리소(본관1층),좌표없음,place,35.19477,128.573018,추정,경남청사관리소 출입국동 주차장,,"화장실명""경남청사관리소(본관1층)"" — 네이버에서만 찾음(이름 유사 0.67) — 정확하지 않을 수 있음"
WC008156,진해 군항마을 역사관,좌표없음,place,35.1495783,128.6588994,추정,진해군항마을역사관,,"화장실명""진해 군항마을 역사관"" — 네이버에서만 찾음(이름 유사 1.00) — 정확하지 않을 수 있음"
WC008082,경남지방중소벤처기업청 남녀 화장실,좌표없음,place,35.2320848,128.687862,추정,경남지방중소벤처기업청,,"화장실명""경남지방중소벤처기업청 남녀 화장실"" — 네이버에서만 찾음(이름 유사 1.00) — 정확하지 않을 수 있음"
WC008071,창원교육지원청 본관 화장실,좌표없음,place,35.2330509,128.6887869,추정,창원교육지원청,,"화장실명""창원교육지원청 본관 화장실"" — 네이버에서만 찾음(이름 유사 0.88) — 정확하지 않을 수 있음"
WC008063,창원보건소,좌표없음,place,35.2279909,128.6856084,추정,창원시창원보건소,,"화장실명""창원보건소"" — 네이버에서만 찾음(이름 유사 0.77) — 정확하지 않을 수 있음"
WC008062,경상남도교육청 화장실,좌표없음,place,35.2344765,128.6880214,추정,경상남도교육청,,"화장실명""경상남도교육청 화장실"" — 네이버에서만 찾음(이름 유사 1.00) — 정확하지 않을 수 있음"
WC008050,창원경륜공단 옥외화장실,좌표없음,place,35.2320818,128.6680029,추정,창원경륜공단 옥외화장실,,"화장실명""창원경륜공단 옥외화장실"" — 네이버에서만 찾음(이름 유사 1.00) — 정확하지 않을 수 있음"
WC008047,명서주민복지회관화장실,좌표없음,place,35.2431361,128.6421968,추정,명서주민복지회관,,"화장실명""명서주민복지회관화장실"" — 네이버에서만 찾음(이름 유사 1.00) — 정확하지 않을 수 있음"
WC008044,창원문화원,좌표없음,place,35.2355948,128.6836846,추정,창원문화원,,"화장실명""창원문화원"" — 네이버에서만 찾음(이름 유사 1.00) — 정확하지 않을 수 있음"
WC008043,경상남도교육청 제2청사 화장실,좌표없음,place,35.2365369,128.6884503,추정,경상남도교육청제2청사,,"화장실명""경상남도교육청 제2청사 화장실"" — 네이버에서만 찾음(이름 유사 1.00) — 정확하지 않을 수 있음"
WC008042,용호주유소 화장실,좌표없음,place,35.2356558,128.6867429,추정,SK엔크린 용호주유소,,"화장실명""용호주유소 화장실"" — 네이버에서만 찾음(이름 유사 0.67) — 정확하지 않을 수 있음"
WC008040,신월민원센터 화장실,좌표없음,place,35.2276777,128.6925434,추정,신월민원센터,,"화장실명""신월민원센터 화장실"" — 네이버에서만 찾음(이름 유사 1.00) — 정확하지 않을 수 있음"
WC008039,신월지구대 화장실,좌표없음,place,35.227618,128.6926499,추정,신월지구대,,"화장실명""신월지구대 화장실"" — 네이버에서만 찾음(이름 유사 1.00) — 정확하지 않을 수 있음"
WC008036,동남지방통계청 창원사무소 1층 화장실,좌표없음,place,35.2346658,128.6915907,추정,동남지방통계청창원사무소 1층,,"화장실명""동남지방통계청 창원사무소 1층 화장실"" — 네이버에서만 찾음(이름 유사 1.00) — 정확하지 않을 수 있음"
WC008034,창원중부경찰서,좌표없음,place,35.2284723,128.6860493,추정,경남창원중부경찰서,,"화장실명""창원중부경찰서"" — 네이버에서만 찾음(이름 유사 0.88) — 정확하지 않을 수 있음"
WC008017,늘푸른전당,좌표없음,place,35.2301517,128.653027,추정,늘푸른전당사거리,,"화장실명""늘푸른전당"" — 네이버에서만 찾음(이름 유사 0.77) — 정확하지 않을 수 있음"
WC007912,국제주유소,좌표없음,place,35.2578435,128.8652776,추정,S-OIL 차비누 국제주유소,,"화장실명""국제주유소"" — 네이버에서만 찾음(이름 유사 0.56) — 정확하지 않을 수 있음"
WC007906,내서도서관,좌표없음,place,35.232743,128.501238,추정,내서도서관,,"화장실명""내서도서관"" — 네이버에서만 찾음(이름 유사 1.00) — 정확하지 않을 수 있음"
WC007902,엔크린주유소 화장실,좌표없음,place,35.1305645,128.7089042,추정,SK엔크린 장전주유소,,"화장실명""엔크린주유소 화장실"" — 네이버에서만 찾음(이름 유사 0.75) — 정확하지 않을 수 있음"
WC002954,아라동행정복지센터(임시청사),좌표없음,place,37.594073,126.7155932,추정,아라동행정복지센터 개방화장실,,"화장실명""아라동행정복지센터(임시청사)"" — 네이버에서만 찾음(이름 유사 1.00) — 정확하지 않을 수 있음"
WC006584,광한루원 서문,좌표없음,place,35.403137579784,127.378269535369,추정,광한루원 서문,1150836205,"화장실명""광한루원 서문"" — 카카오에서만 찾음(이름 유사 1.00) — 정확하지 않을 수 있음"
WC006583,광한루원 정문,좌표없음,place,35.4023883862665,127.380342220683,확인,광한루원 정문,2024037066,"화장실명""광한루원 정문"" — 카카오·네이버가 같은 시설로 확인(5m 차이)"
WC006582,광한루원 주차장,좌표없음,place,35.40166974013739,127.37842780317781,확인,광한루원 주차장,20513601,"화장실명""광한루원 주차장"" — 카카오·네이버가 같은 시설로 확인(20m 차이)"
WC006581,광한루원 춘향관,좌표없음,place,35.4019960753285,127.37898414915,추정,광한루원 춘향관,18118812,"화장실명""광한루원 춘향관"" — 카카오에서만 찾음(이름 유사 1.00) — 정확하지 않을 수 있음"
WC004879,상도1동 공중화장실,좌표없음,place,37.4981,126.953089,추정,상도1동주민센터,,"화장실명""상도1동 공중화장실"" — 네이버에서만 찾음(이름 유사 0.67) — 정확하지 않을 수 있음"
WC004872,상도근린공원 공중화장실,좌표없음,place,37.4926370154185,126.952231111884,확인,상도근린공원,347888925,"화장실명""상도근린공원 공중화장실"" — 카카오·네이버가 같은 시설로 확인(81m 차이)"
WC002157,용마 주유소,좌표없음,place,37.5597457,127.0878372,추정,용마셀프주유소 개방화장실,,"화장실명""용마 주유소"" — 네이버에서만 찾음(이름 유사 0.83) — 정확하지 않을 수 있음"
WC002150,㈜해양가스,좌표없음,place,37.5346900853177,127.083996601088,확인,해양가스충전소,10923412,"화장실명""㈜해양가스"" — 카카오·네이버가 같은 시설로 확인(2m 차이)"
WC002076,아차산배수지,좌표없음,place,37.5488295794122,127.096799919823,확인,아차산배수지체육공원,18125832,"화장실명""아차산배수지"" — 카카오·네이버가 같은 시설로 확인(29m 차이)"
WC002073,홍련봉공원,좌표없음,place,37.5491918519268,127.094487319032,확인,홍련봉공원,27424704,"화장실명""홍련봉공원"" — 카카오·네이버가 같은 시설로 확인(37m 차이)"
WC002072,게이트볼장,좌표없음,place,37.5283444975658,127.072900250131,확인,뚝섬한강공원 게이트볼장,1975768547,"화장실명""게이트볼장"" — 카카오·네이버가 같은 시설로 확인(27m 차이)"
WC002071,토요마당,좌표없음,place,37.5543600571753,127.100921994737,확인,아차산토요마당 개방화장실,1429763752,"화장실명""토요마당"" — 카카오·네이버가 같은 시설로 확인(0m 차이)"
WC002055,자양유수지 공중화장실,좌표없음,place,37.52966146352903,127.07761018399374,확인,자양유수지 공영주차장,17032762,"화장실명""자양유수지 공중화장실"" — 카카오·네이버가 같은 시설로 확인(62m 차이)"
WC002054,배나무터공원,좌표없음,place,37.56847920460997,127.08026520148788,확인,배나무터공원,7889833,"화장실명""배나무터공원"" — 카카오·네이버가 같은 시설로 확인(26m 차이)"
WC002053,가중나무공원 공중화장실,좌표없음,place,37.5463810005629,127.067895786492,확인,가중나무어린이공원,10120379,"화장실명""가중나무공원 공중화장실"" — 카카오·네이버가 같은 시설로 확인(4m 차이)"
WC004450,주남주유소,좌표없음,place,35.10338643556333,126.93960286919915,추정,주남주유소,1592486374,"화장실명""주남주유소"" — 카카오에서만 찾음(이름 유사 1.00) — 정확하지 않을 수 있음"
WC004404,토끼등,좌표없음,place,35.13099834424051,126.97764707741445,확인,무등산 토끼등,15174384,"화장실명""토끼등"" — 카카오·네이버가 같은 시설로 확인(144m 차이)"
WC004403,중머리재,좌표없음,place,35.119053634415714,126.98456487955023,확인,중머리재,13323520,"화장실명""중머리재"" — 카카오·네이버가 같은 시설로 확인(39m 차이)"
WC004389,동부충전소,좌표없음,place,35.1257789919339,126.931000333198,확인,SK행복충전 동부충전소,8911390,"화장실명""동부충전소"" — 카카오·네이버가 같은 시설로 확인(3m 차이)"
WC004286,대인시장,좌표없음,place,35.15389078347101,126.9168080043664,확인,대인시장,17496420,"화장실명""대인시장"" — 카카오·네이버가 같은 시설로 확인(99m 차이)"
WC035614,동문파출소,좌표없음,place,34.74056673301415,127.74264876320741,추정,동문파출소,21268270,"화장실명""동문파출소"" — 카카오에서만 찾음(이름 유사 1.00) — 정확하지 않을 수 있음"
WC035535,서교동 공영주차장 공용화장실,좌표없음,place,34.74352070740734,127.72905572660581,확인,서교동공영주차장,20517546,"화장실명""서교동 공영주차장 공용화장실"" — 카카오·네이버가 같은 시설로 확인(11m 차이)"
WC002825,낙동강제방(4),좌표없음,place,35.1982385064983,128.987956086589,추정,부산낙동강제방길,7908053,"화장실명""낙동강제방(4)"" — 카카오에서만 찾음(이름 유사 0.77) — 정확하지 않을 수 있음"
WC002820,운수천계곡(1),좌표없음,place,35.1850130522882,129.010757617111,추정,운수천계곡 공중화장실,231165274,"화장실명""운수천계곡(1)"" — 카카오에서만 찾음(이름 유사 1.00) — 정확하지 않을 수 있음"
WC004892,사당역(4),좌표없음,place,37.47656223234824,126.98155858357366,확인,사당역 2호선,21160811,"화장실명""사당역(4)"" — 카카오·네이버가 같은 시설로 확인(76m 차이)"
WC004891,사당역(4),좌표없음,place,37.47656223234824,126.98155858357366,확인,사당역 2호선,21160811,"화장실명""사당역(4)"" — 카카오·네이버가 같은 시설로 확인(76m 차이)"
WC004890,사당역(4),좌표없음,place,37.47656223234824,126.98155858357366,확인,사당역 2호선,21160811,"화장실명""사당역(4)"" — 카카오·네이버가 같은 시설로 확인(76m 차이)"
WC012572,반송공원간이화장실,좌표없음,place,35.221441578576766,129.16162214668637,확인,반송공원,829348683,"화장실명""반송공원간이화장실"" — 카카오·네이버가 같은 시설로 확인(18m 차이)"
WC001747,청라근린공원,좌표없음,place,37.5308403,126.6338643,추정,청라호수공원,,"화장실명""청라근린공원"" — 네이버에서만 찾음(이름 유사 0.80) — 정확하지 않을 수 있음"
WC000858,격포채석강,좌표없음,place,35.6274055716507,126.472017381853,확인,격포채석강횟집,8171474,"화장실명""격포채석강"" — 카카오·네이버가 같은 시설로 확인(7m 차이)"
WC000844,찬물내기 유원지,좌표없음,place,35.3799447312203,127.102323016564,확인,찬물내기유원지 전기차충전소,1865029018,"화장실명""찬물내기 유원지"" — 카카오·네이버가 같은 시설로 확인(0m 차이)"
WC000431,영등포역 지하,좌표없음,place,37.515928044563736,126.90695272001224,확인,영등포역지하상가,18525456,"화장실명""영등포역 지하"" — 카카오·네이버가 같은 시설로 확인(81m 차이)"
WC003317,용소폭포2,좌표없음,place,38.1320176,128.4269818,추정,용소폭포,,"화장실명""용소폭포2"" — 네이버에서만 찾음(이름 유사 1.00) — 정확하지 않을 수 있음"
WC000181,금나래중앙공원,좌표없음,place,37.4577342843452,126.89470391455271,확인,금나래중앙공원,1771722760,"화장실명""금나래중앙공원"" — 카카오·네이버가 같은 시설로 확인(41m 차이)"
WC001244,가산수변공원1,좌표없음,place,35.2958912641918,129.018742640059,확인,가산수변공원 파크골프장,1683886247,"화장실명""가산수변공원1"" — 카카오·네이버가 같은 시설로 확인(136m 차이)"
WC001239,동원과학기술대학교 운동장,좌표없음,place,35.3417842647686,129.066495413258,확인,동원과학기술대학교 운동장,8497209,"화장실명""동원과학기술대학교 운동장"" — 카카오·네이버가 같은 시설로 확인(8m 차이)"
WC001227,통도사 산문 앞 화장실,좌표없음,place,35.4886478,129.0646008,추정,통도사산문,,"화장실명""통도사 산문 앞 화장실"" — 네이버에서만 찾음(이름 유사 1.00) — 정확하지 않을 수 있음"
WC001224,통도사 일주문 앞 화장실,좌표없음,place,35.487848346537,129.065950332574,확인,통도사 일주문,17570072,"화장실명""통도사 일주문 앞 화장실"" — 카카오·네이버가 같은 시설로 확인(5m 차이)"
WC001222,통도사 설법전 앞 화장실,좌표없음,place,35.4873459332556,129.063504758806,확인,통도사 설법전,17569568,"화장실명""통도사 설법전 앞 화장실"" — 카카오·네이버가 같은 시설로 확인(6m 차이)"
WC001194,어영마을2,좌표없음,place,35.4376465198291,128.922081842742,확인,어영마을,20372627,"화장실명""어영마을2"" — 카카오·네이버가 같은 시설로 확인(87m 차이)"
WC001186,어곡주민공원,좌표없음,place,35.37768611184518,129.02657059638028,확인,어곡주민공원,26175095,"화장실명""어곡주민공원"" — 카카오·네이버가 같은 시설로 확인(28m 차이)"
WC001169,호포역 화장실,좌표없음,place,35.283804551184005,129.01687967646515,확인,호포역 주차장,358861616,"화장실명""호포역 화장실"" — 카카오·네이버가 같은 시설로 확인(4m 차이)"
WC001153,워터파크,좌표없음,place,35.338135014128135,129.02145707276108,확인,양산워터파크,13319445,"화장실명""워터파크"" — 카카오·네이버가 같은 시설로 확인(42m 차이)"
WC001152,디자인공원 축구장 화장실(디자인공원2),좌표없음,place,35.3223482555325,128.998564094947,확인,디자인공원 축구장,1582581986,"화장실명""디자인공원 축구장 화장실(디자인공원2)"" — 카카오·네이버가 같은 시설로 확인(7m 차이)"
WC001151,디자인공원 물놀이장 화장실(디자인공원1),좌표없음,place,35.3236683027249,129.001785306155,확인,디자인공원 물놀이장,1824518934,"화장실명""디자인공원 물놀이장 화장실(디자인공원1)"" — 카카오·네이버가 같은 시설로 확인(1m 차이)"
WC001130,양산소방서,좌표없음,place,35.334236426177675,129.01045096386378,확인,양산소방서,305753165,"화장실명""양산소방서"" — 카카오·네이버가 같은 시설로 확인(11m 차이)"
WC001056,광신홀딩스(주) 양산대로주유소,좌표없음,place,35.369298428636874,129.04394481588665,확인,광신홀딩스 양산대로주유소,21161216,"화장실명""광신홀딩스(주) 양산대로주유소"" — 카카오·네이버가 같은 시설로 확인(11m 차이)"
WC001630,청등도선착장,좌표없음,place,34.247772,126.076469,추정,청등도선착장,,"화장실명""청등도선착장"" — 네이버에서만 찾음(이름 유사 1.00) — 정확하지 않을 수 있음"
WC001623,곤우선착장,좌표없음,place,34.3023667,126.022025,추정,곤우선착장,,"화장실명""곤우선착장"" — 네이버에서만 찾음(이름 유사 1.00) — 정확하지 않을 수 있음"
WC001621,관매도대합실,좌표없음,place,34.2394754519028,126.045584206765,확인,관매도대합실 화장실,1955335815,"화장실명""관매도대합실"" — 카카오·네이버가 같은 시설로 확인(2m 차이)"
WC001618,급치산전망대,좌표없음,place,34.4101300620109,126.101503329712,확인,급치산전망대,26557746,"화장실명""급치산전망대"" — 카카오·네이버가 같은 시설로 확인(58m 차이)"
WC001611,헌복동2,좌표없음,place,34.3791674613539,126.266995184443,확인,헌복동 화장실,632619709,"화장실명""헌복동2"" — 카카오·네이버가 같은 시설로 확인(15m 차이)"
WC001610,헌복동1,좌표없음,place,34.3791674613539,126.266995184443,확인,헌복동 화장실,632619709,"화장실명""헌복동1"" — 카카오·네이버가 같은 시설로 확인(15m 차이)"
WC001581,고성사방댐,좌표없음,place,34.5012682,126.3126066,추정,고성사방댐공중화장실,,"화장실명""고성사방댐"" — 네이버에서만 찾음(이름 유사 1.00) — 정확하지 않을 수 있음"
WC001561,청룡어촌체험마을2,좌표없음,place,34.5185614468354,126.22423972705,추정,청룡어촌체험마을 화장실,1627646854,"화장실명""청룡어촌체험마을2"" — 카카오에서만 찾음(이름 유사 1.00) — 정확하지 않을 수 있음"
WC000389,오목교 화장실,좌표없음,place,37.52399939722345,126.87926534202379,확인,오목교,15161713,"화장실명""오목교 화장실"" — 카카오·네이버가 같은 시설로 확인(41m 차이)"
WC000385,갈대2축구장,좌표없음,place,37.5437687,126.8860871,추정,갈대2축구장 개방화장실,,"화장실명""갈대2축구장"" — 네이버에서만 찾음(이름 유사 1.00) — 정확하지 않을 수 있음"
WC000384,성산대교남단,좌표없음,place,37.5462484260404,126.886252139642,확인,성산대교남단교차로,7944153,"화장실명""성산대교남단"" — 카카오·네이버가 같은 시설로 확인(76m 차이)"
WC001700,가좌어린이공원,좌표없음,place,37.4843503,126.6878897,추정,어린이공원,,"화장실명""가좌어린이공원"" — 네이버에서만 찾음(이름 유사 0.83) — 정확하지 않을 수 있음"
WC004089,법전면생활체육공원,좌표없음,place,36.9079513775139,128.877254573391,추정,법전면 생활체육공원,659232963,"화장실명""법전면생활체육공원"" — 카카오에서만 찾음(이름 유사 1.00) — 정확하지 않을 수 있음"
WC004042,국립백두대간수목원 판매센터,좌표없음,place,37.0065963,128.8291236,추정,국립백두대간수목원판매센터,,"화장실명""국립백두대간수목원 판매센터"" — 네이버에서만 찾음(이름 유사 1.00) — 정확하지 않을 수 있음"
WC003965,육송정,좌표없음,place,37.0611031514066,129.045182414697,확인,육송정,25339420,"화장실명""육송정"" — 카카오·네이버가 같은 시설로 확인(19m 차이)"
WC003943,정법사 앞 간이화장실화장실,좌표없음,place,37.06065831928945,129.02495944565496,확인,정법사,12823786,"화장실명""정법사 앞 간이화장실화장실"" — 카카오·네이버가 같은 시설로 확인(3m 차이)"
WC003927,우련전,좌표없음,place,36.8320225078082,129.097462506142,확인,우련전,19749139,"화장실명""우련전"" — 카카오·네이버가 같은 시설로 확인(57m 차이)"
WC003895,춘양면 보건지소,좌표없음,place,36.9357904752776,128.915643278988,확인,춘양면보건지소,12652547,"화장실명""춘양면 보건지소"" — 카카오·네이버가 같은 시설로 확인(4m 차이)"
WC000630,상북배내1주차장1,좌표없음,place,35.57802247238714,129.02712516471323,확인,배내1공영주차장,1090289725,"화장실명""상북배내1주차장1"" — 카카오·네이버가 같은 시설로 확인(51m 차이)"
WC000624,곡천시장,좌표없음,place,35.4656109,129.2095469,추정,곡천공설시장,,"화장실명""곡천시장"" — 네이버에서만 찾음(이름 유사 0.80) — 정확하지 않을 수 있음"
WC000588,청소년상담복지센터 화장실,좌표없음,place,35.43460822777959,129.3143334795733,확인,울주군청소년상담복지센터,20508804,"화장실명""청소년상담복지센터 화장실"" — 카카오·네이버가 같은 시설로 확인(1m 차이)"
WC000587,남부종합사회복지관,좌표없음,place,35.434588344872566,129.31438355585345,확인,남부종합사회복지관,12482430,"화장실명""남부종합사회복지관"" — 카카오·네이버가 같은 시설로 확인(4m 차이)"
WC000579,온산읍행정복지센터,좌표없음,place,35.434616185296946,129.31434141432842,확인,온산읍행정복지센터,9899624,"화장실명""온산읍행정복지센터"" — 카카오·네이버가 같은 시설로 확인(5m 차이)"
WC000541,진하공영주차장,좌표없음,place,35.38131305851321,129.3411633614816,확인,진하 공영주차장,25588509,"화장실명""진하공영주차장"" — 카카오·네이버가 같은 시설로 확인(20m 차이)"
WC000537,간절곶공원,좌표없음,place,35.3632950211452,129.358351835549,확인,간절곶공원 무장애나눔길,1557502788,"화장실명""간절곶공원"" — 카카오·네이버가 같은 시설로 확인(69m 차이)"
WC000527,주암마을,좌표없음,place,35.5676024188282,129.023131530479,확인,주암마을,21125706,"화장실명""주암마을"" — 카카오·네이버가 같은 시설로 확인(142m 차이)"
WC000521,상북배내1주차장2,좌표없음,place,35.57802247238714,129.02712516471323,확인,배내1공영주차장,1090289725,"화장실명""상북배내1주차장2"" — 카카오·네이버가 같은 시설로 확인(51m 차이)"
WC000458,입암공원등산로,좌표없음,place,35.5809178,129.2377531,추정,입암공원등산로공중화장실,,"화장실명""입암공원등산로"" — 네이버에서만 찾음(이름 유사 1.00) — 정확하지 않을 수 있음"
WC000440,천전리각석입구,좌표없음,place,35.6145404336545,129.175281905167,확인,천전리각석계곡,12639217,"화장실명""천전리각석입구"" — 카카오·네이버가 같은 시설로 확인(99m 차이)"
WC000439,두서치안센터,좌표없음,place,35.6428587988604,129.159305855983,확인,두서치안센터,10364878,"화장실명""두서치안센터"" — 카카오·네이버가 같은 시설로 확인(2m 차이)"
WC000437,봉계시장,좌표없음,place,35.7132857759807,129.199158675094,확인,봉계재래시장,25048453,"화장실명""봉계시장"" — 카카오·네이버가 같은 시설로 확인(7m 차이)"
