운영기관,노선,역명,화장실행,출처,원본위도,원본경도,주소,위도,경도,좌표출처,카카오장소
코레일,경의중앙,가좌,2,국가철도공단,,,,37.5687433529646,126.914815128053,카카오,가좌역 경의중앙선
코레일,경의중앙,강매,2,국가철도공단,,,,37.6122904718741,126.84449823065067,카카오,강매역 경의중앙선
코레일,경의중앙,곡산,2,국가철도공단,,,,37.64607886227099,126.80160321314327,카카오,곡산역 경의중앙선
코레일,경의중앙,공덕,2,국가철도공단,,,,37.5445416897534,126.951451177648,카카오,공덕역 5호선
코레일,경의중앙,구리,2,국가철도공단,,,,37.603268938528196,127.14335098072823,카카오,구리역 경의중앙선
코레일,경의중앙,국수,4,국가철도공단,,,,37.5161871164552,127.399309828929,카카오,국수역 경의중앙선
코레일,경의중앙,금릉,2,국가철도공단,,,,37.7513389843704,126.765410119425,카카오,금릉역 경의중앙선
코레일,경의중앙,금촌,2,국가철도공단,,,,37.7662265030421,126.774633255205,카카오,금촌역 경의중앙선
코레일,경의중앙,능곡,2,국가철도공단,,,,37.61898698884321,126.82063426387445,카카오,능곡역 경의중앙선
코레일,경의중앙,덕소,2,국가철도공단,,,,37.5868830491915,127.208883449736,카카오,덕소역
코레일,경의중앙,도농,2,국가철도공단,,,,37.6087726045416,127.161178663222,카카오,도농역 경의중앙선
코레일,경의중앙,도심,2,국가철도공단,,,,37.579639075911,127.222683857886,카카오,도심역 경의중앙선
코레일,경의중앙,디지털미디어시티,2,국가철도공단,,,,37.57601374718818,126.90127778415635,카카오,디지털미디어시티역 6호선
코레일,경의중앙,망우,2,국가철도공단,,,,37.5992960295399,127.092367383432,카카오,망우역 경의중앙선
코레일,경의중앙,문산,2,국가철도공단,,,,37.854626895054,126.787395378931,카카오,문산역 경의중앙선
코레일,경의중앙,백마,2,국가철도공단,,,,37.65853599537713,126.7943339818477,카카오,백마역 경의중앙선
코레일,경의중앙,상봉,4,국가철도공단,,,,37.59690265237782,127.08565745176551,카카오,상봉역
코레일,경의중앙,서강대,2,국가철도공단,,,,37.5521384864879,126.935507621173,카카오,서강대역 경의중앙선
코레일,경의중앙,서빙고,4,국가철도공단,,,,37.519568139395346,126.98841094338457,카카오,서빙고역 경의중앙선
코레일,경의중앙,서울역,2,국가철도공단,,,,37.55332892758497,126.96974961781686,카카오,서울역 공항철도
코레일,경의중앙,수색,2,국가철도공단,,,,37.5808625683358,126.895659474538,카카오,수색역 경의중앙선
코레일,경의중앙,신원,2,국가철도공단,,,,37.5255855578889,127.373091698635,카카오,신원역 경의중앙선
코레일,경의중앙,신촌,2,국가철도공단,,,,37.555198169366435,126.93698075993808,카카오,신촌역 2호선
코레일,경의중앙,아신(아세아연합신학대),2,국가철도공단,,,,37.5139186008078,127.443211499187,카카오,아신역 경의중앙선
코레일,경의중앙,야당,2,국가철도공단,,,,37.712611015679,126.761453983315,카카오,야당역 경의중앙선
코레일,경의중앙,양수,2,국가철도공단,,,,37.5459634283124,127.329138380916,카카오,양수역 경의중앙선
코레일,경의중앙,양원(서울시북부병원),2,국가철도공단,,,,36.963793235074,129.09127875721,카카오,양원역
코레일,경의중앙,양정,2,국가철도공단,,,,37.604027962835566,127.19466908658632,카카오,양정역 경의중앙선
코레일,경의중앙,양평,2,국가철도공단,,,,37.5255796429707,126.886419282885,카카오,양평역 5호선
코레일,경의중앙,오빈,2,국가철도공단,,,,37.5061671737276,127.473661407181,카카오,오빈역 경의중앙선
코레일,경의중앙,왕십리,4,국가철도공단,,,,37.561268363317176,127.03710337610202,카카오,왕십리역 2호선
코레일,경의중앙,용문,2,국가철도공단,,,,37.4826099970057,127.594385099556,카카오,용문역
코레일,경의중앙,운길산,2,국가철도공단,,,,37.5546425431665,127.310231608596,카카오,운길산역 경의중앙선
코레일,경의중앙,운정,2,국가철도공단,,,,37.72560181256856,126.76716330229101,카카오,운정역 경의중앙선
코레일,경의중앙,운천,2,국가철도공단,,,,37.8798512036962,126.769908998666,카카오,운천역 경의중앙선
코레일,경의중앙,원덕(추읍산),2,국가철도공단,,,,37.468781735546,127.546558679899,카카오,원덕역 경의중앙선
코레일,경의중앙,월롱(서영대학교),2,국가철도공단,,,,37.7962146380874,126.792585875504,카카오,월롱역 경의중앙선
코레일,경의중앙,응봉,2,국가철도공단,,,,37.5499526279456,127.034483653629,카카오,응봉역 경의중앙선
코레일,경의중앙,이촌,2,국가철도공단,,,,37.52241291408466,126.97354382085399,카카오,이촌역 경의중앙선
코레일,경의중앙,일산,2,국가철도공단,,,,37.68222907297604,126.7695084298458,카카오,일산역 경의중앙선
코레일,경의중앙,임진강,2,국가철도공단,,,,37.8882750558283,126.747078454706,카카오,임진강역 경의중앙선
코레일,경의중앙,중랑,2,국가철도공단,,,,37.5948425975025,127.075680398461,카카오,중랑역 경의중앙선
코레일,경의중앙,지평,2,국가철도공단,,,,37.4768806832667,127.629671068247,카카오,지평역
코레일,경의중앙,청량리,6,국가철도공단,,,,37.57997010526071,127.04773632414528,카카오,청량리역
코레일,경의중앙,탄현,2,국가철도공단,,,,37.6939889446111,126.761078262576,카카오,탄현역 경의중앙선
코레일,경의중앙,파주(두원대학),2,국가철도공단,,,,37.8153655831005,126.79269130281,카카오,파주역 경의중앙선
코레일,경의중앙,팔당,2,국가철도공단,,,,37.5473594340956,127.243966151989,카카오,팔당역 경의중앙선
코레일,경의중앙,풍산,2,국가철도공단,,,,37.672668497783,126.78608384011483,카카오,풍산역 경의중앙선
코레일,경의중앙,한국항공대,2,국가철도공단,,,,37.6029725988481,126.86832177393612,카카오,한국항공대역 경의중앙선
코레일,경의중앙,한남,2,국가철도공단,,,,37.5294289189437,127.009209110584,카카오,한남역 경의중앙선
코레일,경의중앙,행신,4,국가철도공단,,,,37.61192587335611,126.83413241404135,카카오,행신역
코레일,경의중앙,홍대입구,2,국가철도공단,,,,37.5568707448873,126.923778562273,카카오,홍대입구역 2호선
코레일,경의중앙,효창공원앞,2,국가철도공단,,,,37.5393087503306,126.96139810075,카카오,효창공원앞역 6호선
코레일,경춘,가평(자라섬.남이섬),2,국가철도공단,,,,37.8145200514507,127.51073942455,카카오,가평역 경춘선
코레일,경춘,갈매,2,국가철도공단,,,,37.6340689252244,127.114760741021,카카오,갈매역 경춘선
코레일,경춘,강촌,2,국가철도공단,,,,37.805721704842,127.634151572422,카카오,강촌역 경춘선
코레일,경춘,굴봉산(제이드가든),2,국가철도공단,,,,37.8320661917515,127.557769861431,카카오,굴봉산역 경춘선
코레일,경춘,금곡,2,국가철도공단,,,,37.6373551430559,127.207533674718,카카오,금곡역 경춘선
코레일,경춘,김유정,2,국가철도공단,,,,37.8184490071056,127.714323967766,카카오,김유정역 경춘선
코레일,경춘,남춘천(강원대),2,국가철도공단,,,,37.8640540774308,127.723818912124,카카오,남춘천역
코레일,경춘,대성리,2,국가철도공단,,,,37.6839900741502,127.379706254541,카카오,대성리역 경춘선
코레일,경춘,마석,4,국가철도공단,,,,37.652792215501,127.311686554885,카카오,마석역 경춘선
코레일,경춘,망우,2,국가철도공단,,,,37.5992960295399,127.092367383432,카카오,망우역 경의중앙선
코레일,경춘,백양리(엘리시안강촌),2,국가철도공단,,,,37.8307917497493,127.589324987859,카카오,백양리역 경춘선
코레일,경춘,별내(삼육대학교),2,국가철도공단,,,,37.642067071704496,127.1269691476328,카카오,별내역 경춘선
코레일,경춘,사릉,2,국가철도공단,,,,37.65112427884554,127.17692620365439,카카오,사릉역 경춘선
코레일,경춘,상천(호명호수),2,국가철도공단,,,,37.7701784041516,127.454515681516,카카오,상천역 경춘선
코레일,경춘,신내,2,국가철도공단,,,,37.6124910157349,127.104271439503,카카오,신내역 6호선
코레일,경춘,천마산,2,국가철도공단,,,,37.6592276778117,127.285062700362,카카오,천마산역 경춘선
코레일,경춘,청평,4,국가철도공단,,,,37.7355163992466,127.426622860785,카카오,청평역 경춘선
코레일,경춘,춘천(한림대),2,국가철도공단,,,,37.884512737384,127.716698593345,카카오,춘천역 경춘선
코레일,경춘,퇴계원,2,국가철도공단,,,,37.6482657629059,127.14353713662,카카오,퇴계원역 경춘선
코레일,경춘,평내호평,2,국가철도공단,,,,37.6532138128125,127.244438968688,카카오,평내호평역 경춘선
대구교통공사,1호선,각산,2,국가철도공단,,,,35.86799440106771,128.72424172030216,카카오,각산역 대구1호선
대구교통공사,1호선,교대,2,국가철도공단,,,,35.8506517193906,128.590580870154,카카오,교대역 대구1호선
대구교통공사,1호선,대곡(정부대구청사),2,국가철도공단,,,,35.8095726496598,128.512766290689,카카오,대곡역 대구1호선
대구교통공사,1호선,대구역,2,국가철도공단,,,,35.87085454444516,128.59397506943253,카카오,중앙로역 대구1호선
대구교통공사,1호선,대구한의대병원,2,국가철도공단,,,,35.8716771563369,128.750970436245,카카오,대구한의대병원역 대구1호선
대구교통공사,1호선,대명,2,국가철도공단,,,,35.8393253088268,128.565944864274,카카오,대명역 대구1호선
대구교통공사,1호선,동구청(큰고개),2,국가철도공단,,,,35.8840411124294,128.631936380127,카카오,동구청역 대구1호선
대구교통공사,1호선,동대구역,2,국가철도공단,,,,35.8792215783803,128.629035000544,카카오,동대구역 대경선
대구교통공사,1호선,동촌,2,국가철도공단,,,,35.8860685418711,128.650275999718,카카오,동촌역 대구1호선
대구교통공사,1호선,명덕(2.28민주운동기념회관),2,국가철도공단,,,,35.857826850760546,128.59110945231205,카카오,명덕역 대구1호선
대구교통공사,1호선,반야월,2,국가철도공단,,,,35.86596683682594,128.71360316643197,카카오,반야월역 대구1호선
대구교통공사,1호선,반월당,2,국가철도공단,,,,35.865457605444135,128.59356694578094,카카오,반월당역 대구2호선
대구교통공사,1호선,방촌,2,국가철도공단,,,,35.879640495861686,128.67017529155623,카카오,방촌역 대구1호선
대구교통공사,1호선,부호,2,국가철도공단,,,,35.9002058183569,128.803132220432,카카오,부호역 대구1호선
대구교통공사,1호선,상인,2,국가철도공단,,,,35.8189266589744,128.537763550346,카카오,상인역 대구1호선
대구교통공사,1호선,서부정류장(관문시장),2,국가철도공단,,,,35.8371825987976,128.557190858302,카카오,서부정류장역 대구1호선
대구교통공사,1호선,설화명곡,4,국가철도공단,,,,35.79871751927962,128.48936186250194,카카오,설화명곡역 대구1호선
대구교통공사,1호선,송현,2,국가철도공단,,,,35.8310389735877,128.551723656305,카카오,송현역 대구1호선
대구교통공사,1호선,신기,2,국가철도공단,,,,35.866697748321876,128.7018717008197,카카오,신기역 대구1호선
대구교통공사,1호선,신천(경북대입구),2,국가철도공단,,,,35.8746867238902,128.617860126635,카카오,신천역 대구1호선
대구교통공사,1호선,아양교,2,국가철도공단,,,,35.8872016497293,128.639921198411,카카오,아양교역 대구1호선
대구교통공사,1호선,안심(혁신도시.첨복단지),2,국가철도공단,,,,35.8712130165849,128.733769742803,카카오,안심역 대구1호선
대구교통공사,1호선,안지랑,2,국가철도공단,,,,35.8392307420216,128.573734314089,카카오,안지랑역 대구1호선
대구교통공사,1호선,영대병원,2,국가철도공단,,,,35.8441641859564,128.588073922024,카카오,영대병원역 대구1호선
대구교통공사,1호선,용계,2,국가철도공단,,,,35.8761013615665,128.682019041156,카카오,용계역 대구1호선
대구교통공사,1호선,월배,2,국가철도공단,,,,35.8138797140673,128.523079769978,카카오,진천역 대구1호선
대구교통공사,1호선,월촌,2,국가철도공단,,,,35.8237012191661,128.545472867668,카카오,월촌역 대구1호선
대구교통공사,1호선,율하,2,국가철도공단,,,,35.8698017965623,128.692713541869,카카오,율하역 대구1호선
대구교통공사,1호선,중앙로,4,국가철도공단,,,,35.87085454444516,128.59397506943253,카카오,중앙로역 대구1호선
대구교통공사,1호선,진천,2,국가철도공단,,,,35.8138797140673,128.523079769978,카카오,진천역 대구1호선
대구교통공사,1호선,칠성시장,2,국가철도공단,,,,35.8761010648655,128.605133646666,카카오,칠성시장역 대구1호선
대구교통공사,1호선,하양,2,국가철도공단,,,,35.9094350210376,128.817528503806,카카오,하양역 대구1호선
대구교통공사,1호선,해안,2,국가철도공단,,,,35.883546382084,128.659618182185,카카오,해안역 대구1호선
대구교통공사,1호선,현충로,2,국가철도공단,,,,35.8409494737259,128.581471198973,카카오,현충로역 대구1호선
대구교통공사,1호선,화원,2,국가철도공단,,,,35.8095726496598,128.512766290689,카카오,대곡역 대구1호선
대구교통공사,2호선,감삼,2,국가철도공단,,,,35.85430901539491,128.548124584983,카카오,감삼역 대구2호선
대구교통공사,2호선,강창,2,국가철도공단,,,,35.8530815302455,128.47852956757,카카오,강창역 대구2호선
대구교통공사,2호선,경대병원,2,국가철도공단,,,,35.863145404232455,128.6029028791839,카카오,경대병원역 대구2호선
대구교통공사,2호선,계명대,2,국가철도공단,,,,35.8515182536424,128.491849809882,카카오,계명대역 대구2호선
대구교통공사,2호선,고산,2,국가철도공단,,,,35.8429442127885,128.693244868779,카카오,고산역 대구2호선
대구교통공사,2호선,내당,2,국가철도공단,,,,35.8601228229147,128.564640260301,카카오,내당역 대구2호선
대구교통공사,2호선,다사,2,국가철도공단,,,,35.8648265376596,128.458390514465,카카오,다사역 대구2호선
대구교통공사,2호선,담티(산대.대륜),2,국가철도공단,,,,35.8547807171623,128.653975174296,카카오,담티역 대구2호선
대구교통공사,2호선,대구은행,2,국가철도공단,,,,35.8597628015782,128.61411950785075,카카오,대구은행역 대구2호선
대구교통공사,2호선,대실,2,국가철도공단,,,,35.8576058595846,128.465249990912,카카오,대실역 대구2호선
대구교통공사,2호선,두류,2,국가철도공단,,,,35.8572148462546,128.555687477795,카카오,두류역 대구2호선
대구교통공사,2호선,만촌,2,국가철도공단,,,,35.8588579996533,128.644747980508,카카오,만촌역 대구2호선
대구교통공사,2호선,문양,2,국가철도공단,,,,35.8641579148789,128.437002637504,카카오,문양역 대구2호선
대구교통공사,2호선,반고개,2,국가철도공단,,,,35.8622521621908,128.572719232126,카카오,반고개역 대구2호선
대구교통공사,2호선,반월당,4,국가철도공단,,,,35.865457605444135,128.59356694578094,카카오,반월당역 대구2호선
대구교통공사,2호선,범어,2,국가철도공단,,,,35.859019444441,128.626804891905,카카오,범어역 대구2호선
대구교통공사,2호선,사월,4,국가철도공단,,,,35.83703160646826,128.71530783739777,카카오,사월역 대구2호선
대구교통공사,2호선,성서산업단지,2,국가철도공단,,,,35.8517148505664,128.507000383565,카카오,성서산업단지역 대구2호선
대구교통공사,2호선,수성구청(KBS),2,국가철도공단,,,,35.8588057624788,128.635638667651,카카오,수성구청역 대구2호선
대구교통공사,2호선,수성알파시티(삼성라이온즈파크),4,국가철도공단,,,,35.8429442127885,128.693244868779,카카오,고산역 대구2호선
대구교통공사,2호선,신매,2,국가철도공단,,,,35.8408117112752,128.705125542668,카카오,신매역 대구2호선
대구교통공사,2호선,연호,2,국가철도공단,,,,35.8465875965262,128.67168212651,카카오,연호역 대구2호선
대구교통공사,2호선,영남대,2,국가철도공단,,,,35.8362116642388,128.752763532,카카오,영남대역 대구2호선
대구교통공사,2호선,용산(서부법원.검찰청입구),2,국가철도공단,,,,35.8490710634655,128.528808727588,카카오,용산역 대구2호선
대구교통공사,2호선,이곡,2,국가철도공단,,,,35.85059490342399,128.5157955477842,카카오,이곡역 대구2호선
대구교통공사,2호선,임당,2,국가철도공단,,,,35.83412938415609,128.74084813804066,카카오,임당역 대구2호선
대구교통공사,2호선,정평,4,국가철도공단,,,,35.8340447735875,128.728671269463,카카오,정평역 대구2호선
대구교통공사,2호선,죽전,2,국가철도공단,,,,37.3243773830569,127.107505020642,카카오,죽전역 수인분당선
대구교통공사,2호선,청라언덕,4,국가철도공단,,,,35.864197913328,128.582380299872,카카오,청라언덕역 대구3호선
대구교통공사,3호선,건들바위,2,국가철도공단,,,,35.8553896143222,128.599699303506,카카오,건들바위역 대구3호선
대구교통공사,3호선,공단,2,국가철도공단,,,,35.8919827045671,128.553616577774,카카오,공단역 대구3호선
대구교통공사,3호선,구암,2,국가철도공단,,,,35.9257457718174,128.550345968157,카카오,구암역 대구3호선
대구교통공사,3호선,남산,2,국가철도공단,,,,35.8566969364077,128.583462127899,카카오,남산역 대구3호선
대구교통공사,3호선,달성공원,2,국가철도공단,,,,35.8756894052121,128.582099523544,카카오,달성공원역 대구3호선
대구교통공사,3호선,대봉교,2,국가철도공단,,,,35.855001346752566,128.60637516764342,카카오,대봉교역 대구3호선
대구교통공사,3호선,동천,2,국가철도공단,,,,35.9377101876855,128.556683022262,카카오,동천역 대구3호선
대구교통공사,3호선,만평,2,국가철도공단,,,,35.88983602273649,128.56106304973693,카카오,만평역 대구3호선
대구교통공사,3호선,매천,2,국가철도공단,,,,35.9043687510623,128.545741973708,카카오,매천시장역 대구3호선
대구교통공사,3호선,매천시장,2,국가철도공단,,,,35.9043687510623,128.545741973708,카카오,매천시장역 대구3호선
대구교통공사,3호선,명덕(2.28민주운동기념회관),2,국가철도공단,,,,35.857826850760546,128.59110945231205,카카오,명덕역 대구1호선
대구교통공사,3호선,범물,2,국가철도공단,,,,35.8182678027764,128.646534534337,카카오,용지역 대구3호선
대구교통공사,3호선,북구청,2,국가철도공단,,,,35.883744587012295,128.5814259287805,카카오,북구청역 대구3호선
대구교통공사,3호선,서문시장(동산병원),2,국가철도공단,,,,35.8696678378541,128.582245500572,카카오,서문시장역 대구3호선
대구교통공사,3호선,수성구민운동장,2,국가철도공단,,,,35.8524169408054,128.625129180117,카카오,수성구민운동장역 대구3호선
대구교통공사,3호선,수성못(TBC),2,국가철도공단,,,,35.8313560544497,128.623216677973,카카오,수성못역 대구3호선
대구교통공사,3호선,수성시장,2,국가철도공단,,,,35.8543238441176,128.616038217575,카카오,수성시장역 대구3호선
대구교통공사,3호선,어린이세상,2,국가철도공단,,,,35.84517079454568,128.62446775125383,카카오,어린이세상역 대구3호선
대구교통공사,3호선,용지,2,국가철도공단,,,,35.8182678027764,128.646534534337,카카오,용지역 대구3호선
대구교통공사,3호선,원대,2,국가철도공단,,,,35.883744587012295,128.5814259287805,카카오,북구청역 대구3호선
대구교통공사,3호선,지산,2,국가철도공단,,,,35.825153218139,128.631951304556,카카오,지산역 대구3호선
대구교통공사,3호선,청라언덕,2,국가철도공단,,,,35.864197913328,128.582380299872,카카오,청라언덕역 대구3호선
대구교통공사,3호선,칠곡경대병원,2,국가철도공단,,,,35.9583910233172,128.559895264986,카카오,칠곡경대병원역 대구3호선
대구교통공사,3호선,칠곡운암,2,국가철도공단,,,,35.9314624364377,128.554539499622,카카오,칠곡운암역 대구3호선
대구교통공사,3호선,태전,2,국가철도공단,,,,35.9257457718174,128.550345968157,카카오,구암역 대구3호선
대구교통공사,3호선,팔거(국립농관원.통계청),2,국가철도공단,,,,35.9440507618416,128.558336690689,카카오,팔거역 대구3호선
대구교통공사,3호선,팔달,2,국가철도공단,,,,35.8978386982277,128.546749099511,카카오,팔달역 대구3호선
대구교통공사,3호선,팔달시장,2,국가철도공단,,,,35.8888415481729,128.567880684049,카카오,팔달시장역 대구3호선
대구교통공사,3호선,학정,2,국가철도공단,,,,35.9515586052486,128.559202329079,카카오,학정역 대구3호선
대구교통공사,3호선,황금,2,국가철도공단,,,,35.8390783843098,128.623918523675,카카오,황금역 대구3호선
부산교통공사,2호선,가야,2,국가철도공단,,,,35.1609909786399,129.039564120691,카카오,가야화물역
부산교통공사,2호선,감전(사상구청),2,국가철도공단,,,,35.1553461063375,128.99147643385,카카오,감전역 부산2호선
부산교통공사,2호선,개금,2,국가철도공단,,,,35.1532421422541,129.020568202069,카카오,개금역 부산2호선
부산교통공사,2호선,경성대.부경대(동명대학교),2,국가철도공단,,,,35.1376003833537,129.100519243797,카카오,경성대.부경대역 부산2호선
부산교통공사,2호선,광안,2,국가철도공단,,,,35.157858583447,129.113145418291,카카오,광안역 부산2호선
부산교통공사,2호선,구남,2,국가철도공단,,,,35.1966903928098,128.994852323186,카카오,구남역 부산2호선
부산교통공사,2호선,구명,2,국가철도공단,,,,35.2028092156488,128.999556181232,카카오,구명역 부산2호선
부산교통공사,2호선,국제금융센터.부산은행,2,국가철도공단,,,,35.1459205441501,129.066743786541,카카오,국제금융센터.부산은행역 부산2호선
부산교통공사,2호선,금곡,2,국가철도공단,,,,35.2672407272281,129.016807358278,카카오,금곡역 부산2호선
부산교통공사,2호선,금련산,2,국가철도공단,,,,35.14969257761234,129.11096146101232,카카오,금련산역 부산2호선
부산교통공사,2호선,남양산(범어),4,국가철도공단,,,,35.3254476866423,129.019413640564,카카오,남양산역 부산2호선
부산교통공사,2호선,남천(KBS.수영구청),2,국가철도공단,,,,35.1420150673392,129.107838322896,카카오,남천역 부산2호선
부산교통공사,2호선,냉정,2,국가철도공단,,,,35.1512560458061,129.012118730836,카카오,냉정역 부산2호선
부산교통공사,2호선,대연(고려병원),2,국가철도공단,,,,35.1351251955716,129.092118524312,카카오,대연역 부산2호선
부산교통공사,2호선,덕천(부산과기대),2,국가철도공단,,,,35.210434749918534,129.00517512816737,카카오,덕천역 부산2호선
부산교통공사,2호선,덕포,2,국가철도공단,,,,35.173322543115,128.983801941146,카카오,덕포역 부산2호선
부산교통공사,2호선,동백,2,국가철도공단,,,,35.1613367503845,129.147990152182,카카오,동백역 부산2호선
부산교통공사,2호선,동원,2,국가철도공단,,,,35.2586448319904,129.012410550189,카카오,동원역 부산2호선
부산교통공사,2호선,동의대,2,국가철도공단,,,,35.1540609901883,129.032596868027,카카오,동의대역 부산2호선
부산교통공사,2호선,모덕,2,국가철도공단,,,,35.1804122918444,128.985603131583,카카오,모덕역 부산2호선
부산교통공사,2호선,모라,2,국가철도공단,,,,35.1895447446342,128.988569733613,카카오,모라역 부산2호선
부산교통공사,2호선,못골(남구청),2,국가철도공단,,,,35.1347250910939,129.084381118075,카카오,못골역 부산2호선
부산교통공사,2호선,문현,2,국가철도공단,,,,35.1390425736004,129.067394840249,카카오,문현역 부산2호선
부산교통공사,2호선,민락,2,국가철도공단,,,,35.1670631931086,129.122097073991,카카오,민락역 부산2호선
부산교통공사,2호선,벡스코(시립미술관),2,국가철도공단,,,,35.1688335422589,129.138867985335,카카오,벡스코역 부산2호선
부산교통공사,2호선,부산대양산캠퍼스,6,국가철도공단,,,,35.3168258388166,129.013992153753,카카오,부산대양산캠퍼스역 부산2호선
부산교통공사,2호선,부암(온종합병원),2,국가철도공단,,,,35.157364020045065,129.0501711324292,카카오,부암역 부산2호선
부산교통공사,2호선,사상(서부터미널),2,국가철도공단,,,,35.1626895550862,128.984408359544,카카오,사상역 부산2호선
부산교통공사,2호선,서면,2,국가철도공단,,,,35.157939062512,129.059300883545,카카오,서면역 부산1호선
부산교통공사,2호선,센텀시티(BEXCO.신세계),2,국가철도공단,,,,35.168948888080884,129.1317651180283,카카오,센텀시티역 부산2호선
부산교통공사,2호선,수영,6,국가철도공단,,,,35.165680361287,129.114809550972,카카오,수영역 부산2호선
부산교통공사,2호선,수정(방송통신대),2,국가철도공단,,,,35.2231832264448,129.009105154949,카카오,수정역 부산2호선
부산교통공사,2호선,양산(시청.동원과학기술대학교),4,국가철도공단,,,,35.3387498687181,129.026444387383,카카오,양산역 부산2호선
부산교통공사,2호선,율리,2,국가철도공단,,,,35.24625350303768,129.01286767118953,카카오,율리역 부산2호선
부산교통공사,2호선,장산(해운대백병원),2,국가철도공단,,,,35.1699558313015,129.177022545045,카카오,장산역 부산2호선
부산교통공사,2호선,전포,2,국가철도공단,,,,35.1530881426641,129.06538457863,카카오,전포역 부산2호선
부산교통공사,2호선,주례,2,국가철도공단,,,,35.1504864668448,129.002874383901,카카오,주례역 부산2호선
부산교통공사,2호선,중동,2,국가철도공단,,,,35.1666833502971,129.16876188899343,카카오,중동역 부산2호선
부산교통공사,2호선,증산,2,국가철도공단,,,,35.3082580738269,129.010288175541,카카오,증산역 부산2호선
부산교통공사,2호선,지게골,2,국가철도공단,,,,35.1355628667805,129.074424176843,카카오,지게골역 부산2호선
부산교통공사,2호선,해운대,2,국가철도공단,,,,35.1816430868534,129.177149896917,카카오,신해운대역
부산교통공사,2호선,호포,5,국가철도공단,,,,35.2808327093335,129.017518090893,카카오,호포역 부산2호선
부산교통공사,2호선,화명,2,국가철도공단,,,,35.23451172253,129.007640378399,카카오,화명역
부산교통공사,3호선,강서구청,4,국가철도공단,,,,35.2111798817286,128.981986450565,카카오,강서구청역 부산3호선
부산교통공사,3호선,거제(법원.검찰청),2,국가철도공단,,,,35.18848999628461,129.0740928144452,카카오,거제역 부산3호선
부산교통공사,3호선,구포,2,국가철도공단,,,,35.2054809460664,128.9971139605,카카오,구포역
부산교통공사,3호선,남산정(부산폴리텍대학),2,국가철도공단,,,,35.21332375652248,129.02375291133384,카카오,남산정역 부산3호선
부산교통공사,3호선,대저,2,국가철도공단,,,,35.2133137085415,128.960972949281,카카오,대저역 부산3호선
부산교통공사,3호선,덕천(부산과기대),2,국가철도공단,,,,35.210434749918534,129.00517512816737,카카오,덕천역 부산2호선
부산교통공사,3호선,만덕,2,국가철도공단,,,,35.2130037763101,129.036274850219,카카오,만덕역 부산3호선
부산교통공사,3호선,망미(병무청),2,국가철도공단,,,,35.171497899839316,129.10831503568375,카카오,망미역 부산3호선
부산교통공사,3호선,물만골,2,국가철도공단,,,,35.1767970911539,129.0857095864,카카오,물만골역 부산3호선
부산교통공사,3호선,미남,2,국가철도공단,,,,35.2054044586102,129.067995735318,카카오,미남역 부산3호선
부산교통공사,3호선,배산,2,국가철도공단,,,,35.1734942170739,129.09558177246,카카오,배산역 부산3호선
부산교통공사,3호선,사직,2,국가철도공단,,,,35.1986215514386,129.065193277832,카카오,사직역 부산3호선
부산교통공사,3호선,수영,2,국가철도공단,,,,35.165680361287,129.114809550972,카카오,수영역 부산2호선
부산교통공사,3호선,숙등(부민병원),2,국가철도공단,,,,35.2120778435626,129.013192843436,카카오,숙등역 부산3호선
부산교통공사,3호선,연산,2,국가철도공단,,,,35.1860379097119,129.081603364757,카카오,연산역 부산1호선
부산교통공사,3호선,종합운동장,2,국가철도공단,,,,35.1915543631385,129.06742941297,카카오,종합운동장역 부산3호선
부산교통공사,3호선,체육공원,4,국가철도공단,,,,35.2124735466918,128.969425373083,카카오,체육공원역 부산3호선
부산교통공사,4호선,고촌,2,국가철도공단,,,,35.2360135557695,129.160475584356,카카오,고촌역 부산4호선
부산교통공사,4호선,금사,2,국가철도공단,,,,35.2157859199559,129.1151206096,카카오,금사역 부산4호선
부산교통공사,4호선,낙민,2,국가철도공단,,,,35.1971960342806,129.09132502632,카카오,동래역 동해선
부산교통공사,4호선,동래,2,국가철도공단,,,,35.20561606540984,129.0784743842795,카카오,동래역 부산1호선
부산교통공사,4호선,명장,2,국가철도공단,,,,35.20540841852537,129.1018738053871,카카오,명장역 부산4호선
부산교통공사,4호선,미남,2,국가철도공단,,,,35.2054044586102,129.067995735318,카카오,미남역 부산3호선
부산교통공사,4호선,반여농산물시장,2,국가철도공단,,,,35.2177499579063,129.123995882239,카카오,반여농산물시장역 부산4호선
부산교통공사,4호선,서동,2,국가철도공단,,,,35.2131681497048,129.107524541959,카카오,서동역 부산4호선
부산교통공사,4호선,석대,2,국가철도공단,,,,35.2177499579063,129.123995882239,카카오,반여농산물시장역 부산4호선
부산교통공사,4호선,수안,2,국가철도공단,,,,35.2017370185204,129.083848486855,카카오,수안역 부산4호선
부산교통공사,4호선,안평(고촌주택단지),2,국가철도공단,,,,35.2373686145171,129.17176302749,카카오,안평역 부산4호선
부산교통공사,4호선,영산대(아랫반송),2,국가철도공단,,,,35.22559607721028,129.14611605582886,카카오,영산대역 부산4호선
부산교통공사,4호선,윗반송,2,국가철도공단,,,,35.2323946024307,129.15375363540113,카카오,윗반송역 부산4호선
부산교통공사,4호선,충렬사(안락),2,국가철도공단,,,,35.20028345958105,129.09788161135464,카카오,충렬사역 부산4호선
부산교통공사,1호선,괴정,2,국가철도공단,,,,35.0999358214704,128.992487217814,카카오,괴정역 부산1호선
부산교통공사,1호선,교대,2,국가철도공단,,,,35.19578446925463,129.07999678024,카카오,교대역 부산1호선
부산교통공사,1호선,구서,2,국가철도공단,,,,35.2472824601624,129.091288325323,카카오,구서역 부산1호선
부산교통공사,1호선,남산(부산외국대학교),2,국가철도공단,,,,35.265202901569,129.092416924607,카카오,남산역 부산1호선
부산교통공사,1호선,남포,2,국가철도공단,,,,35.09790554832192,129.03473562824252,카카오,남포역 부산1호선
부산교통공사,1호선,낫개,2,국가철도공단,,,,35.065334914564,128.979663395342,카카오,낫개역 부산1호선
부산교통공사,1호선,노포(종합버스터미널),2,국가철도공단,,,,35.2838438093648,129.09502424558,카카오,노포역 부산1호선
부산교통공사,1호선,다대포항,2,국가철도공단,,,,35.0576775626584,128.971306868032,카카오,다대포항역 부산1호선
부산교통공사,1호선,다대포해수욕장,2,국가철도공단,,,,35.0481605146045,128.965782934439,카카오,다대포해수욕장역 부산1호선
부산교통공사,1호선,당리(사하구청),2,국가철도공단,,,,35.1035668582463,128.973696685691,카카오,당리역 부산1호선
부산교통공사,1호선,대티(동주대학),2,국가철도공단,,,,35.1031581926258,128.999943470572,카카오,대티역 부산1호선
부산교통공사,1호선,동대신,2,국가철도공단,,,,35.11032054771603,129.0177333285286,카카오,동대신역 부산1호선
부산교통공사,1호선,동래,2,국가철도공단,,,,35.20561606540984,129.0784743842795,카카오,동래역 부산1호선
부산교통공사,1호선,동매,2,국가철도공단,,,,35.0897562520489,128.973526035966,카카오,동매역 부산1호선
부산교통공사,1호선,두실,2,국가철도공단,,,,35.2570169811596,129.091371463912,카카오,두실역 부산1호선
부산교통공사,1호선,명륜,2,국가철도공단,,,,35.2125752875352,129.079702639717,카카오,명륜역 부산1호선
부산교통공사,1호선,범내골,2,국가철도공단,,,,35.1473134465248,129.05924810527,카카오,범내골역 부산1호선
부산교통공사,1호선,범어사,4,국가철도공단,,,,35.27306328395934,129.09264111025075,카카오,범어사역 부산1호선
부산교통공사,1호선,범일,2,국가철도공단,,,,35.14080345890983,129.0593528545117,카카오,범일역 부산1호선
부산교통공사,1호선,부산,2,국가철도공단,,,,35.11520340622514,129.04154985192403,카카오,부산역
부산교통공사,1호선,부산대,2,국가철도공단,,,,35.22964948660202,129.08942537773808,카카오,부산대역 부산1호선
부산교통공사,1호선,부산진,2,국가철도공단,,,,35.124819326380845,129.04761201930125,카카오,부산진화물역
부산교통공사,1호선,부전(부산시민공원.송상현광장),2,국가철도공단,,,,35.1646514052361,129.060119800439,카카오,부전역
부산교통공사,1호선,사하,2,국가철도공단,,,,35.0997677417715,128.983395006332,카카오,사하역 부산1호선
부산교통공사,1호선,서대신,2,국가철도공단,,,,35.11032054771603,129.0177333285286,카카오,동대신역 부산1호선
부산교통공사,1호선,서면,2,국가철도공단,,,,35.157939062512,129.059300883545,카카오,서면역 부산1호선
부산교통공사,1호선,시청(연제),2,국가철도공단,,,,35.1796794732693,129.076559083164,카카오,시청역 부산1호선
부산교통공사,1호선,신장림,2,국가철도공단,,,,35.0747429522444,128.976593289614,카카오,신장림역 부산1호선
부산교통공사,1호선,신평,2,국가철도공단,,,,35.0952286648109,128.960618556493,카카오,신평역 부산1호선
부산교통공사,1호선,양정,2,국가철도공단,,,,35.1727945202073,129.071093977334,카카오,양정역 부산1호선
부산교통공사,1호선,연산,2,국가철도공단,,,,35.1860379097119,129.081603364757,카카오,연산역 부산1호선
부산교통공사,1호선,온천장,2,국가철도공단,,,,35.2202705693472,129.086435133803,카카오,온천장역 부산1호선
부산교통공사,1호선,자갈치,2,국가철도공단,,,,35.097195508119285,129.0260699211048,카카오,자갈치역 부산1호선
부산교통공사,1호선,장림,2,국가철도공단,,,,35.081961734507,128.977350698097,카카오,장림역 부산1호선
부산교통공사,1호선,장전(부산가톨릭대학교),2,국가철도공단,,,,35.23807481304964,129.08814333961908,카카오,장전역 부산1호선
부산교통공사,1호선,좌천,2,국가철도공단,,,,35.1343820073548,129.054455383044,카카오,좌천역 부산1호선
부산교통공사,1호선,중앙,2,국가철도공단,,,,35.10372501690833,129.036363969152,카카오,중앙역 부산1호선
부산교통공사,1호선,초량,2,국가철도공단,,,,35.1205304214806,129.042661154399,카카오,초량역 부산1호선
부산교통공사,1호선,토성,2,국가철도공단,,,,35.1007852525409,129.019785649708,카카오,토성역 부산1호선
부산교통공사,1호선,하단(부산본병원),2,국가철도공단,,,,35.105770220585704,128.96810220748955,카카오,하단역 부산1호선 10번출구
부산교통공사,2호선,가야,2,국가철도공단,,,,35.1609909786399,129.039564120691,카카오,가야화물역
부산교통공사,2호선,감전(사상구청),2,국가철도공단,,,,35.1553461063375,128.99147643385,카카오,감전역 부산2호선
부산교통공사,2호선,개금,2,국가철도공단,,,,35.1532421422541,129.020568202069,카카오,개금역 부산2호선
부산교통공사,2호선,경성대.부경대(동명대학교),2,국가철도공단,,,,35.1376003833537,129.100519243797,카카오,경성대.부경대역 부산2호선
부산교통공사,2호선,광안,2,국가철도공단,,,,35.157858583447,129.113145418291,카카오,광안역 부산2호선
부산교통공사,2호선,구남,2,국가철도공단,,,,35.1966903928098,128.994852323186,카카오,구남역 부산2호선
부산교통공사,2호선,구명,2,국가철도공단,,,,35.2028092156488,128.999556181232,카카오,구명역 부산2호선
부산교통공사,2호선,국제금융센터.부산은행,2,국가철도공단,,,,35.1459205441501,129.066743786541,카카오,국제금융센터.부산은행역 부산2호선
부산교통공사,2호선,금곡,2,국가철도공단,,,,35.2672407272281,129.016807358278,카카오,금곡역 부산2호선
부산교통공사,2호선,금련산,2,국가철도공단,,,,35.14969257761234,129.11096146101232,카카오,금련산역 부산2호선
부산교통공사,2호선,남양산(범어),4,국가철도공단,,,,35.3254476866423,129.019413640564,카카오,남양산역 부산2호선
부산교통공사,2호선,남천(KBS.수영구청),2,국가철도공단,,,,35.1420150673392,129.107838322896,카카오,남천역 부산2호선
부산교통공사,2호선,냉정,2,국가철도공단,,,,35.1512560458061,129.012118730836,카카오,냉정역 부산2호선
부산교통공사,2호선,대연(고려병원),2,국가철도공단,,,,35.1351251955716,129.092118524312,카카오,대연역 부산2호선
부산교통공사,2호선,덕천(부산과기대),2,국가철도공단,,,,35.210434749918534,129.00517512816737,카카오,덕천역 부산2호선
부산교통공사,2호선,덕포,2,국가철도공단,,,,35.173322543115,128.983801941146,카카오,덕포역 부산2호선
부산교통공사,2호선,동백,2,국가철도공단,,,,35.1613367503845,129.147990152182,카카오,동백역 부산2호선
부산교통공사,2호선,동원,2,국가철도공단,,,,35.2586448319904,129.012410550189,카카오,동원역 부산2호선
부산교통공사,2호선,동의대,2,국가철도공단,,,,35.1540609901883,129.032596868027,카카오,동의대역 부산2호선
부산교통공사,2호선,모덕,2,국가철도공단,,,,35.1804122918444,128.985603131583,카카오,모덕역 부산2호선
부산교통공사,2호선,모라,2,국가철도공단,,,,35.1895447446342,128.988569733613,카카오,모라역 부산2호선
부산교통공사,2호선,못골(남구청),2,국가철도공단,,,,35.1347250910939,129.084381118075,카카오,못골역 부산2호선
부산교통공사,2호선,문현,2,국가철도공단,,,,35.1390425736004,129.067394840249,카카오,문현역 부산2호선
부산교통공사,2호선,민락,2,국가철도공단,,,,35.1670631931086,129.122097073991,카카오,민락역 부산2호선
부산교통공사,2호선,벡스코(시립미술관),2,국가철도공단,,,,35.1688335422589,129.138867985335,카카오,벡스코역 부산2호선
부산교통공사,2호선,부산대양산캠퍼스,6,국가철도공단,,,,35.3168258388166,129.013992153753,카카오,부산대양산캠퍼스역 부산2호선
부산교통공사,2호선,부암(온종합병원),2,국가철도공단,,,,35.157364020045065,129.0501711324292,카카오,부암역 부산2호선
부산교통공사,2호선,사상(서부터미널),2,국가철도공단,,,,35.1626895550862,128.984408359544,카카오,사상역 부산2호선
부산교통공사,2호선,서면,2,국가철도공단,,,,35.157939062512,129.059300883545,카카오,서면역 부산1호선
부산교통공사,2호선,센텀시티(BEXCO.신세계),2,국가철도공단,,,,35.168948888080884,129.1317651180283,카카오,센텀시티역 부산2호선
부산교통공사,2호선,수영,6,국가철도공단,,,,35.165680361287,129.114809550972,카카오,수영역 부산2호선
부산교통공사,2호선,수정(방송통신대),2,국가철도공단,,,,35.2231832264448,129.009105154949,카카오,수정역 부산2호선
부산교통공사,2호선,양산(시청.동원과학기술대학교),4,국가철도공단,,,,35.3387498687181,129.026444387383,카카오,양산역 부산2호선
부산교통공사,2호선,율리,2,국가철도공단,,,,35.24625350303768,129.01286767118953,카카오,율리역 부산2호선
부산교통공사,2호선,장산(해운대백병원),2,국가철도공단,,,,35.1699558313015,129.177022545045,카카오,장산역 부산2호선
부산교통공사,2호선,전포,2,국가철도공단,,,,35.1530881426641,129.06538457863,카카오,전포역 부산2호선
부산교통공사,2호선,주례,2,국가철도공단,,,,35.1504864668448,129.002874383901,카카오,주례역 부산2호선
부산교통공사,2호선,중동,2,국가철도공단,,,,35.1666833502971,129.16876188899343,카카오,중동역 부산2호선
부산교통공사,2호선,증산,2,국가철도공단,,,,35.3082580738269,129.010288175541,카카오,증산역 부산2호선
부산교통공사,2호선,지게골,2,국가철도공단,,,,35.1355628667805,129.074424176843,카카오,지게골역 부산2호선
부산교통공사,2호선,해운대,2,국가철도공단,,,,35.1816430868534,129.177149896917,카카오,신해운대역
부산교통공사,2호선,호포,5,국가철도공단,,,,35.2808327093335,129.017518090893,카카오,호포역 부산2호선
부산교통공사,2호선,화명,2,국가철도공단,,,,35.23451172253,129.007640378399,카카오,화명역
부산교통공사,3호선,강서구청,4,국가철도공단,,,,35.2111798817286,128.981986450565,카카오,강서구청역 부산3호선
부산교통공사,3호선,거제(법원.검찰청),2,국가철도공단,,,,35.18848999628461,129.0740928144452,카카오,거제역 부산3호선
부산교통공사,3호선,구포,2,국가철도공단,,,,35.2054809460664,128.9971139605,카카오,구포역
부산교통공사,3호선,남산정(부산폴리텍대학),2,국가철도공단,,,,35.21332375652248,129.02375291133384,카카오,남산정역 부산3호선
부산교통공사,3호선,대저,2,국가철도공단,,,,35.2133137085415,128.960972949281,카카오,대저역 부산3호선
부산교통공사,3호선,덕천(부산과기대),2,국가철도공단,,,,35.210434749918534,129.00517512816737,카카오,덕천역 부산2호선
부산교통공사,3호선,만덕,2,국가철도공단,,,,35.2130037763101,129.036274850219,카카오,만덕역 부산3호선
부산교통공사,3호선,망미(병무청),2,국가철도공단,,,,35.171497899839316,129.10831503568375,카카오,망미역 부산3호선
부산교통공사,3호선,물만골,2,국가철도공단,,,,35.1767970911539,129.0857095864,카카오,물만골역 부산3호선
부산교통공사,3호선,미남,2,국가철도공단,,,,35.2054044586102,129.067995735318,카카오,미남역 부산3호선
부산교통공사,3호선,배산,2,국가철도공단,,,,35.1734942170739,129.09558177246,카카오,배산역 부산3호선
부산교통공사,3호선,사직,2,국가철도공단,,,,35.1986215514386,129.065193277832,카카오,사직역 부산3호선
부산교통공사,3호선,수영,2,국가철도공단,,,,35.165680361287,129.114809550972,카카오,수영역 부산2호선
부산교통공사,3호선,숙등(부민병원),2,국가철도공단,,,,35.2120778435626,129.013192843436,카카오,숙등역 부산3호선
부산교통공사,3호선,연산,2,국가철도공단,,,,35.1860379097119,129.081603364757,카카오,연산역 부산1호선
부산교통공사,3호선,종합운동장,2,국가철도공단,,,,35.1915543631385,129.06742941297,카카오,종합운동장역 부산3호선
부산교통공사,3호선,체육공원,4,국가철도공단,,,,35.2124735466918,128.969425373083,카카오,체육공원역 부산3호선
부산교통공사,4호선,고촌,2,국가철도공단,,,,35.2360135557695,129.160475584356,카카오,고촌역 부산4호선
부산교통공사,4호선,금사,2,국가철도공단,,,,35.2157859199559,129.1151206096,카카오,금사역 부산4호선
부산교통공사,4호선,낙민,2,국가철도공단,,,,35.1971960342806,129.09132502632,카카오,동래역 동해선
부산교통공사,4호선,동래,2,국가철도공단,,,,35.20561606540984,129.0784743842795,카카오,동래역 부산1호선
부산교통공사,4호선,명장,2,국가철도공단,,,,35.20540841852537,129.1018738053871,카카오,명장역 부산4호선
부산교통공사,4호선,미남,2,국가철도공단,,,,35.2054044586102,129.067995735318,카카오,미남역 부산3호선
부산교통공사,4호선,반여농산물시장,2,국가철도공단,,,,35.2177499579063,129.123995882239,카카오,반여농산물시장역 부산4호선
부산교통공사,4호선,서동,2,국가철도공단,,,,35.2131681497048,129.107524541959,카카오,서동역 부산4호선
부산교통공사,4호선,석대,2,국가철도공단,,,,35.2177499579063,129.123995882239,카카오,반여농산물시장역 부산4호선
부산교통공사,4호선,수안,2,국가철도공단,,,,35.2017370185204,129.083848486855,카카오,수안역 부산4호선
부산교통공사,4호선,안평(고촌주택단지),2,국가철도공단,,,,35.2373686145171,129.17176302749,카카오,안평역 부산4호선
부산교통공사,4호선,영산대(아랫반송),2,국가철도공단,,,,35.22559607721028,129.14611605582886,카카오,영산대역 부산4호선
부산교통공사,4호선,윗반송,2,국가철도공단,,,,35.2323946024307,129.15375363540113,카카오,윗반송역 부산4호선
부산교통공사,4호선,충렬사(안락),2,국가철도공단,,,,35.20028345958105,129.09788161135464,카카오,충렬사역 부산4호선
부산김해경전철주식회사,부산김해경전철,가야대(삼계),2,국가철도공단,,,,35.2668151307555,128.864973471686,카카오,가야대역 부산김해경전철
부산김해경전철주식회사,부산김해경전철,공항,2,국가철도공단,,,,35.1719085341638,128.948563729722,카카오,공항역 부산김해경전철
부산김해경전철주식회사,부산김해경전철,괘법르네시떼(강변공원),2,국가철도공단,,,,35.1632721941138,128.977658179095,카카오,괘법르네시떼역 부산김해경전철
부산김해경전철주식회사,부산김해경전철,김해대학(안동),2,국가철도공단,,,,35.22899663473,128.915582461774,카카오,김해대학역 부산김해경전철
부산김해경전철주식회사,부산김해경전철,김해시청,2,국가철도공단,,,,35.2271218680623,128.890387960522,카카오,김해시청역 부산김해경전철
부산김해경전철주식회사,부산김해경전철,대사,2,국가철도공단,,,,35.2176967415322,128.938390945621,카카오,대사역 부산김해경전철
부산김해경전철주식회사,부산김해경전철,대저,2,국가철도공단,,,,35.2133137085415,128.960972949281,카카오,대저역 부산3호선
부산김해경전철주식회사,부산김해경전철,덕두,2,국가철도공단,,,,35.181994167427,128.95417861657,카카오,덕두역 부산김해경전철
부산김해경전철주식회사,부산김해경전철,등구,2,국가철도공단,,,,35.196153352934,128.963542041197,카카오,등구역 부산김해경전철
부산김해경전철주식회사,부산김해경전철,박물관,2,국가철도공단,,,,35.2400585220082,128.871887125462,카카오,박물관역 부산김해경전철
부산김해경전철주식회사,부산김해경전철,봉황(김해여객터미널),2,국가철도공단,,,,35.2272823463239,128.8742777452,카카오,봉황역 부산김해경전철
부산김해경전철주식회사,부산김해경전철,부원,2,국가철도공단,,,,35.2264942365647,128.883941949222,카카오,부원역 부산김해경전철
부산김해경전철주식회사,부산김해경전철,불암,2,국가철도공단,,,,35.222144212820545,128.92783103353437,카카오,불암역 부산김해경전철
부산김해경전철주식회사,부산김해경전철,사상(서부터미널),2,국가철도공단,,,,35.1625682832279,128.988724714287,카카오,사상역
부산김해경전철주식회사,부산김해경전철,서부산유통지구(금호마을),2,국가철도공단,,,,35.1663703106116,128.954910864535,카카오,서부산유통지구역 부산김해경전철
부산김해경전철주식회사,부산김해경전철,수로왕릉(김해보건소),2,국가철도공단,,,,35.2328195086945,128.872164496608,카카오,수로왕릉역 부산김해경전철
부산김해경전철주식회사,부산김해경전철,연지공원,2,국가철도공단,,,,35.2496404839021,128.869286266039,카카오,연지공원역 부산김해경전철
부산김해경전철주식회사,부산김해경전철,인제대(활천),2,국가철도공단,,,,35.228130760436,128.901688578174,카카오,인제대역 부산김해경전철
부산김해경전철주식회사,부산김해경전철,장신대(화정),2,국가철도공단,,,,35.2595208230408,128.86720149363,카카오,장신대역 부산김해경전철
부산김해경전철주식회사,부산김해경전철,지내,2,국가철도공단,,,,35.2274754567937,128.923761776687,카카오,지내역 부산김해경전철
부산김해경전철주식회사,부산김해경전철,평강,2,국가철도공단,,,,35.2140387478609,128.950681581985,카카오,평강역 부산김해경전철
코레일,수인분당,가천대,2,국가철도공단,,,,37.44856169280611,127.1266967573021,카카오,가천대역 수인분당선
코레일,수인분당,강남구청,2,국가철도공단,,,,37.51721617197854,127.0413109462156,카카오,강남구청역 7호선
코레일,수인분당,개포동,2,국가철도공단,,,,37.4891394691891,127.066120707828,카카오,개포동역 수인분당선
코레일,수인분당,고색,2,국가철도공단,,,,37.2497717717764,126.980572516343,카카오,고색역 수인분당선
코레일,수인분당,구룡,2,국가철도공단,,,,37.4870274262116,127.059492941655,카카오,구룡역 수인분당선
코레일,수인분당,구성,2,국가철도공단,,,,37.298978850791976,127.10569583571818,카카오,구성역 수인분당선
코레일,수인분당,기흥(백남준아트센터),2,국가철도공단,,,,37.2754972009506,127.115955078051,카카오,기흥역 수인분당선
코레일,수인분당,남동인더스파크,2,국가철도공단,,,,37.4077423820652,126.695227491501,카카오,남동인더스파크역 수인분당선
코레일,수인분당,달월,2,국가철도공단,,,,37.3800267658985,126.74540347645,카카오,달월역 수인분당선
코레일,수인분당,대모산입구,2,국가철도공단,,,,37.4915500752654,127.073070274916,카카오,대모산입구역 수인분당선
코레일,수인분당,도곡,2,국가철도공단,,,,37.49097398162934,127.05549883514037,카카오,도곡역 3호선
코레일,수인분당,망포,2,국가철도공단,,,,37.245654330704845,127.0573246372016,카카오,망포역 수인분당선
코레일,수인분당,매교,2,국가철도공단,,,,37.26548288735742,127.01589041884137,카카오,매교역 수인분당선
코레일,수인분당,매탄권선,2,국가철도공단,,,,37.2525055074191,127.040808657326,카카오,매탄권선역 수인분당선
코레일,수인분당,모란,4,국가철도공단,,,,37.4340382896277,127.129970457799,카카오,모란역 8호선
코레일,수인분당,미금(분당서울대병원),2,국가철도공단,,,,37.35007159880101,127.10900662549734,카카오,미금역 수인분당선
코레일,수인분당,보정,2,국가철도공단,,,,37.3127749181936,127.108336816968,카카오,보정역 수인분당선
코레일,수인분당,사리,2,국가철도공단,,,,37.290641235808586,126.85710444456184,카카오,사리역 수인분당선
코레일,수인분당,상갈(루터대학교),2,국가철도공단,,,,37.261811831367,127.108737254546,카카오,상갈역 수인분당선
코레일,수인분당,서울숲,2,국가철도공단,,,,37.543645796605,127.044746216358,카카오,서울숲역 수인분당선
코레일,수인분당,서현,2,국가철도공단,,,,37.3850154269126,127.123431479636,카카오,서현역 수인분당선
코레일,수인분당,선릉,2,국가철도공단,,,,37.505167825521674,127.04870992465413,카카오,선릉역 수인분당선
코레일,수인분당,선정릉(한국과학창의재단),2,국가철도공단,,,,37.5109326388803,127.043627289129,카카오,선정릉역 수인분당선
코레일,수인분당,소래포구,2,국가철도공단,,,,37.4009402347666,126.733492081979,카카오,소래포구역 수인분당선
코레일,수인분당,송도,2,국가철도공단,,,,37.4299616326114,126.654675713707,카카오,송도역 수인분당선
코레일,수인분당,수내(한국잡월드),2,국가철도공단,,,,37.37885579622079,127.11471396543492,카카오,수내역 수인분당선 4번출구
코레일,수인분당,수서,2,국가철도공단,,,,37.48549612670822,127.10437056849396,카카오,수서역
코레일,수인분당,수원,6,국가철도공단,,,,37.2657903079673,127.000094700292,카카오,수원역
코레일,수인분당,수원시청(경기도문화의전당),2,국가철도공단,,,,37.2619226180172,127.030857188083,카카오,수원시청역 수인분당선
코레일,수인분당,숭의(인하대병원),2,국가철도공단,,,,37.460799611154286,126.63841022084426,카카오,숭의역 수인분당선
코레일,수인분당,신갈,2,국가철도공단,,,,37.2861483619847,127.111284750107,카카오,신갈역 수인분당선
코레일,수인분당,신포,2,국가철도공단,,,,37.46845273050242,126.6245325645261,카카오,신포역 수인분당선
코레일,수인분당,안산,2,국가철도공단,,,,37.32685867641246,126.7892163493839,카카오,안산역 4호선
코레일,수인분당,압구정로데오,2,국가철도공단,,,,37.5275184818021,127.0406027693898,카카오,압구정로데오역 수인분당선
코레일,수인분당,야목,2,국가철도공단,,,,37.26142357651916,126.88377452514744,카카오,야목역 수인분당선
코레일,수인분당,야탑,2,국가철도공단,,,,37.4113736407028,127.128742990837,카카오,야탑역 수인분당선
코레일,수인분당,어천,2,국가철도공단,,,,37.250087850398565,126.90880114149965,카카오,어천역 수인분당선
코레일,수인분당,연수,4,국가철도공단,,,,37.41792798381812,126.67874745918827,카카오,연수역 수인분당선
코레일,수인분당,영통(경희대),2,국가철도공단,,,,37.25115893863918,127.07194702561456,카카오,영통역 수인분당선 2번출구
코레일,수인분당,오리,2,국가철도공단,,,,37.3398305519823,127.108948940053,카카오,오리역 수인분당선
코레일,수인분당,오목천,2,국가철도공단,,,,37.2433596329495,126.963902835862,카카오,오목천역 수인분당선
코레일,수인분당,원인재,2,국가철도공단,,,,37.4123688782408,126.687889114089,카카오,원인재역 인천1호선
코레일,수인분당,월곶,2,국가철도공단,,,,37.3918207044367,126.742707561155,카카오,월곶역 수인분당선
코레일,수인분당,이매(성남아트센터),2,국가철도공단,,,,37.3947135146921,127.127318661399,카카오,이매역 경강선
코레일,수인분당,인천,2,국가철도공단,,,,37.476166712082836,126.61682219568799,카카오,인천역 1호선
코레일,수인분당,인천논현,2,국가철도공단,,,,37.4006589466073,126.722452080127,카카오,인천논현역 수인분당선
코레일,수인분당,인하대,2,국가철도공단,,,,37.4483386165197,126.649763418519,카카오,인하대역 수인분당선
코레일,수인분당,정왕,2,국가철도공단,,,,37.351701334544885,126.74335018635819,카카오,정왕역 4호선
코레일,수인분당,정자,2,국가철도공단,,,,37.3661737923199,127.108097457244,카카오,정자역 수인분당선
코레일,수인분당,죽전(단국대),2,국가철도공단,,,,37.3243773830569,127.107505020642,카카오,죽전역 수인분당선
코레일,수인분당,중앙,2,국가철도공단,,,,37.31599451967913,126.83883035405907,카카오,중앙역 4호선
코레일,수인분당,청명,2,국가철도공단,,,,37.2595395723925,127.078969000537,카카오,청명역 수인분당선
코레일,수인분당,태평,2,국가철도공단,,,,37.43978918729356,127.12774980543841,카카오,태평역 수인분당선
코레일,수인분당,한티,2,국가철도공단,,,,37.4962857047653,127.052909749417,카카오,한티역 수인분당선
코레일,수인분당,호구포,2,국가철도공단,,,,37.4016421735726,126.708683171095,카카오,호구포역 수인분당선
서울교통공사,1호선,동대문,2,국가철도공단,,,,37.57166940579655,127.0106338108367,카카오,동대문역 1호선
서울교통공사,1호선,동묘앞,8,국가철도공단,,,,37.5732166600283,127.016364227103,카카오,동묘앞역 1호선
서울교통공사,1호선,서울역,2,국가철도공단,,,,37.55332892758497,126.96974961781686,카카오,서울역 공항철도
서울교통공사,1호선,시청,2,국가철도공단,,,,37.56368183746611,126.97559827045151,카카오,시청역 2호선
서울교통공사,1호선,신설동,2,국가철도공단,,,,37.5760299683175,127.024456700382,카카오,신설동역 1호선
서울교통공사,1호선,제기동,2,국가철도공단,,,,37.57817349658033,127.03494949507864,카카오,제기동역 1호선
서울교통공사,1호선,종각,4,국가철도공단,,,,37.570227990912244,126.98315081716676,카카오,종각역 1호선
서울교통공사,1호선,종로3가,4,국가철도공단,,,,37.570420844523,126.992153252476,카카오,종로3가역 1호선
서울교통공사,1호선,종로5가,2,국가철도공단,,,,37.57097610838373,127.00153834521934,카카오,종로5가역 1호선
서울교통공사,1호선,청량리(서울시립대입구),2,국가철도공단,,,,37.580037056302906,127.04472723023305,카카오,청량리역 1호선
코레일,1호선,가능,2,국가철도공단,,,,37.7483963196456,127.044288264841,카카오,가능역 1호선
코레일,1호선,가산디지털단지,2,국가철도공단,,,,37.4803959660982,126.882661758356,카카오,가산디지털단지역 7호선
코레일,1호선,간석,2,국가철도공단,,,,37.46470628162983,126.69351903231802,카카오,간석역 1호선
코레일,1호선,개봉,2,국가철도공단,,,,37.4946417150651,126.858715959622,카카오,개봉역 1호선
코레일,1호선,관악,4,국가철도공단,,,,37.41956795517324,126.90849999541258,카카오,관악역 1호선
코레일,1호선,광명,16,국가철도공단,,,,37.416196233927124,126.88468123606266,카카오,광명역
코레일,1호선,광운대,2,국가철도공단,,,,37.6238373628149,127.061695160651,카카오,광운대역 1호선
코레일,1호선,구일,4,국가철도공단,,,,37.496254517687,126.86969110539,카카오,구일역 1호선
코레일,1호선,군포,2,국가철도공단,,,,37.35419227847359,126.948517502286,카카오,군포역 1호선
코레일,1호선,금천구청,2,국가철도공단,,,,37.4561943743749,126.893608614581,카카오,금천구청역 1호선
코레일,1호선,남영,2,국가철도공단,,,,37.540566672483216,126.97133096608212,카카오,남영역 1호선
코레일,1호선,노량진,2,국가철도공단,,,,37.5135856714992,126.940893179777,카카오,노량진역 9호선
코레일,1호선,녹양,2,국가철도공단,,,,37.759385253302,127.042279351606,카카오,녹양역 1호선
코레일,1호선,녹천,4,국가철도공단,,,,37.644633445567656,127.05138201885734,카카오,녹천역 1호선
코레일,1호선,당정,2,국가철도공단,,,,37.343689819399884,126.94837119045768,카카오,당정역 1호선
코레일,1호선,대방,2,국가철도공단,,,,37.51335413975466,126.92649449142719,카카오,대방역 1호선
코레일,1호선,덕계,2,국가철도공단,,,,37.8187525814885,127.056691678415,카카오,덕계역 1호선
코레일,1호선,덕정,2,국가철도공단,,,,37.8431876500694,127.06155932141,카카오,덕정역 1호선
코레일,1호선,도봉,4,국가철도공단,,,,37.6792119046658,127.045534886672,카카오,도봉역 1호선
코레일,1호선,도봉산,2,국가철도공단,,,,37.68951167833238,127.04606271663916,카카오,도봉산역 1호선
코레일,1호선,도원,2,국가철도공단,,,,37.46877255664296,126.64253515710824,카카오,도원역 1호선
코레일,1호선,도화,2,국가철도공단,,,,37.4661175111199,126.668575935273,카카오,도화역 1호선
코레일,1호선,독산,2,국가철도공단,,,,37.46597376787178,126.88947790336374,카카오,독산역 1호선
코레일,1호선,동두천,2,국가철도공단,,,,37.9276132662293,127.05492800053,카카오,동두천역 1호선
코레일,1호선,동두천중앙,2,국가철도공단,,,,37.9017807357936,127.05642330094,카카오,동두천중앙역 1호선
코레일,1호선,동암,2,국가철도공단,,,,37.4706957867304,126.702889753462,카카오,동암역 1호선
코레일,1호선,동인천,4,국가철도공단,,,,37.475402366741136,126.63261605851727,카카오,동인천역 1호선
코레일,1호선,두정,4,국가철도공단,,,,36.833981274461074,127.14894257701431,카카오,두정역 1호선
코레일,1호선,망월사,6,국가철도공단,,,,37.7102191609902,127.047418285506,카카오,망월사역 1호선
코레일,1호선,명학,4,국가철도공단,,,,37.3844604191546,126.935592791667,카카오,명학역 1호선
코레일,1호선,방학,4,국가철도공단,,,,37.6674383662755,127.044321721307,카카오,방학역 1호선
코레일,1호선,배방,2,국가철도공단,,,,36.7776965014173,127.052788090648,카카오,배방역 1호선
코레일,1호선,백운,2,국가철도공단,,,,37.483342495597,126.707294407871,카카오,백운역 1호선
코레일,1호선,병점,2,국가철도공단,,,,37.206754501269934,127.03320150038793,카카오,병점역 1호선
코레일,1호선,보산,2,국가철도공단,,,,37.914144018035586,127.0571810247491,카카오,보산역 1호선
코레일,1호선,봉명,2,국가철도공단,,,,36.8014198330363,127.1360381121,카카오,봉명역 1호선
코레일,1호선,부개,2,국가철도공단,,,,37.488477043182,126.740730089704,카카오,부개역 1호선
코레일,1호선,부천,2,국가철도공단,,,,37.483989787369545,126.78308287157131,카카오,부천역 1호선
코레일,1호선,부평,6,국가철도공단,,,,37.4894490429055,126.724331088618,카카오,부평역 1호선
코레일,1호선,서동탄,2,국가철도공단,,,,37.1957351505295,127.051856779194,카카오,서동탄역 1호선
코레일,1호선,서정리,2,국가철도공단,,,,37.0570430531415,127.052927007911,카카오,서정리역
코레일,1호선,석계,2,국가철도공단,,,,37.61500552731744,127.06568946412851,카카오,석계역 1호선
코레일,1호선,석수,4,국가철도공단,,,,37.43509293822681,126.90232078368835,카카오,석수역 1호선
코레일,1호선,성균관대,4,국가철도공단,,,,37.3003290017027,126.971022000022,카카오,성균관대역 1호선
코레일,1호선,성환,2,국가철도공단,,,,36.9161367869934,127.126886792061,카카오,성환역
코레일,1호선,세류,2,국가철도공단,,,,37.243872520123844,127.01379969649852,카카오,세류역 1호선
코레일,1호선,세마,4,국가철도공단,,,,37.1871352848477,127.043426817312,카카오,세마역 1호선
코레일,1호선,소사,2,국가철도공단,,,,37.48280123201647,126.79564653125107,카카오,소사역 1호선
코레일,1호선,소요산,2,국가철도공단,,,,37.9488975919392,127.061128608638,카카오,소요산역 1호선
코레일,1호선,송내,4,국가철도공단,,,,37.48764140324914,126.75315944764172,카카오,송내역 1호선
코레일,1호선,송탄,2,국가철도공단,,,,37.0757126572027,127.05428046136659,카카오,송탄역 1호선
코레일,1호선,수원,4,국가철도공단,,,,37.2657903079673,127.000094700292,카카오,수원역
코레일,1호선,신길,2,국가철도공단,,,,37.51678703217714,126.91836721069228,카카오,신길역 1호선
코레일,1호선,신도림,2,국가철도공단,,,,37.508908482648,126.891312500851,카카오,신도림역 1호선
코레일,1호선,신이문,2,국가철도공단,,,,37.6017816437084,127.067398003775,카카오,신이문역 1호선
코레일,1호선,신창(순천향대),2,국가철도공단,,,,36.7696422998843,126.951393082675,카카오,신창역 1호선
코레일,1호선,쌍용(나사렛대),2,국가철도공단,,,,36.7937257780754,127.121378271233,카카오,쌍용역 1호선
코레일,1호선,아산,2,국가철도공단,,,,36.79434469820448,127.10444383891124,카카오,천안아산역
코레일,1호선,안양,2,국가철도공단,,,,37.4018568034268,126.922643794145,카카오,안양역
코레일,1호선,양주,2,국가철도공단,,,,37.7741421622165,127.044721319691,카카오,양주역 1호선
코레일,1호선,역곡,2,국가철도공단,,,,37.48531525961914,126.81205931841492,카카오,역곡역 1호선
코레일,1호선,연천,2,국가철도공단,,,,38.1006071628556,127.073673786091,카카오,연천역 1호선
코레일,1호선,영등포,10,국가철도공단,,,,37.515682796141235,126.9078782908411,카카오,영등포역
코레일,1호선,오류동,2,국가철도공단,,,,37.49439720933549,126.84480744815397,카카오,오류동역 1호선
코레일,1호선,오산,2,국가철도공단,,,,37.1455280131333,127.066815431787,카카오,오산역
코레일,1호선,오산대,2,국가철도공단,,,,37.1693504386917,127.063075726398,카카오,오산대역 1호선
코레일,1호선,온수,2,국가철도공단,,,,37.4919675365056,126.823847928009,카카오,온수역 7호선
코레일,1호선,온양온천,2,국가철도공단,,,,36.780505234556,127.003185952248,카카오,온양온천역
코레일,1호선,외대앞,2,국가철도공단,,,,37.596274142656114,127.06369251145765,카카오,외대앞역 1호선
코레일,1호선,용산,8,국가철도공단,,,,37.5300763645794,126.964824061815,카카오,용산역
코레일,1호선,월계,4,국가철도공단,,,,37.6332775453974,127.058857087601,카카오,월계역 1호선
코레일,1호선,의왕,2,국가철도공단,,,,37.3203421132836,126.9479765012,카카오,의왕역 1호선
코레일,1호선,의정부,4,국가철도공단,,,,37.7378795089645,127.046119896907,카카오,의정부역
코레일,1호선,인천,2,국가철도공단,,,,37.476166712082836,126.61682219568799,카카오,인천역 1호선
코레일,1호선,전곡,2,국가철도공단,,,,38.0245988904079,127.071368762676,카카오,전곡역 (폐역)
코레일,1호선,제물포,2,국가철도공단,,,,37.466819329634994,126.65749387411809,카카오,제물포역 1호선
코레일,1호선,주안,4,국가철도공단,,,,37.46505238644672,126.67996793218974,카카오,주안역 1호선
코레일,1호선,중동,2,국가철도공단,,,,37.486681622773176,126.76453398304898,카카오,중동역 1호선
코레일,1호선,지행,4,국가철도공단,,,,37.892342734325595,127.05579309162063,카카오,지행역 1호선
코레일,1호선,직산,2,국가철도공단,,,,36.8709328418739,127.143823728817,카카오,직산역 1호선
코레일,1호선,진위,2,국가철도공단,,,,37.1100790285838,127.062355993621,카카오,진위역 1호선
코레일,1호선,천안,4,국가철도공단,,,,36.80907913057255,127.14677293470254,카카오,천안역
코레일,1호선,청산,2,국가철도공단,,,,37.9950890028797,127.074273958107,카카오,청산역 1호선
코레일,1호선,탕정,2,국가철도공단,,,,36.7882087107804,127.08439248328,카카오,탕정역 1호선
코레일,1호선,평택,2,국가철도공단,,,,36.99064515021194,127.08557042067781,카카오,평택역
코레일,1호선,평택지제,2,국가철도공단,,,,37.0187818090483,127.069832738374,카카오,평택지제역
코레일,1호선,화서,2,국가철도공단,,,,37.2840016829776,126.9896120326472,카카오,화서역 1호선
코레일,1호선,회기,2,국가철도공단,,,,37.5897962196601,127.058048369273,카카오,회기역 1호선
코레일,1호선,회룡,2,국가철도공단,,,,37.7238058806629,127.047295368138,카카오,회룡역 1호선
서울교통공사,2호선,강남,2,국가철도공단,,,,37.49808633653005,127.02800140627488,카카오,강남역 2호선
서울교통공사,2호선,강변(동서울터미널),2,국가철도공단,,,,37.5351180385975,127.094741101863,카카오,강변역 2호선
서울교통공사,2호선,건대입구,2,국가철도공단,,,,37.54040751726388,127.06920291650829,카카오,건대입구역 2호선
서울교통공사,2호선,교대(법원.검찰청),2,국가철도공단,,,,37.4927431676548,127.013867969161,카카오,교대역 3호선
서울교통공사,2호선,구로디지털단지,2,국가철도공단,,,,37.4852605752505,126.901473080039,카카오,구로디지털단지역 2호선
서울교통공사,2호선,구의(광진구청),2,국가철도공단,,,,37.5371752725594,127.086180837795,카카오,구의역 2호선
서울교통공사,2호선,낙성대,2,국가철도공단,,,,37.4770932409965,126.963523905001,카카오,낙성대역 2호선
서울교통공사,2호선,당산,2,국가철도공단,,,,37.5347843171332,126.902611795523,카카오,당산역 2호선
서울교통공사,2호선,대림(구로구청),2,국가철도공단,,,,37.4928430008915,126.896722858042,카카오,대림역 7호선
서울교통공사,2호선,도림천,2,국가철도공단,,,,37.5145080414761,126.882649092584,카카오,도림천역 2호선
서울교통공사,2호선,동대문역사문화공원,2,국가철도공단,,,,37.56566440553802,127.00900417014896,카카오,동대문역사문화공원역 2호선
서울교통공사,2호선,뚝섬,2,국가철도공단,,,,37.547241554679,127.04738727881,카카오,뚝섬역 2호선
서울교통공사,2호선,문래,2,국가철도공단,,,,37.5179757181801,126.894778820701,카카오,문래역 2호선
서울교통공사,2호선,방배,2,국가철도공단,,,,37.4814561268152,126.997553345516,카카오,방배역 2호선
서울교통공사,2호선,봉천,2,국가철도공단,,,,37.4824725161034,126.941686527151,카카오,봉천역 2호선
서울교통공사,2호선,사당,4,국가철도공단,,,,37.47656223234824,126.98155858357366,카카오,사당역 2호선
서울교통공사,2호선,삼성(무역센터),2,국가철도공단,,,,37.508822740225305,127.06302321147605,카카오,삼성역 2호선
서울교통공사,2호선,상왕십리,2,국가철도공단,,,,37.56443666620397,127.02927241035283,카카오,상왕십리역 2호선
서울교통공사,2호선,서울대입구(관악구청),2,국가철도공단,,,,37.4812845080678,126.952713197762,카카오,서울대입구역 2호선
서울교통공사,2호선,서초,2,국가철도공단,,,,37.4918499338918,127.007662120039,카카오,서초역 2호선
서울교통공사,2호선,선릉,2,국가철도공단,,,,37.505167825521674,127.04870992465413,카카오,선릉역 수인분당선
서울교통공사,2호선,성수,2,국가철도공단,,,,37.5445888153751,127.056066999327,카카오,성수역 2호선
서울교통공사,2호선,시청,4,국가철도공단,,,,37.56368183746611,126.97559827045151,카카오,시청역 2호선
서울교통공사,2호선,신답,2,국가철도공단,,,,37.5698386846442,127.047080117369,카카오,신답역 2호선
서울교통공사,2호선,신당,2,국가철도공단,,,,37.5656730531732,127.019477533278,카카오,신당역 2호선
서울교통공사,2호선,신대방,2,국가철도공단,,,,37.48765046104574,126.91350747615147,카카오,신대방역 2호선
서울교통공사,2호선,신도림,4,국가철도공단,,,,37.508908482648,126.891312500851,카카오,신도림역 1호선
서울교통공사,2호선,신림,2,국가철도공단,,,,37.484267135140364,126.9297453749671,카카오,신림역 2호선
서울교통공사,2호선,신설동,2,국가철도공단,,,,37.5760299683175,127.024456700382,카카오,신설동역 1호선
서울교통공사,2호선,신정네거리,2,국가철도공단,,,,37.5202231231721,126.852889567642,카카오,신정네거리역 2호선
서울교통공사,2호선,신촌,2,국가철도공단,,,,37.555198169366435,126.93698075993808,카카오,신촌역 2호선
서울교통공사,2호선,아현,2,국가철도공단,,,,37.55740617797663,126.95614644008904,카카오,아현역 2호선
서울교통공사,2호선,양천구청,2,국가철도공단,,,,37.5123888716808,126.865722369229,카카오,양천구청역 2호선
서울교통공사,2호선,역삼,2,국가철도공단,,,,37.5006744185994,127.03646946847,카카오,역삼역 2호선
서울교통공사,2호선,영등포구청,2,국가철도공단,,,,37.5258305311402,126.89667739939,카카오,영등포구청역 2호선
서울교통공사,2호선,왕십리,2,국가철도공단,,,,37.561268363317176,127.03710337610202,카카오,왕십리역 2호선
서울교통공사,2호선,용답,2,국가철도공단,,,,37.562122776762756,127.05088954367504,카카오,용답역 2호선
서울교통공사,2호선,용두(동대문구청),8,국가철도공단,,,,37.5740621283646,127.038275698211,카카오,용두역 2호선
서울교통공사,2호선,을지로3가,2,국가철도공단,,,,37.56629149790628,126.99098443539428,카카오,을지로3가역 2호선
서울교통공사,2호선,을지로4가,2,국가철도공단,,,,37.5666405038268,126.997632059113,카카오,을지로4가역 2호선
서울교통공사,2호선,을지로입구,2,국가철도공단,,,,37.566035517712955,126.9821953112953,카카오,을지로입구역 2호선
서울교통공사,2호선,이대,2,국가철도공단,,,,37.556814718869,126.94642954546576,카카오,이대역 2호선
서울교통공사,2호선,잠실(송파구청),2,국가철도공단,,,,37.51331105877401,127.10023101886318,카카오,잠실역 2호선
서울교통공사,2호선,잠실나루,2,국가철도공단,,,,37.5207124124456,127.103808749487,카카오,잠실나루역 2호선
서울교통공사,2호선,잠실새내,2,국가철도공단,,,,37.5116263587296,127.086314327913,카카오,잠실새내역 2호선
서울교통공사,2호선,종합운동장,4,국가철도공단,,,,37.5111446632705,127.073849447402,카카오,종합운동장역 2호선
서울교통공사,2호선,충정로(경기대입구),2,국가철도공단,,,,37.56042867918723,126.96303964820936,카카오,충정로역 5호선
서울교통공사,2호선,한양대,2,국가철도공단,,,,37.5557159860408,127.043639802768,카카오,한양대역 2호선
서울교통공사,2호선,합정,2,국가철도공단,,,,37.54991315995173,126.91445406513526,카카오,합정역 2호선
서울교통공사,2호선,홍대입구,2,국가철도공단,,,,37.5568707448873,126.923778562273,카카오,홍대입구역 2호선
서울교통공사,3호선,가락시장,4,국가철도공단,,,,37.4930992522183,127.118262745146,카카오,가락시장역 8호선
서울교통공사,3호선,경복궁(정부서울청사),2,국가철도공단,,,,37.5758061234865,126.973691352767,카카오,경복궁역 3호선
서울교통공사,3호선,경찰병원,4,국가철도공단,,,,37.4960049150853,127.124482397777,카카오,경찰병원역 3호선
서울교통공사,3호선,교대(법원.검찰청),2,국가철도공단,,,,37.4927431676548,127.013867969161,카카오,교대역 3호선
서울교통공사,3호선,구파발,2,국가철도공단,,,,37.6364357889145,126.918852820009,카카오,구파발역 3호선
서울교통공사,3호선,금호,2,국가철도공단,,,,37.548260922874086,127.01582916945283,카카오,금호역 3호선
서울교통공사,3호선,남부터미널(예술의전당),2,국가철도공단,,,,37.4851996335293,127.01620028391,카카오,남부터미널역 3호선
서울교통공사,3호선,녹번,2,국가철도공단,,,,37.6008067681825,126.935828008217,카카오,녹번역 3호선
서울교통공사,3호선,대청,2,국가철도공단,,,,37.49370832148055,127.07952812085006,카카오,대청역 3호선
서울교통공사,3호선,대치,2,국가철도공단,,,,37.4944966528582,127.063203409529,카카오,대치역 3호선
서울교통공사,3호선,도곡,2,국가철도공단,,,,37.49097398162934,127.05549883514037,카카오,도곡역 3호선
서울교통공사,3호선,독립문,2,국가철도공단,,,,37.57446627898665,126.95791371132584,카카오,독립문역 3호선
서울교통공사,3호선,동대입구,2,국가철도공단,,,,37.55905581925076,127.00531600900922,카카오,동대입구역 3호선
서울교통공사,3호선,매봉,2,국가철도공단,,,,37.4869394661317,127.046711448388,카카오,매봉역 3호선
서울교통공사,3호선,무악재,2,국가철도공단,,,,37.5825632263526,126.950230954136,카카오,무악재역 3호선
서울교통공사,3호선,불광,2,국가철도공단,,,,37.6100477979795,126.930315826401,카카오,불광역 3호선
서울교통공사,3호선,수서,2,국가철도공단,,,,37.48549612670822,127.10437056849396,카카오,수서역
서울교통공사,3호선,신사,2,국가철도공단,,,,37.51643597531432,127.02030856272764,카카오,신사역 3호선
서울교통공사,3호선,안국,2,국가철도공단,,,,37.57650192060523,126.98542143228659,카카오,안국역 3호선
서울교통공사,3호선,압구정,2,국가철도공단,,,,37.52649127416921,127.02850865895756,카카오,압구정역 3호선
서울교통공사,3호선,약수,2,국가철도공단,,,,37.5545053994984,127.010891666957,카카오,약수역 3호선
서울교통공사,3호선,양재(서초구청),2,국가철도공단,,,,37.48457681195669,127.03416413380752,카카오,양재역 3호선
서울교통공사,3호선,연신내,2,국가철도공단,,,,37.61920414913163,126.92110296894133,카카오,연신내역 3호선
서울교통공사,3호선,오금,4,국가철도공단,,,,37.5021388575469,127.127953219596,카카오,오금역 5호선
서울교통공사,3호선,옥수,4,국가철도공단,,,,37.5415662783673,127.017393782846,카카오,옥수역 3호선
서울교통공사,3호선,을지로3가,2,국가철도공단,,,,37.56629149790628,126.99098443539428,카카오,을지로3가역 2호선
서울교통공사,3호선,일원,2,국가철도공단,,,,37.4839886684666,127.084129757128,카카오,일원역 3호선
서울교통공사,3호선,잠원,2,국가철도공단,,,,37.5128899169357,127.011419491429,카카오,잠원역 3호선
서울교통공사,3호선,종로3가,2,국가철도공단,,,,37.570420844523,126.992153252476,카카오,종로3가역 1호선
서울교통공사,3호선,학여울,2,국가철도공단,,,,37.4968851977644,127.071166599707,카카오,학여울역 3호선
서울교통공사,3호선,홍제,4,국가철도공단,,,,37.5887953806088,126.944158007985,카카오,홍제역 3호선
코레일,3호선,대곡,4,국가철도공단,,,,37.63149654415425,126.81212229731544,카카오,대곡역
코레일,3호선,대화,2,국가철도공단,,,,37.676157377075,126.747500970967,카카오,대화역 3호선
코레일,3호선,마두,2,국가철도공단,,,,37.65224113444557,126.77761059652867,카카오,마두역 3호선
코레일,3호선,백석,2,국가철도공단,,,,37.6429623651607,126.788131509803,카카오,백석역 3호선
코레일,3호선,삼송,2,국가철도공단,,,,37.65326511526386,126.89573389994084,카카오,삼송역 3호선
코레일,3호선,원당,2,국가철도공단,,,,37.6531102058516,126.842918441607,카카오,원당역 3호선
코레일,3호선,원흥,8,국가철도공단,,,,37.6506921774602,126.87302523491,카카오,원흥역 3호선
코레일,3호선,정발산,2,국가철도공단,,,,37.659480619983,126.773405960872,카카오,정발산역 3호선
코레일,3호선,주엽,2,국가철도공단,,,,37.6701494878278,126.761263524195,카카오,주엽역 3호선
코레일,3호선,화정,2,국가철도공단,,,,37.6346440058753,126.832688422366,카카오,화정역 3호선
남양주도시공사,4호선,별내별가람,4,국가철도공단,,,,37.6678462120372,127.116241994779,카카오,별내별가람역 4호선
남양주도시공사,4호선,오남,2,국가철도공단,,,,37.7051635201214,127.191104897113,카카오,오남역 4호선
남양주도시공사,4호선,진접,2,국가철도공단,,,,37.7199083469452,127.203247263047,카카오,진접역 4호선
서울교통공사,4호선,길음,2,국가철도공단,,,,37.603394782316634,127.02506019737066,카카오,길음역 4호선
서울교통공사,4호선,남태령,2,국가철도공단,,,,37.4642499558525,126.989085267707,카카오,남태령역 4호선
서울교통공사,4호선,노원,2,국가철도공단,,,,37.6563403513278,127.063449137455,카카오,노원역 4호선
서울교통공사,4호선,동대문,2,국가철도공단,,,,37.57166940579655,127.0106338108367,카카오,동대문역 1호선
서울교통공사,4호선,동대문역사문화공원,4,국가철도공단,,,,37.56566440553802,127.00900417014896,카카오,동대문역사문화공원역 2호선
서울교통공사,4호선,동작(현충원),2,국가철도공단,,,,37.50294134516106,126.97810272869033,카카오,동작역 9호선
서울교통공사,4호선,명동,2,국가철도공단,,,,37.56096526943837,126.98640235001736,카카오,명동역 4호선
서울교통공사,4호선,미아,2,국가철도공단,,,,37.6266544891889,127.026041090189,카카오,미아역 4호선
서울교통공사,4호선,미아사거리,2,국가철도공단,,,,37.61327836400571,127.03008663628454,카카오,미아사거리역 4호선
서울교통공사,4호선,불암산(당고개),4,국가철도공단,,,,37.67021773630595,127.07906662027122,카카오,불암산역 4호선
서울교통공사,4호선,사당,6,국가철도공단,,,,37.47656223234824,126.98155858357366,카카오,사당역 2호선
서울교통공사,4호선,삼각지,2,국가철도공단,,,,37.5344393447708,126.972922951307,카카오,삼각지역 4호선
서울교통공사,4호선,상계,2,국가철도공단,,,,37.660720544722,127.073421632239,카카오,상계역 4호선
서울교통공사,4호선,서울역,2,국가철도공단,,,,37.55332892758497,126.96974961781686,카카오,서울역 공항철도
서울교통공사,4호선,성신여대입구(돈암),2,국가철도공단,,,,37.59296812939267,127.0171260607647,카카오,성신여대입구역 4호선
서울교통공사,4호선,수유(강북구청),2,국가철도공단,,,,37.63788539420793,127.02550910860451,카카오,수유역 4호선
서울교통공사,4호선,숙대입구(갈월),2,국가철도공단,,,,37.5445952301115,126.972118127373,카카오,숙대입구역 4호선
서울교통공사,4호선,신용산,2,국가철도공단,,,,37.5292591489375,126.967965039183,카카오,신용산역 4호선
서울교통공사,4호선,쌍문,2,국가철도공단,,,,37.6485426057036,127.03465609756,카카오,쌍문역 4호선
서울교통공사,4호선,이촌(국립중앙박물관),2,국가철도공단,,,,37.522373484615365,126.97452008954151,카카오,이촌역 4호선
서울교통공사,4호선,창동,2,국가철도공단,,,,37.6533385121404,127.047644999036,카카오,창동역 1호선
서울교통공사,4호선,총신대입구(이수),2,국가철도공단,,,,37.48528852311765,126.98167629035197,카카오,이수역 7호선
서울교통공사,4호선,충무로,2,국가철도공단,,,,37.56139658395457,126.99414960395544,카카오,충무로역 3호선
서울교통공사,4호선,한성대입구(삼선교),2,국가철도공단,,,,37.58842461354086,127.00601781685579,카카오,한성대입구역 4호선
서울교통공사,4호선,혜화,2,국가철도공단,,,,37.58204391787134,127.00194500977393,카카오,혜화역 4호선
서울교통공사,4호선,회현(남대문시장),2,국가철도공단,,,,37.55876114587941,126.9784372569283,카카오,회현역 4호선
코레일,4호선,경마공원,2,국가철도공단,,,,37.4439629881231,127.007838042533,카카오,경마공원역 4호선
코레일,4호선,고잔,2,국가철도공단,,,,37.3167693077138,126.82359875532677,카카오,고잔역 4호선
코레일,4호선,과천,2,국가철도공단,,,,37.43287530237988,126.99661712263098,카카오,과천역 4호선
코레일,4호선,금정,8,국가철도공단,,,,37.37246820714397,126.94347315682283,카카오,금정역 4호선
코레일,4호선,대공원,2,국가철도공단,,,,37.4360557449009,127.006752481821,카카오,대공원역 4호선
코레일,4호선,대야미,2,국가철도공단,,,,37.327965125951,126.916897519557,카카오,대야미역 4호선
코레일,4호선,반월,2,국가철도공단,,,,37.3123817631801,126.90382444207,카카오,반월역 4호선
코레일,4호선,범계,2,국가철도공단,,,,37.3897837540429,126.950783269518,카카오,범계역 4호선
코레일,4호선,산본,2,국가철도공단,,,,37.3580193085257,126.933046329836,카카오,산본역 4호선
코레일,4호선,상록수,4,국가철도공단,,,,37.30285235924208,126.8666056400078,카카오,상록수역 4호선
코레일,4호선,선바위,2,국가철도공단,,,,37.451747988798516,127.00222869400723,카카오,선바위역 4호선
코레일,4호선,수리산,2,국가철도공단,,,,37.3505579695805,126.92563095069,카카오,수리산역 4호선
코레일,4호선,신길온천,2,국가철도공단,,,,37.33737450574518,126.76752183250063,카카오,신길온천역 4호선
코레일,4호선,안산,2,국가철도공단,,,,37.32685867641246,126.7892163493839,카카오,안산역 4호선
코레일,4호선,오이도,2,국가철도공단,,,,37.36170269464333,126.73840352940697,카카오,오이도역 4호선
코레일,4호선,인덕원,2,국가철도공단,,,,37.4014941709597,126.976679855187,카카오,인덕원역 4호선
코레일,4호선,정부과천청사,2,국가철도공단,,,,37.4265047272927,126.989868044926,카카오,정부과천청사역 4호선
코레일,4호선,정왕,2,국가철도공단,,,,37.351701334544885,126.74335018635819,카카오,정왕역 4호선
코레일,4호선,중앙,2,국가철도공단,,,,37.31599451967913,126.83883035405907,카카오,중앙역 4호선
코레일,4호선,초지,2,국가철도공단,,,,37.3204403767323,126.80647314589804,카카오,초지역 4호선
코레일,4호선,평촌,2,국가철도공단,,,,37.39423950914369,126.9638080221341,카카오,평촌역 4호선
코레일,4호선,한대앞,2,국가철도공단,,,,37.309429480381965,126.85402320176591,카카오,한대앞역 4호선
서울교통공사,5호선,강동,2,국가철도공단,,,,37.5358819145235,127.132396300314,카카오,강동역 5호선
서울교통공사,5호선,강일,4,국가철도공단,,,,37.5574259795986,127.175680183486,카카오,강일역 5호선
서울교통공사,5호선,개롱,2,국가철도공단,,,,37.497968278388235,127.13507959838425,카카오,개롱역 5호선
서울교통공사,5호선,개화산,2,국가철도공단,,,,37.5725371505293,126.806814314979,카카오,개화산역 5호선
서울교통공사,5호선,거여,2,국가철도공단,,,,37.4933304500736,127.143773841911,카카오,거여역 5호선
서울교통공사,5호선,고덕,2,국가철도공단,,,,37.55504766830918,127.15416500963447,카카오,고덕역 5호선
서울교통공사,5호선,공덕,2,국가철도공단,,,,37.5445416897534,126.951451177648,카카오,공덕역 5호선
서울교통공사,5호선,광나루(장신대),2,국가철도공단,,,,37.5452991715677,127.103521464507,카카오,광나루역 5호선
서울교통공사,5호선,광화문(세종문화회관),2,국가철도공단,,,,37.57164860977568,126.97642427981408,카카오,광화문역 5호선
서울교통공사,5호선,군자(능동),2,국가철도공단,,,,37.557151488837924,127.0795106156054,카카오,군자역 5호선
서울교통공사,5호선,굽은다리(강동구민회관앞),2,국가철도공단,,,,37.54551759022203,127.14288387331297,카카오,굽은다리역 5호선
서울교통공사,5호선,길동,2,국가철도공단,,,,37.5378264874159,127.140021295948,카카오,길동역 5호선
서울교통공사,5호선,김포공항,4,국가철도공단,,,,37.56196757232288,126.80191361988808,카카오,김포공항역 9호선
서울교통공사,5호선,까치산,2,국가철도공단,,,,37.5322306724471,126.846444264065,카카오,까치산역 5호선
서울교통공사,5호선,답십리,2,국가철도공단,,,,37.56697480965114,127.05256127651293,카카오,답십리역 5호선
서울교통공사,5호선,동대문역사문화공원,2,국가철도공단,,,,37.56566440553802,127.00900417014896,카카오,동대문역사문화공원역 2호선
서울교통공사,5호선,둔촌동,2,국가철도공단,,,,37.52765684247226,127.13621464981398,카카오,둔촌동역 5호선
서울교통공사,5호선,마곡,2,국가철도공단,,,,37.56022863776301,126.82469691791624,카카오,마곡역 5호선
서울교통공사,5호선,마장,2,국가철도공단,,,,37.5661389565959,127.042984855663,카카오,마장역 5호선
서울교통공사,5호선,마천,2,국가철도공단,,,,37.4950381629493,127.152859864985,카카오,마천역 5호선
서울교통공사,5호선,마포,2,국가철도공단,,,,37.53955402908912,126.94586257221307,카카오,마포역 5호선
서울교통공사,5호선,명일,2,국가철도공단,,,,37.5513978958277,127.14404374474,카카오,명일역 5호선
서울교통공사,5호선,목동,2,국가철도공단,,,,37.526135115923466,126.86462527157516,카카오,목동역 5호선
서울교통공사,5호선,미사,4,국가철도공단,,,,37.562991348199,127.192490980441,카카오,미사역 5호선
서울교통공사,5호선,발산,2,국가철도공단,,,,37.558677743241596,126.83773640693936,카카오,발산역 5호선
서울교통공사,5호선,방이,2,국가철도공단,,,,37.5087506251989,127.126096046986,카카오,방이역 5호선
서울교통공사,5호선,방화,2,국가철도공단,,,,37.5776031994404,126.812819296675,카카오,방화역 5호선
서울교통공사,5호선,상일동,2,국가철도공단,,,,37.5566778757215,127.165905758209,카카오,상일동역 5호선
서울교통공사,5호선,서대문,2,국가철도공단,,,,37.56575193662503,126.96663755850754,카카오,서대문역 5호선
서울교통공사,5호선,송정,2,국가철도공단,,,,37.5611612387718,126.812430347154,카카오,송정역 5호선
서울교통공사,5호선,신금호,2,국가철도공단,,,,37.55447619249223,127.02049316578315,카카오,신금호역 5호선
서울교통공사,5호선,신길,2,국가철도공단,,,,37.51678703217714,126.91836721069228,카카오,신길역 1호선
서울교통공사,5호선,신정(은행정),2,국가철도공단,,,,37.5250276134139,126.856097474225,카카오,신정역 5호선
서울교통공사,5호선,아차산(어린이대공원후문),2,국가철도공단,,,,37.55224917071854,127.08956495447913,카카오,아차산역 5호선
서울교통공사,5호선,애오개,2,국가철도공단,,,,37.5534131497489,126.956669363197,카카오,애오개역 5호선
서울교통공사,5호선,양평,2,국가철도공단,,,,37.5255796429707,126.886419282885,카카오,양평역 5호선
서울교통공사,5호선,여의나루,2,국가철도공단,,,,37.5271469489465,126.93298596744,카카오,여의나루역 5호선
서울교통공사,5호선,여의도,2,국가철도공단,,,,37.5217753947299,126.924397990207,카카오,여의도역 5호선
서울교통공사,5호선,영등포구청,2,국가철도공단,,,,37.5258305311402,126.89667739939,카카오,영등포구청역 2호선
서울교통공사,5호선,영등포시장,2,국가철도공단,,,,37.522709383885,126.905179566968,카카오,영등포시장역 5호선
서울교통공사,5호선,오금,2,국가철도공단,,,,37.5021388575469,127.127953219596,카카오,오금역 5호선
서울교통공사,5호선,오목교(목동운동장앞),2,국가철도공단,,,,37.5245340839144,126.875307312696,카카오,오목교역 5호선
서울교통공사,5호선,올림픽공원(한국체대),2,국가철도공단,,,,37.5163389870117,127.130963675401,카카오,올림픽공원역 5호선
서울교통공사,5호선,왕십리,2,국가철도공단,,,,37.561268363317176,127.03710337610202,카카오,왕십리역 2호선
서울교통공사,5호선,우장산,2,국가철도공단,,,,37.54881618721654,126.83632627213518,카카오,우장산역 5호선
서울교통공사,5호선,을지로4가,2,국가철도공단,,,,37.5666405038268,126.997632059113,카카오,을지로4가역 2호선
서울교통공사,5호선,장한평,2,국가철도공단,,,,37.5616038910656,127.06370373106944,카카오,장한평역 5호선
서울교통공사,5호선,종로3가(탑골공원),2,국가철도공단,,,,37.570420844523,126.992153252476,카카오,종로3가역 1호선
서울교통공사,5호선,천호(풍납토성),2,국가철도공단,,,,37.5385112120297,127.12392845044,카카오,천호역 5호선
서울교통공사,5호선,충정로(경기대입구),2,국가철도공단,,,,37.56042867918723,126.96303964820936,카카오,충정로역 5호선
서울교통공사,5호선,하남검단산역,2,국가철도공단,,,,37.5398032640088,127.223219337317,카카오,하남검단산역 5호선
서울교통공사,5호선,하남시청(덕풍.신장),2,국가철도공단,,,,37.5419775122576,127.206298162203,카카오,하남시청역 5호선
서울교통공사,5호선,하남풍산,2,국가철도공단,,,,37.5522898049699,127.204006631381,카카오,하남풍산역 5호선
서울교통공사,5호선,행당,2,국가철도공단,,,,37.5573637818732,127.029511840513,카카오,행당역 5호선
서울교통공사,5호선,화곡,2,국가철도공단,,,,37.5416507925709,126.840455026335,카카오,화곡역 5호선
서울교통공사,6호선,고려대(종암),2,국가철도공단,,,,37.59044191064368,127.03630828564728,카카오,고려대역 6호선
서울교통공사,6호선,공덕,2,국가철도공단,,,,37.5445416897534,126.951451177648,카카오,공덕역 5호선
서울교통공사,6호선,광흥창(서강),2,국가철도공단,,,,37.54748648317645,126.93202965599583,카카오,광흥창역 6호선
서울교통공사,6호선,구산,2,국가철도공단,,,,37.61124669148435,126.91725947715172,카카오,구산역 6호선
서울교통공사,6호선,녹사평(용산구청),2,국가철도공단,,,,37.5347227952064,126.9865496751,카카오,녹사평역 6호선
서울교통공사,6호선,대흥(서강대앞),2,국가철도공단,,,,37.555198169366435,126.93698075993808,카카오,신촌역 2호선
서울교통공사,6호선,독바위,2,국가철도공단,,,,37.6184141599944,126.933053652461,카카오,독바위역 6호선
서울교통공사,6호선,돌곶이,2,국가철도공단,,,,37.61054501416126,127.0564381246322,카카오,돌곶이역 6호선
서울교통공사,6호선,동묘앞,2,국가철도공단,,,,37.5732166600283,127.016364227103,카카오,동묘앞역 1호선
서울교통공사,6호선,디지털미디어시티,4,국가철도공단,,,,37.57601374718818,126.90127778415635,카카오,디지털미디어시티역 6호선
서울교통공사,6호선,마포구청,4,국가철도공단,,,,37.5634871865932,126.903425598797,카카오,마포구청역 6호선
서울교통공사,6호선,망원,2,국가철도공단,,,,37.5560826563712,126.910094329982,카카오,망원역 6호선
서울교통공사,6호선,버티고개,2,국가철도공단,,,,37.5478275106099,127.006730866101,카카오,버티고개역 6호선
서울교통공사,6호선,보문,2,국가철도공단,,,,37.585541696968,127.020003515933,카카오,보문역 6호선
서울교통공사,6호선,봉화산(서울의료원),2,국가철도공단,,,,37.617350836302734,127.09136011564394,카카오,봉화산역 6호선
서울교통공사,6호선,불광,2,국가철도공단,,,,37.6100477979795,126.930315826401,카카오,불광역 3호선
서울교통공사,6호선,삼각지,2,국가철도공단,,,,37.5344393447708,126.972922951307,카카오,삼각지역 4호선
서울교통공사,6호선,상수,2,국가철도공단,,,,37.54776618366393,126.92242989321456,카카오,상수역 6호선
서울교통공사,6호선,상월곡(한국과학기술연구원),2,국가철도공단,,,,37.6065588265169,127.048829192974,카카오,상월곡역 6호선
서울교통공사,6호선,새절(신사),2,국가철도공단,,,,37.5908600479967,126.913580663181,카카오,새절역 6호선
서울교통공사,6호선,석계,4,국가철도공단,,,,37.61500552731744,127.06568946412851,카카오,석계역 1호선
서울교통공사,6호선,신당,2,국가철도공단,,,,37.5656730531732,127.019477533278,카카오,신당역 2호선
서울교통공사,6호선,안암(고대병원앞),4,국가철도공단,,,,37.586307417971,127.029233420248,카카오,안암역 6호선
서울교통공사,6호선,약수,2,국가철도공단,,,,37.5545053994984,127.010891666957,카카오,약수역 3호선
서울교통공사,6호선,역촌,2,국가철도공단,,,,37.60622745935512,126.9228437430386,카카오,역촌역 6호선
서울교통공사,6호선,연신내,2,국가철도공단,,,,37.61920414913163,126.92110296894133,카카오,연신내역 3호선
서울교통공사,6호선,월곡(동덕여대),2,국가철도공단,,,,37.6018044172918,127.041460725816,카카오,월곡역 6호선
서울교통공사,6호선,월드컵경기장(성산),4,국가철도공단,,,,37.5696355653344,126.899098148061,카카오,월드컵경기장역 6호선
서울교통공사,6호선,응암,2,국가철도공단,,,,37.5984928632876,126.9155399209037,카카오,응암역 6호선
서울교통공사,6호선,이태원,2,국가철도공단,,,,37.5345252050511,126.994333861918,카카오,이태원역 6호선
서울교통공사,6호선,증산(명지대앞),2,국가철도공단,,,,37.583746353282,126.909494991105,카카오,증산역 6호선
서울교통공사,6호선,창신,2,국가철도공단,,,,37.57941474393655,127.01529688465331,카카오,창신역 6호선
서울교통공사,6호선,청구,2,국가철도공단,,,,37.5609165488093,127.014165812912,카카오,청구역 6호선
서울교통공사,6호선,태릉입구,2,국가철도공단,,,,37.618459513199,127.075405300578,카카오,태릉입구역 7호선
서울교통공사,6호선,한강진,2,국가철도공단,,,,37.5397907743775,127.001765135176,카카오,한강진역 6호선
서울교통공사,6호선,합정,2,국가철도공단,,,,37.54991315995173,126.91445406513526,카카오,합정역 2호선
서울교통공사,6호선,화랑대(서울여대입구),2,국가철도공단,,,,37.61984245540276,127.08354181123269,카카오,화랑대역 6호선
서울교통공사,6호선,효창공원앞,2,국가철도공단,,,,37.5393087503306,126.96139810075,카카오,효창공원앞역 6호선
서울교통공사,7호선,가산디지털단지,2,국가철도공단,,,,37.4803959660982,126.882661758356,카카오,가산디지털단지역 7호선
서울교통공사,7호선,강남구청,2,국가철도공단,,,,37.51721617197854,127.0413109462156,카카오,강남구청역 7호선
서울교통공사,7호선,건대입구,2,국가철도공단,,,,37.54040751726388,127.06920291650829,카카오,건대입구역 2호선
서울교통공사,7호선,고속터미널,2,국가철도공단,,,,37.50454885557265,127.00512100872538,카카오,고속터미널역 3호선
서울교통공사,7호선,공릉(서울과학기술대),2,국가철도공단,,,,37.6255427648558,127.073033585328,카카오,공릉역 7호선
서울교통공사,7호선,광명사거리,2,국가철도공단,,,,37.4792983082726,126.854873735158,카카오,광명사거리역 7호선
서울교통공사,7호선,남구로,2,국가철도공단,,,,37.48625714438263,126.88741505160269,카카오,남구로역 7호선
서울교통공사,7호선,남성,2,국가철도공단,,,,37.484793511299706,126.97091020065321,카카오,남성역 7호선
서울교통공사,7호선,내방,2,국가철도공단,,,,37.4876585212369,126.993600180589,카카오,내방역 7호선
서울교통공사,7호선,노원,2,국가철도공단,,,,37.6563403513278,127.063449137455,카카오,노원역 4호선
서울교통공사,7호선,논현,4,국가철도공단,,,,37.51120000205266,127.02165424259898,카카오,논현역 7호선
서울교통공사,7호선,대림(구로구청),2,국가철도공단,,,,37.4928430008915,126.896722858042,카카오,대림역 7호선
서울교통공사,7호선,도봉산,4,국가철도공단,,,,37.68951167833238,127.04606271663916,카카오,도봉산역 1호선
서울교통공사,7호선,마들,2,국가철도공단,,,,37.6652017465321,127.057712619869,카카오,마들역 7호선
서울교통공사,7호선,먹골,2,국가철도공단,,,,37.6106193846197,127.077762187968,카카오,먹골역 7호선
서울교통공사,7호선,면목,2,국가철도공단,,,,37.5887148877725,127.087503803859,카카오,면목역 7호선
서울교통공사,7호선,반포,2,국가철도공단,,,,37.5081614290284,127.011586161943,카카오,반포역 7호선
서울교통공사,7호선,보라매,2,국가철도공단,,,,37.49992085496506,126.92061230710924,카카오,보라매역 7호선
서울교통공사,7호선,사가정,2,국가철도공단,,,,37.5809403751459,127.088504554212,카카오,사가정역 7호선
서울교통공사,7호선,상도,2,국가철도공단,,,,37.5028706251049,126.947917975554,카카오,상도역 7호선
서울교통공사,7호선,상봉(시외버스터미널),2,국가철도공단,,,,37.5955853328943,127.085754455388,카카오,상봉역 7호선
서울교통공사,7호선,수락산,2,국가철도공단,,,,37.6778814656816,127.055350968781,카카오,수락산역 7호선
서울교통공사,7호선,숭실대입구(살피재),2,국가철도공단,,,,37.4963172817574,126.953621963422,카카오,숭실대입구역 7호선
서울교통공사,7호선,신대방삼거리,2,국가철도공단,,,,37.499757228908564,126.92821094566965,카카오,신대방삼거리역 7호선
서울교통공사,7호선,신풍,2,국가철도공단,,,,37.5001229935524,126.90975434386,카카오,신풍역 7호선
서울교통공사,7호선,어린이대공원(세종대),2,국가철도공단,,,,37.54796087622509,127.07465525507352,카카오,어린이대공원역 7호선
서울교통공사,7호선,온수(성공회대입구),2,국가철도공단,,,,37.4919675365056,126.823847928009,카카오,온수역 7호선
서울교통공사,7호선,용마산,2,국가철도공단,,,,37.57366797492471,127.08671982507775,카카오,용마산역 7호선
서울교통공사,7호선,자양(뚝섬한강공원),2,국가철도공단,,,,37.53155927720518,127.06679509976304,카카오,자양역 7호선
서울교통공사,7호선,장승배기,2,국가철도공단,,,,37.5048990621814,126.939072381356,카카오,장승배기역 7호선
서울교통공사,7호선,장암,2,국가철도공단,,,,37.699956566426,127.052818310578,카카오,장암역 7호선
서울교통공사,7호선,중계,2,국가철도공단,,,,37.6450921230569,127.06411035896,카카오,중계역 7호선
서울교통공사,7호선,중곡,2,국가철도공단,,,,37.56592206115955,127.08431236632154,카카오,중곡역 7호선
서울교통공사,7호선,중화,2,국가철도공단,,,,37.6025526943256,127.079312037122,카카오,중화역 7호선
서울교통공사,7호선,천왕,2,국가철도공단,,,,37.48685558277736,126.83860534807998,카카오,천왕역 7호선
서울교통공사,7호선,철산,2,국가철도공단,,,,37.4761928424537,126.868211027014,카카오,철산역 7호선
서울교통공사,7호선,청담,2,국가철도공단,,,,37.519455579961,127.053717937903,카카오,청담역 7호선
서울교통공사,7호선,총신대입구(이수),4,국가철도공단,,,,37.48528852311765,126.98167629035197,카카오,이수역 7호선
서울교통공사,7호선,태릉입구,2,국가철도공단,,,,37.618459513199,127.075405300578,카카오,태릉입구역 7호선
서울교통공사,7호선,하계,2,국가철도공단,,,,37.6364765391858,127.067991278758,카카오,하계역 7호선
서울교통공사,7호선,학동,2,국가철도공단,,,,37.51434578734927,127.03190190063152,카카오,학동역 7호선
남양주도시공사,8호선,다산,2,국가철도공단,,,,37.6242782781657,127.14979716054,카카오,다산역 8호선
남양주도시공사,8호선,별내,4,국가철도공단,,,,37.642067071704496,127.1269691476328,카카오,별내역 경춘선
서울교통공사,8호선,가락시장,2,국가철도공단,,,,37.4930992522183,127.118262745146,카카오,가락시장역 8호선
서울교통공사,8호선,강동구청,2,국가철도공단,,,,37.5302111983522,127.12044373032,카카오,강동구청역 8호선
서울교통공사,8호선,남위례,2,국가철도공단,,,,37.4627230752808,127.139350997519,카카오,남위례역 8호선
서울교통공사,8호선,남한산성입구(성남법원.검찰청),2,국가철도공단,,,,37.4516686968693,127.159882577768,카카오,남한산성입구역 8호선
서울교통공사,8호선,단대오거리,2,국가철도공단,,,,37.44502248894697,127.156769790167,카카오,단대오거리역 8호선
서울교통공사,8호선,모란,2,국가철도공단,,,,37.4340382896277,127.129970457799,카카오,모란역 8호선
서울교통공사,8호선,몽촌토성(평화의문),2,국가철도공단,,,,37.5178055794687,127.11286534895457,카카오,몽촌토성역 8호선
서울교통공사,8호선,문정,2,국가철도공단,,,,37.4860310539381,127.122484886901,카카오,문정역 8호선
서울교통공사,8호선,복정,2,국가철도공단,,,,37.47074367341675,127.12672175187316,카카오,복정역 8호선
서울교통공사,8호선,산성,2,국가철도공단,,,,37.456881468719025,127.14994186233623,카카오,산성역 8호선
서울교통공사,8호선,석촌,2,국가철도공단,,,,37.5054141216925,127.107004062699,카카오,석촌역 8호선
서울교통공사,8호선,송파,2,국가철도공단,,,,37.4997149535067,127.112193506363,카카오,송파역 8호선
서울교통공사,8호선,수진,2,국가철도공단,,,,37.43765554712791,127.14048756927254,카카오,수진역 8호선 3번출구
서울교통공사,8호선,신흥,2,국가철도공단,,,,37.4409230460675,127.147538132656,카카오,신흥역 8호선
서울교통공사,8호선,암사,2,국가철도공단,,,,37.55015818096496,127.12754072968517,카카오,암사역 8호선
서울교통공사,8호선,암사역사공원,2,국가철도공단,,,,37.5571837185175,127.137563111896,카카오,암사역사공원역 8호선
서울교통공사,8호선,잠실(송파구청),2,국가철도공단,,,,37.51331105877401,127.10023101886318,카카오,잠실역 2호선
서울교통공사,8호선,장지,2,국가철도공단,,,,37.4786316933099,127.12617656737,카카오,장지역 8호선
서울시메트로9호선주식회사,9호선,가양,2,국가철도공단,,,,37.56143311719883,126.85442142615852,카카오,가양역 9호선
서울시메트로9호선주식회사,9호선,개화,2,국가철도공단,,,,37.5783445148797,126.796891362602,카카오,개화역 9호선
서울시메트로9호선주식회사,9호선,고속터미널,8,국가철도공단,,,,37.50454885557265,127.00512100872538,카카오,고속터미널역 3호선
서울시메트로9호선주식회사,9호선,공항시장,2,국가철도공단,,,,37.56368922800772,126.81060964296609,카카오,공항시장역 9호선
서울시메트로9호선주식회사,9호선,구반포,2,국가철도공단,,,,37.5014398319603,126.987464905696,카카오,구반포역 9호선
서울시메트로9호선주식회사,9호선,국회의사당,4,국가철도공단,,,,37.5281465047706,126.91783895106,카카오,국회의사당역 9호선
서울시메트로9호선주식회사,9호선,김포공항,4,국가철도공단,,,,37.56196757232288,126.80191361988808,카카오,김포공항역 9호선
서울시메트로9호선주식회사,9호선,노들,2,국가철도공단,,,,37.5126721234205,126.953096069577,카카오,노들역 9호선
서울시메트로9호선주식회사,9호선,노량진,6,국가철도공단,,,,37.5135856714992,126.940893179777,카카오,노량진역 9호선
서울시메트로9호선주식회사,9호선,당산,4,국가철도공단,,,,37.5347843171332,126.902611795523,카카오,당산역 2호선
서울시메트로9호선주식회사,9호선,동작(현충원),4,국가철도공단,,,,37.50294134516106,126.97810272869033,카카오,동작역 9호선
서울시메트로9호선주식회사,9호선,등촌,2,국가철도공단,,,,37.550728980328884,126.86557100595411,카카오,등촌역 9호선
서울시메트로9호선주식회사,9호선,마곡나루,2,국가철도공단,,,,37.5667126094974,126.827420928424,카카오,마곡나루역 9호선
서울시메트로9호선주식회사,9호선,사평,2,국가철도공단,,,,37.5042326273953,127.015272484531,카카오,사평역 9호선
서울시메트로9호선주식회사,9호선,샛강,2,국가철도공단,,,,37.51737287009036,126.9283750591322,카카오,샛강역 9호선
서울시메트로9호선주식회사,9호선,선유도,2,국가철도공단,,,,37.53815865606546,126.89333386450167,카카오,선유도역 9호선
서울시메트로9호선주식회사,9호선,신논현,2,국가철도공단,,,,37.504811111562,127.025492036104,카카오,신논현역 9호선
서울시메트로9호선주식회사,9호선,신목동,2,국가철도공단,,,,37.5442883741577,126.883095790252,카카오,신목동역 9호선
서울시메트로9호선주식회사,9호선,신반포,2,국가철도공단,,,,37.5035091412544,126.996082392175,카카오,신반포역 9호선
서울시메트로9호선주식회사,9호선,신방화,2,국가철도공단,,,,37.56748745669626,126.81723757150974,카카오,신방화역 9호선
서울시메트로9호선주식회사,9호선,양천향교,2,국가철도공단,,,,37.5680808809647,126.841978835328,카카오,양천향교역 9호선
서울시메트로9호선주식회사,9호선,여의도,4,국가철도공단,,,,37.5217753947299,126.924397990207,카카오,여의도역 5호선
서울시메트로9호선주식회사,9호선,염창,2,국가철도공단,,,,37.546982941543,126.874871603971,카카오,염창역 9호선
서울시메트로9호선주식회사,9호선,증미,2,국가철도공단,,,,37.558133059903305,126.86063675500975,카카오,증미역 9호선
서울시메트로9호선주식회사,9호선,흑석(중앙대입구),2,국가철도공단,,,,37.5091654719404,126.963463063008,카카오,흑석역 9호선
코레일,수인분당,가천대,2,국가철도공단,,,,37.44856169280611,127.1266967573021,카카오,가천대역 수인분당선
코레일,수인분당,강남구청,2,국가철도공단,,,,37.51721617197854,127.0413109462156,카카오,강남구청역 7호선
코레일,수인분당,개포동,2,국가철도공단,,,,37.4891394691891,127.066120707828,카카오,개포동역 수인분당선
코레일,수인분당,고색,2,국가철도공단,,,,37.2497717717764,126.980572516343,카카오,고색역 수인분당선
코레일,수인분당,구룡,2,국가철도공단,,,,37.4870274262116,127.059492941655,카카오,구룡역 수인분당선
코레일,수인분당,구성,2,국가철도공단,,,,37.298978850791976,127.10569583571818,카카오,구성역 수인분당선
코레일,수인분당,기흥(백남준아트센터),2,국가철도공단,,,,37.2754972009506,127.115955078051,카카오,기흥역 수인분당선
코레일,수인분당,남동인더스파크,2,국가철도공단,,,,37.4077423820652,126.695227491501,카카오,남동인더스파크역 수인분당선
코레일,수인분당,달월,2,국가철도공단,,,,37.3800267658985,126.74540347645,카카오,달월역 수인분당선
코레일,수인분당,대모산입구,2,국가철도공단,,,,37.4915500752654,127.073070274916,카카오,대모산입구역 수인분당선
코레일,수인분당,도곡,2,국가철도공단,,,,37.49097398162934,127.05549883514037,카카오,도곡역 3호선
코레일,수인분당,망포,2,국가철도공단,,,,37.245654330704845,127.0573246372016,카카오,망포역 수인분당선
코레일,수인분당,매교,2,국가철도공단,,,,37.26548288735742,127.01589041884137,카카오,매교역 수인분당선
코레일,수인분당,매탄권선,2,국가철도공단,,,,37.2525055074191,127.040808657326,카카오,매탄권선역 수인분당선
코레일,수인분당,모란,4,국가철도공단,,,,37.4340382896277,127.129970457799,카카오,모란역 8호선
코레일,수인분당,미금(분당서울대병원),2,국가철도공단,,,,37.35007159880101,127.10900662549734,카카오,미금역 수인분당선
코레일,수인분당,보정,2,국가철도공단,,,,37.3127749181936,127.108336816968,카카오,보정역 수인분당선
코레일,수인분당,사리,2,국가철도공단,,,,37.290641235808586,126.85710444456184,카카오,사리역 수인분당선
코레일,수인분당,상갈(루터대학교),2,국가철도공단,,,,37.261811831367,127.108737254546,카카오,상갈역 수인분당선
코레일,수인분당,서울숲,2,국가철도공단,,,,37.543645796605,127.044746216358,카카오,서울숲역 수인분당선
코레일,수인분당,서현,2,국가철도공단,,,,37.3850154269126,127.123431479636,카카오,서현역 수인분당선
코레일,수인분당,선릉,2,국가철도공단,,,,37.505167825521674,127.04870992465413,카카오,선릉역 수인분당선
코레일,수인분당,선정릉(한국과학창의재단),2,국가철도공단,,,,37.5109326388803,127.043627289129,카카오,선정릉역 수인분당선
코레일,수인분당,소래포구,2,국가철도공단,,,,37.4009402347666,126.733492081979,카카오,소래포구역 수인분당선
코레일,수인분당,송도,2,국가철도공단,,,,37.4299616326114,126.654675713707,카카오,송도역 수인분당선
코레일,수인분당,수내(한국잡월드),2,국가철도공단,,,,37.37885579622079,127.11471396543492,카카오,수내역 수인분당선 4번출구
코레일,수인분당,수서,2,국가철도공단,,,,37.48549612670822,127.10437056849396,카카오,수서역
코레일,수인분당,수원,6,국가철도공단,,,,37.2657903079673,127.000094700292,카카오,수원역
코레일,수인분당,수원시청(경기도문화의전당),2,국가철도공단,,,,37.2619226180172,127.030857188083,카카오,수원시청역 수인분당선
코레일,수인분당,숭의(인하대병원),2,국가철도공단,,,,37.460799611154286,126.63841022084426,카카오,숭의역 수인분당선
코레일,수인분당,신갈,2,국가철도공단,,,,37.2861483619847,127.111284750107,카카오,신갈역 수인분당선
코레일,수인분당,신포,2,국가철도공단,,,,37.46845273050242,126.6245325645261,카카오,신포역 수인분당선
코레일,수인분당,안산,2,국가철도공단,,,,37.32685867641246,126.7892163493839,카카오,안산역 4호선
코레일,수인분당,압구정로데오,2,국가철도공단,,,,37.5275184818021,127.0406027693898,카카오,압구정로데오역 수인분당선
코레일,수인분당,야목,2,국가철도공단,,,,37.26142357651916,126.88377452514744,카카오,야목역 수인분당선
코레일,수인분당,야탑,2,국가철도공단,,,,37.4113736407028,127.128742990837,카카오,야탑역 수인분당선
코레일,수인분당,어천,2,국가철도공단,,,,37.250087850398565,126.90880114149965,카카오,어천역 수인분당선
코레일,수인분당,연수,4,국가철도공단,,,,37.41792798381812,126.67874745918827,카카오,연수역 수인분당선
코레일,수인분당,영통(경희대),2,국가철도공단,,,,37.25115893863918,127.07194702561456,카카오,영통역 수인분당선 2번출구
코레일,수인분당,오리,2,국가철도공단,,,,37.3398305519823,127.108948940053,카카오,오리역 수인분당선
코레일,수인분당,오목천,2,국가철도공단,,,,37.2433596329495,126.963902835862,카카오,오목천역 수인분당선
코레일,수인분당,원인재,2,국가철도공단,,,,37.4123688782408,126.687889114089,카카오,원인재역 인천1호선
코레일,수인분당,월곶,2,국가철도공단,,,,37.3918207044367,126.742707561155,카카오,월곶역 수인분당선
코레일,수인분당,이매(성남아트센터),2,국가철도공단,,,,37.3947135146921,127.127318661399,카카오,이매역 경강선
코레일,수인분당,인천,2,국가철도공단,,,,37.476166712082836,126.61682219568799,카카오,인천역 1호선
코레일,수인분당,인천논현,2,국가철도공단,,,,37.4006589466073,126.722452080127,카카오,인천논현역 수인분당선
코레일,수인분당,인하대,2,국가철도공단,,,,37.4483386165197,126.649763418519,카카오,인하대역 수인분당선
코레일,수인분당,정왕,2,국가철도공단,,,,37.351701334544885,126.74335018635819,카카오,정왕역 4호선
코레일,수인분당,정자,2,국가철도공단,,,,37.3661737923199,127.108097457244,카카오,정자역 수인분당선
코레일,수인분당,죽전(단국대),2,국가철도공단,,,,37.3243773830569,127.107505020642,카카오,죽전역 수인분당선
코레일,수인분당,중앙,2,국가철도공단,,,,37.31599451967913,126.83883035405907,카카오,중앙역 4호선
코레일,수인분당,청명,2,국가철도공단,,,,37.2595395723925,127.078969000537,카카오,청명역 수인분당선
코레일,수인분당,태평,2,국가철도공단,,,,37.43978918729356,127.12774980543841,카카오,태평역 수인분당선
코레일,수인분당,한티,2,국가철도공단,,,,37.4962857047653,127.052909749417,카카오,한티역 수인분당선
코레일,수인분당,호구포,2,국가철도공단,,,,37.4016421735726,126.708683171095,카카오,호구포역 수인분당선
인천교통공사,인천1호선,간석오거리,2,국가철도공단,,,,37.4670826685298,126.707918490817,카카오,간석오거리역 인천1호선
인천교통공사,인천1호선,갈산,2,국가철도공단,,,,37.5171177260985,126.721550773775,카카오,갈산역 인천1호선
인천교통공사,인천1호선,경인교대입구,2,국가철도공단,,,,37.538124360683,126.722631302651,카카오,경인교대입구역 인천1호선
인천교통공사,인천1호선,계산,2,국가철도공단,,,,37.5433079533771,126.7277312169,카카오,계산역 인천1호선
인천교통공사,인천1호선,계양,2,국가철도공단,,,,37.57177084709832,126.73627367694554,카카오,계양역 공항철도
인천교통공사,인천1호선,국제업무지구,4,국가철도공단,,,,37.3996578386606,126.630542158102,카카오,국제업무지구역 인천1호선
인천교통공사,인천1호선,귤현,2,국가철도공단,,,,37.5662988350728,126.742679119614,카카오,귤현역 인천1호선
인천교통공사,인천1호선,동막,2,국가철도공단,,,,37.3979424375979,126.673448014592,카카오,동막역 인천1호선
인천교통공사,인천1호선,동수,2,국가철도공단,,,,37.4855071635951,126.718606270842,카카오,동수역 인천1호선
인천교통공사,인천1호선,동춘,2,국가철도공단,,,,37.404576119239,126.680851046438,카카오,동춘역 인천1호선
인천교통공사,인천1호선,문학경기장,2,국가철도공단,,,,37.4346513434001,126.698449383593,카카오,문학경기장역 인천1호선
인천교통공사,인천1호선,박촌,2,국가철도공단,,,,37.5536612597496,126.74506746745,카카오,박촌역 인천1호선
인천교통공사,인천1호선,부평,2,국가철도공단,,,,37.4894490429055,126.724331088618,카카오,부평역 1호선
인천교통공사,인천1호선,부평구청,2,국가철도공단,,,,37.50743350044892,126.72143971800028,카카오,부평구청역 7호선
인천교통공사,인천1호선,부평삼거리,2,국가철도공단,,,,37.477834830017315,126.71029378166388,카카오,부평삼거리역 인천1호선
인천교통공사,인천1호선,부평시장,2,국가철도공단,,,,37.4983641942962,126.722285373949,카카오,부평시장역 인천1호선
인천교통공사,인천1호선,선학,2,국가철도공단,,,,37.4269470843403,126.69892316532737,카카오,선학역 인천1호선
인천교통공사,인천1호선,센트럴파크,4,국가철도공단,,,,37.3928455432657,126.634988814949,카카오,센트럴파크역 인천1호선
인천교통공사,인천1호선,송도달빛축제공원,4,국가철도공단,,,,37.406920219431996,126.62601790846256,카카오,송도달빛축제공원역 인천1호선
인천교통공사,인천1호선,신연수,2,국가철도공단,,,,37.4181081550544,126.694019681969,카카오,신연수역 인천1호선
인천교통공사,인천1호선,예술회관,2,국가철도공단,,,,37.4485259845342,126.700916120922,카카오,예술회관역 인천1호선
인천교통공사,인천1호선,원인재,2,국가철도공단,,,,37.4123688782408,126.687889114089,카카오,원인재역 인천1호선
인천교통공사,인천1호선,인천대입구,4,국가철도공단,,,,37.3862063921103,126.639542234479,카카오,인천대입구역 인천1호선
인천교통공사,인천1호선,인천시청,2,국가철도공단,,,,37.45773583769292,126.70223575350143,카카오,인천시청역 인천1호선
인천교통공사,인천1호선,인천터미널,2,국가철도공단,,,,37.4419166733897,126.699694889876,카카오,인천터미널역 인천1호선
인천교통공사,인천1호선,임학,2,국가철도공단,,,,37.5450120455649,126.738633379569,카카오,임학역 인천1호선
인천교통공사,인천1호선,작전,2,국가철도공단,,,,37.5302710952892,126.722560827351,카카오,작전역 인천1호선
인천교통공사,인천1호선,지식정보단지,4,국가철도공단,,,,37.37750721892,126.645861381029,카카오,지식정보단지역 인천1호선
인천교통공사,인천1호선,캠퍼스타운,4,국가철도공단,,,,37.38844295632,126.662206121031,카카오,캠퍼스타운역 인천1호선
인천교통공사,인천1호선,테크노파크,4,국가철도공단,,,,37.3822809834253,126.656299104753,카카오,테크노파크역 인천1호선
인천교통공사,인천2호선,가재울,2,국가철도공단,,,,37.48414953663599,126.68376802219268,카카오,가재울역 인천2호선
인천교통공사,인천2호선,가정,4,국가철도공단,,,,37.52481776604172,126.67535855965953,카카오,가정역 인천2호선
인천교통공사,인천2호선,가정중앙시장,2,국가철도공단,,,,37.51752639003585,126.67682219308772,카카오,가정중앙시장역 인천2호선
인천교통공사,인천2호선,검단사거리,2,국가철도공단,,,,37.6016603285598,126.65643839685526,카카오,검단사거리역 인천2호선
인천교통공사,인천2호선,검단오류,2,국가철도공단,,,,37.59494165959431,126.62790523932182,카카오,검단오류역 인천2호선
인천교통공사,인천2호선,검바위,2,국가철도공단,,,,37.5611257424349,126.677531491203,카카오,검바위역 인천2호선
인천교통공사,인천2호선,검암,2,국가철도공단,,,,37.56925281871912,126.67364220875055,카카오,검암역 공항철도
인천교통공사,인천2호선,남동구청,2,국가철도공단,,,,37.4481747324298,126.736565773149,카카오,남동구청역 인천2호선
인천교통공사,인천2호선,독정,2,국가철도공단,,,,37.58484825991949,126.67600264877679,카카오,독정역 인천2호선
인천교통공사,인천2호선,마전,2,국가철도공단,,,,37.59763498155992,126.66722118840102,카카오,마전역 인천2호선
인천교통공사,인천2호선,만수,2,국가철도공단,,,,37.4549755117309,126.731736248865,카카오,만수역 인천2호선
인천교통공사,인천2호선,모래내시장,2,국가철도공단,,,,37.4558628174958,126.719621557604,카카오,모래내시장역 인천2호선
인천교통공사,인천2호선,서구청,2,국가철도공단,,,,37.54404461232528,126.67684354152053,카카오,서해구청역 인천2호선
인천교통공사,인천2호선,서부여성회관,2,국가철도공단,,,,37.500345291124425,126.67586827204453,카카오,서부여성회관역 인천2호선
인천교통공사,인천2호선,석남,2,국가철도공단,,,,37.5062431189861,126.676149271119,카카오,석남역 7호선
인천교통공사,인천2호선,석바위시장,4,국가철도공단,,,,37.4576690774014,126.692353074376,카카오,석바위시장역 인천2호선
인천교통공사,인천2호선,석천사거리,2,국가철도공단,,,,37.4567884972007,126.710422456642,카카오,석천사거리역 인천2호선
인천교통공사,인천2호선,시민공원,4,국가철도공단,,,,37.4583852139167,126.681074618963,카카오,시민공원역 인천2호선
인천교통공사,인천2호선,아시아드경기장,2,국가철도공단,,,,37.55131365896758,126.67710639239792,카카오,아시아드경기장역 인천2호선
인천교통공사,인천2호선,완정,2,국가철도공단,,,,37.592840854841874,126.67303422497663,카카오,완정역 인천2호선
인천교통공사,인천2호선,왕길,2,국가철도공단,,,,37.59512995692223,126.64247736783844,카카오,왕길역 인천2호선
인천교통공사,인천2호선,운연,2,국가철도공단,,,,37.4396425989597,126.759606687799,카카오,운연역 인천2호선
인천교통공사,인천2호선,인천가좌,2,국가철도공단,,,,37.48983517524497,126.67524316411675,카카오,인천가좌역 인천2호선
인천교통공사,인천2호선,인천대공원,2,국가철도공단,,,,37.4484766105613,126.752851963764,카카오,인천대공원역 인천2호선
인천교통공사,인천2호선,인천시청,2,국가철도공단,,,,37.45773583769292,126.70223575350143,카카오,인천시청역 인천1호선
인천교통공사,인천2호선,주안,2,국가철도공단,,,,37.4651552217129,126.679015725246,카카오,주안역 인천2호선
인천교통공사,인천2호선,주안국가산단,2,국가철도공단,,,,37.47391267095278,126.68122005538342,카카오,주안국가산단역 인천2호선
서울교통공사,,,10,서울교통공사,,,,37.55406888733184,126.97070335253385,카카오,서울역
서울교통공사,1호선,동대문,1,서울교통공사,37.576087,127.02456,서울특별시 종로구 종로 지하302(창신동),37.57166940579655,127.0106338108367,카카오,동대문역 1호선
서울교통공사,1호선,동묘앞,4,서울교통공사,37.573281,127.016649,서울특별시 종로구 종로 359(숭인동),37.5732166600283,127.016364227103,카카오,동묘앞역 1호선
서울교통공사,1호선,서울,1,서울교통공사,37.556878,126.972578,서울특별시 중구 세종대로 지하2(남대문로 5가),37.55332892758497,126.96974961781686,카카오,서울역 공항철도
서울교통공사,1호선,시청,1,서울교통공사,37.565682,126.976849,서울특별시 중구 세종대로 지하101(정동),37.56368183746611,126.97559827045151,카카오,시청역 2호선
서울교통공사,1호선,신설동,1,서울교통공사,37.578163,127.034687,서울특별시 동대문구 왕산로 지하1(신설동),37.5760299683175,127.024456700382,카카오,신설동역 1호선
서울교통공사,1호선,제기동,1,서울교통공사,37.579984,127.045547,서울특별시 동대문구 왕산로 지하93(제기동),37.57817349658033,127.03494949507864,카카오,제기동역 1호선
서울교통공사,1호선,종각,2,서울교통공사,37.570175,126.983226,서울특별시 종로구 종로 지하55(종로1가),37.570227990912244,126.98315081716676,카카오,종각역 1호선
서울교통공사,1호선,종로3가,2,서울교통공사,37.57042,126.992153,서울특별시 종로구 종로 지하129(종로3가),37.570420844523,126.992153252476,카카오,종로3가역 1호선
서울교통공사,1호선,종로5가,1,서울교통공사,37.571743,127.011169,서울특별시 종로구 종로 지하216(종로5가),37.57097610838373,127.00153834521934,카카오,종로5가역 1호선
서울교통공사,1호선,청량리,1,서울교통공사,,,서울특별시 동대문구 왕산로 지하205(전농동),37.57997010526071,127.04773632414528,카카오,청량리역
서울교통공사,2호선,강남,1,서울교통공사,37.498086,127.028001,서울특별시 강남구 강남대로 지하396(역삼동),37.49808633653005,127.02800140627488,카카오,강남역 2호선
서울교통공사,2호선,강변,1,서울교통공사,37.535118,127.09474,서울특별시 광진구 강변역로 53(구의동),37.5351180385975,127.094741101863,카카오,강변역 2호선
서울교통공사,2호선,건대입구,1,서울교통공사,37.540408,127.069202,서울특별시 광진구 아차산로 243(화양동),37.54040751726388,127.06920291650829,카카오,건대입구역 2호선
서울교통공사,2호선,교대,1,서울교통공사,37.4939,127.014384,서울특별시 서초구 서초대로 지하294(서초동),37.4927431676548,127.013867969161,카카오,교대역 3호선
서울교통공사,2호선,구로디지털단지,1,서울교통공사,37.477028,126.963396,서울특별시 구로구 도림천로 477(구로동),37.4852605752505,126.901473080039,카카오,구로디지털단지역 2호선
서울교통공사,2호선,구의,1,서울교통공사,37.537175,127.08618,서울특별시 광진구 아차산로 384-1(구의동),37.5371752725594,127.086180837795,카카오,구의역 2호선
서울교통공사,2호선,낙성대,1,서울교통공사,37.477093,126.963524,서울특별시 관악구 남부순환로 지하1928(봉천동),37.4770932409965,126.963523905001,카카오,낙성대역 2호선
서울교통공사,2호선,당산,1,서울교통공사,37.534784,126.902612,서울특별시 영등포구 당산로 229(당산동6가),37.5347843171332,126.902611795523,카카오,당산역 2호선
서울교통공사,2호선,대림,1,서울교통공사,37.481113,126.952634,서울특별시 구로구 도림천로 351(구로동),37.4933099444417,126.894931036051,카카오,대림역 2호선
서울교통공사,2호선,도림천,1,서울교통공사,37.637537,126.918588,서울특별시 구로구 경인로67길 160(신도림동),37.5145080414761,126.882649092584,카카오,도림천역 2호선
서울교통공사,2호선,동대문역사문화공원,1,서울교통공사,37.565281,127.01664,서울특별시 중구 을지로 지하279(을지로7가),37.56566440553802,127.00900417014896,카카오,동대문역사문화공원역 2호선
서울교통공사,2호선,뚝섬,1,서울교통공사,37.544601,127.056885,서울특별시 성동구 아차산로 18(성수동1가),37.547241554679,127.04738727881,카카오,뚝섬역 2호선
서울교통공사,2호선,문래,1,서울교통공사,37.48751,126.912991,서울특별시 영등포구 당산로 지하28(문래동3가),37.5179757181801,126.894778820701,카카오,문래역 2호선
서울교통공사,2호선,방배,1,서울교통공사,37.508826,127.063067,서울특별시 서초구 방배로 지하80(방배동),37.4814561268152,126.997553345516,카카오,방배역 2호선
서울교통공사,2호선,봉천,1,서울교통공사,37.481297,126.99732,서울특별시 관악구 남부순환로 지하1721(봉천동),37.4824725161034,126.941686527151,카카오,봉천역 2호선
서울교통공사,2호선,사당,2,서울교통공사,37.476562,126.981559,서울특별시 동작구 남부순환로 지하2089(사당동),37.47656223234824,126.98155858357366,카카오,사당역 2호선
서울교통공사,2호선,삼성,1,서울교통공사,37.518622,127.1049,서울특별시 강남구 테헤란로 지하538(삼성동),37.508822740225305,127.06302321147605,카카오,삼성역 2호선
서울교통공사,2호선,상왕십리,1,서울교통공사,37.562259,127.037228,서울특별시 성동구 왕십리로 지하374(하왕십리동),37.56443666620397,127.02927241035283,카카오,상왕십리역 2호선
서울교통공사,2호선,서울대입구,1,서울교통공사,37.492765,127.010541,서울특별시 관악구 남부순환로 지하1822(봉천동),37.4812845080678,126.952713197762,카카오,서울대입구역 2호선
서울교통공사,2호선,서초,1,서울교통공사,37.49185,127.007662,서울특별시 서초구 서초대로 지하233(서초동),37.4918499338918,127.007662120039,카카오,서초역 2호선
서울교통공사,2호선,선릉,1,서울교통공사,37.517661,127.074659,서울특별시 강남구 테헤란로 지하340(삼성동),37.505167825521674,127.04870992465413,카카오,선릉역 수인분당선
서울교통공사,2호선,성수,1,서울교통공사,37.558689,127.053172,서울특별시 성동구 아차산로 100(성수동2가),37.5445888153751,127.056066999327,카카오,성수역 2호선
서울교통공사,2호선,시청,2,서울교통공사,37.563681,126.975598,서울특별시 중구 세종대로 지하101(정동),37.56368183746611,126.97559827045151,카카오,시청역 2호선
서울교통공사,2호선,신답,1,서울교통공사,37.55589,126.955661,서울특별시 성동구 천호대로 232(용답동),37.5698386846442,127.047080117369,카카오,신답역 2호선
서울교통공사,2호선,신당,1,서울교통공사,37.563933,127.029793,서울특별시 중구 퇴계로 지하431-1(신당동),37.5656730531732,127.019477533278,카카오,신당역 2호선
서울교통공사,2호선,신대방,1,서울교통공사,37.48765,126.913508,서울특별시 동작구 대림로 2(신대방동),37.48765046104574,126.91350747615147,카카오,신대방역 2호선
서울교통공사,2호선,신도림,2,서울교통공사,37.483348,126.935635,서울특별시 구로구 새말로 지하 117-21(신도림동),37.508908482648,126.891312500851,카카오,신도림역 1호선
서울교통공사,2호선,신림,1,서울교통공사,37.484267,126.929745,서울특별시 관악구 남부순환로 지하1614(신림동),37.484267135140364,126.9297453749671,카카오,신림역 2호선
서울교통공사,2호선,신설동,1,서울교통공사,37.534931,126.90273,서울특별시 동대문구 왕산로 지하1(신설동),37.5760299683175,127.024456700382,카카오,신설동역 1호선
서울교통공사,2호선,신정네거리,1,서울교통공사,37.610483,126.929288,서울특별시 양천구 중앙로 지하261(신정동),37.5202231231721,126.852889567642,카카오,신정네거리역 2호선
서울교통공사,2호선,신촌,1,서울교통공사,37.512518,126.865711,서울특별시 마포구 신촌로 지하90(노고산동),37.555198169366435,126.93698075993808,카카오,신촌역 2호선
서울교통공사,2호선,아현,1,서울교통공사,37.517887,126.894751,서울특별시 마포구 신촌로 지하270(아현동),37.55740617797663,126.95614644008904,카카오,아현역 2호선
서울교통공사,2호선,양천구청,1,서울교통공사,37.618888,126.920832,서울특별시 양천구 목동로3길 지하33(신정동),37.5123888716808,126.865722369229,카카오,양천구청역 2호선
서울교통공사,2호선,역삼,1,서울교통공사,,,서울특별시 강남구 테헤란로 지하156(역삼동),37.5006744185994,127.03646946847,카카오,역삼역 2호선
서울교통공사,2호선,영등포구청,1,서울교통공사,37.485127,126.901529,서울특별시 영등포구 당산로 지하121(당산동3가),37.5258305311402,126.89667739939,카카오,영등포구청역 2호선
서울교통공사,2호선,왕십리,1,서울교통공사,37.555259,127.043658,서울특별시 성동구 왕십리로 지하300(행당동),37.561268363317176,127.03710337610202,카카오,왕십리역 2호선
서울교통공사,2호선,용답,1,서울교통공사,37.559493,126.963818,서울특별시 성동구 용답길 86(용답동),37.562122776762756,127.05088954367504,카카오,용답역 2호선
서울교통공사,2호선,용두,4,서울교통공사,37.574062,127.038276,서울특별시 동대문구 천호대로 지하129(용두동),37.5740621283646,127.038275698211,카카오,용두역 2호선
서울교통공사,2호선,을지로3가,1,서울교통공사,37.566489,126.996528,서울특별시 중구 을지로 지하106(을지로3가),37.56629149790628,126.99098443539428,카카오,을지로3가역 2호선
서울교통공사,2호선,을지로4가,1,서울교통공사,37.565718,127.008485,서울특별시 중구 을지로 지하178(을지로4가),37.5666405038268,126.997632059113,카카오,을지로4가역 2호선
서울교통공사,2호선,을지로입구,1,서울교통공사,37.566171,126.990203,서울특별시 중구 을지로 지하42(을지로1가),37.566035517712955,126.9821953112953,카카오,을지로입구역 2호선
서울교통공사,2호선,이대,1,서울교통공사,37.518294,126.853619,서울특별시 마포구 신촌로 지하180(염리동),37.556814718869,126.94642954546576,카카오,이대역 2호선
서울교통공사,2호선,잠실,1,서울교통공사,37.513311,127.100231,서울특별시 송파구 올림픽로 지하265(신천동),37.51331105877401,127.10023101886318,카카오,잠실역 2호선
서울교통공사,2호선,잠실나루,1,서울교통공사,37.520712,127.103809,서울특별시 송파구 오금로 20(신천동),37.5207124124456,127.103808749487,카카오,잠실나루역 2호선
서울교통공사,2호선,잠실새내,1,서울교통공사,37.511626,127.086314,서울특별시 송파구 올림픽로 지하140(잠실동),37.5116263587296,127.086314327913,카카오,잠실새내역 2호선
서울교통공사,2호선,종합운동장,2,서울교통공사,37.511145,127.073849,서울특별시 송파구 올림픽로 지하23(잠실동),37.5111446632705,127.073849447402,카카오,종합운동장역 2호선
서울교통공사,2호선,충정로,1,서울교통공사,37.525656,126.896614,서울특별시 서대문구 서소문로 지하17(충정로3가),37.56042867918723,126.96303964820936,카카오,충정로역 5호선
서울교통공사,2호선,한양대,1,서울교통공사,37.547177,127.04738,서울특별시 성동구 왕십리로 206(행당동),37.5557159860408,127.043639802768,카카오,한양대역 2호선
서울교통공사,2호선,합정,1,서울교통공사,37.549913,126.914454,서울특별시 마포구 양화로 지하55(서교동),37.54991315995173,126.91445406513526,카카오,합정역 2호선
서울교통공사,2호선,홍대입구,1,서울교통공사,37.514401,126.882685,서울특별시 마포구 양화로 지하160(동교동),37.5568707448873,126.923778562273,카카오,홍대입구역 2호선
서울교통공사,3호선,가락시장,2,서울교통공사,37.492249,127.117642,서울특별시 송파구 송파대로 지하257(가락동),37.4930992522183,127.118262745146,카카오,가락시장역 8호선
서울교통공사,3호선,경복궁,1,서울교통공사,37.571196,126.991959,서울특별시 종로구 사직로 지하130(적선동),37.5758061234865,126.973691352767,카카오,경복궁역 3호선
서울교통공사,3호선,경찰병원,2,서울교통공사,37.496005,127.124482,서울특별시 송파구 중대로 지하149(가락동),37.4960049150853,127.124482397777,카카오,경찰병원역 3호선
서울교통공사,3호선,교대,1,서울교통공사,37.484761,127.033371,서울특별시 서초구 서초대로 지하294(서초동),37.4927431676548,127.013867969161,카카오,교대역 3호선
서울교통공사,3호선,구파발,1,서울교통공사,37.600702,126.936005,서울특별시 은평구 진관2로 지하15-25 (진관동),37.6364357889145,126.918852820009,카카오,구파발역 3호선
서울교통공사,3호선,금호,1,서울교통공사,37.548261,127.015829,서울특별시 성동구 동호로 지하104(금호동4가),37.548260922874086,127.01582916945283,카카오,금호역 3호선
서울교통공사,3호선,남부터미널,1,서울교통공사,37.486941,127.046621,서울특별시 서초구 서초중앙로 지하31(서초동),37.4851996335293,127.01620028391,카카오,남부터미널역 3호선
서울교통공사,3호선,녹번,1,서울교통공사,37.574301,126.955918,서울특별시 은평구 통일로 지하602-1(녹번동),37.6008067681825,126.935828008217,카카오,녹번역 3호선
서울교통공사,3호선,대청,1,서울교통공사,37.48735,127.101842,서울특별시 강남구 일원로 지하2(일원동),37.49370832148055,127.07952812085006,카카오,대청역 3호선
서울교통공사,3호선,대치,1,서울교통공사,37.493686,127.079479,서울특별시 강남구 남부순환로 지하2952(대치동),37.4944966528582,127.063203409529,카카오,대치역 3호선
서울교통공사,3호선,도곡,1,서울교통공사,37.496679,127.071705,서울특별시 강남구 남부순환로 지하2814(도곡동),37.49097398162934,127.05549883514037,카카오,도곡역 3호선
서울교통공사,3호선,독립문,1,서울교통공사,37.574466,126.957914,서울특별시 서대문구 통일로 지하247(현저동),37.57446627898665,126.95791371132584,카카오,독립문역 3호선
서울교통공사,3호선,동대입구,1,서울교통공사,37.559056,127.005316,서울특별시 중구 동호로 지하256(장충동2가),37.55905581925076,127.00531600900922,카카오,동대입구역 3호선
서울교통공사,3호선,매봉,1,서울교통공사,37.494543,127.063426,서울특별시 강남구 남부순환로 지하2744(도곡동),37.4869394661317,127.046711448388,카카오,매봉역 3호선
서울교통공사,3호선,무악재,1,서울교통공사,37.576696,126.985804,서울특별시 서대문구 통일로 지하361(홍제동),37.5825632263526,126.950230954136,카카오,무악재역 3호선
서울교통공사,3호선,불광,1,서울교통공사,37.582361,126.950438,서울특별시 은평구 통일로 지하723-1(대조동),37.6100477979795,126.930315826401,카카오,불광역 3호선
서울교통공사,3호선,수서,1,서울교통공사,37.48756,127.10241,서울특별시 강남구 광평로 지하270(수서동),37.48549612670822,127.10437056849396,카카오,수서역
서울교통공사,3호선,신사,1,서울교통공사,37.494847,127.017286,서울특별시 강남구 도산대로 지하102(신사동),37.51643597531432,127.02030856272764,카카오,신사역 3호선
서울교통공사,3호선,안국,1,서울교통공사,37.566412,126.994185,서울특별시 종로구 율곡로 지하62(안국동),37.57650192060523,126.98542143228659,카카오,안국역 3호선
서울교통공사,3호선,압구정,1,서울교통공사,37.513082,127.011857,서울특별시 강남구 압구정로 지하172(신사동),37.52649127416921,127.02850865895756,카카오,압구정역 3호선
서울교통공사,3호선,약수,1,서울교통공사,37.569744,127.046945,서울특별시 중구 다산로 지하122(신당동),37.5545053994984,127.010891666957,카카오,약수역 3호선
서울교통공사,3호선,양재,1,서울교통공사,37.490825,127.055306,서울특별시 서초구 남부순환로 지하2585(서초동),37.48457681195669,127.03416413380752,카카오,양재역 3호선
서울교통공사,3호선,연신내,1,서울교통공사,37.588672,126.944227,서울특별시 은평구 통일로 지하849(갈현동),37.61920414913163,126.92110296894133,카카오,연신내역 3호선
서울교통공사,3호선,오금,2,서울교통공사,37.502322,127.128483,서울특별시 송파구 오금로 지하321(오금동),37.5021388575469,127.127953219596,카카오,오금역 5호선
서울교통공사,3호선,옥수,2,서울교통공사,37.541566,127.017394,서울특별시 성동구 동호로 21(옥수동),37.5415662783673,127.017393782846,카카오,옥수역 3호선
서울교통공사,3호선,을지로3가,1,서울교통공사,37.548038,127.015883,서울특별시 중구 을지로 지하106(을지로3가),37.56629149790628,126.99098443539428,카카오,을지로3가역 2호선
서울교통공사,3호선,일원,1,서울교통공사,37.483989,127.08413,서울특별시 강남구 일원로 지하121(일원동),37.4839886684666,127.084129757128,카카오,일원역 3호선
서울교통공사,3호선,잠원,1,서울교통공사,37.486661,127.015218,서울특별시 서초구 잠원로4길 지하46(잠원동),37.5128899169357,127.011419491429,카카오,잠원역 3호선
서울교통공사,3호선,종로3가,1,서울교통공사,37.571563,126.991876,서울특별시 종로구 종로 지하129(종로3가),37.570420844523,126.992153252476,카카오,종로3가역 1호선
서울교통공사,3호선,학여울,1,서울교통공사,37.483953,127.084413,서울특별시 강남구 남부순환로 지하3104(대치동),37.4968851977644,127.071166599707,카카오,학여울역 3호선
서울교통공사,3호선,홍제,2,서울교통공사,37.57582,126.973058,서울특별시 서대문구 통일로 지하440-1(홍제동),37.5887953806088,126.944158007985,카카오,홍제역 3호선
서울교통공사,4호선,길음,1,서울교통공사,37.581893,127.001953,서울특별시 성북구 동소문로 지하248(길음동),37.603394782316634,127.02506019737066,카카오,길음역 4호선
서울교통공사,4호선,남태령,1,서울교통공사,37.588021,127.005797,서울특별시 서초구 과천대로 지하816(방배동),37.4642499558525,126.989085267707,카카오,남태령역 4호선
서울교통공사,4호선,노원,1,서울교통공사,37.639775,127.027208,서울특별시 노원구 상계로 69-1(상계동),37.6563403513278,127.063449137455,카카오,노원역 4호선
서울교통공사,4호선,당고개,2,서울교통공사,37.670217,127.079067,서울특별시 노원구 상계로 305(상계동),37.67021773630595,127.07906662027122,카카오,불암산역 4호선
서울교통공사,4호선,동대문,1,서울교통공사,37.561159,126.994398,서울특별시 종로구 종로 지하302(창신동),37.57166940579655,127.0106338108367,카카오,동대문역 1호선
서울교통공사,4호선,동대문역사문화공원,2,서울교통공사,37.565144,127.007915,서울특별시 중구 을지로 지하279(을지로7가),37.56566440553802,127.00900417014896,카카오,동대문역사문화공원역 2호선
서울교통공사,4호선,동작,1,서울교통공사,37.50298,126.980315,서울특별시 동작구 현충로 257(동작동),37.50294134516106,126.97810272869033,카카오,동작역 9호선
서울교통공사,4호선,명동,1,서울교통공사,37.545528,126.97197,서울특별시 중구 퇴계로 지하126(충무로2가),37.56096526943837,126.98640235001736,카카오,명동역 4호선
서울교통공사,4호선,미아,1,서울교통공사,37.593048,127.016714,서울특별시 강북구 도봉로 지하198(미아동),37.6266544891889,127.026041090189,카카오,미아역 4호선
서울교통공사,4호선,미아사거리,1,서울교통공사,37.492504,126.894962,서울특별시 강북구 도봉로 지하50(미아동),37.61327836400571,127.03008663628454,카카오,미아사거리역 4호선
서울교통공사,4호선,사당,3,서울교통공사,37.477591,126.981698,서울특별시 동작구 남부순환로 지하2089(사당동),37.47656223234824,126.98155858357366,카카오,사당역 2호선
서울교통공사,4호선,삼각지,1,서울교통공사,37.503465,126.979927,서울특별시 용산구 한강대로 지하180(한강로1가),37.5344393447708,126.972922951307,카카오,삼각지역 4호선
서울교통공사,4호선,상계,1,서울교통공사,37.648811,127.034866,서울특별시 노원구 상계로 182(상계동),37.660720544722,127.073421632239,카카오,상계역 4호선
서울교통공사,4호선,서울,1,서울교통공사,37.529364,126.968299,서울특별시 중구 세종대로 지하2(남대문로 5가),37.55332892758497,126.96974961781686,카카오,서울역 공항철도
서울교통공사,4호선,성신여대입구,1,서울교통공사,37.570385,127.009529,서울특별시 성북구 동소문로 지하102(동선동4가),37.59296812939267,127.0171260607647,카카오,성신여대입구역 4호선
서울교통공사,4호선,수유,1,서울교통공사,37.603225,127.024965,서울특별시 강북구 도봉로 지하338(수유동),37.63788539420793,127.02550910860451,카카오,수유역 4호선
서울교통공사,4호선,숙대입구,1,서울교통공사,37.522481,126.973671,서울특별시 용산구 한강대로 지하306(갈월동),37.5445952301115,126.972118127373,카카오,숙대입구역 4호선
서울교통공사,4호선,신용산,1,서울교통공사,37.487514,126.982162,서울특별시 용산구 한강대로 지하112(한강로2가),37.5292591489375,126.967965039183,카카오,신용산역 4호선
서울교통공사,4호선,쌍문,1,서울교통공사,37.615104,127.030046,서울특별시 도봉구 도봉로 지하 486-1(창동),37.6485426057036,127.03465609756,카카오,쌍문역 4호선
서울교통공사,4호선,이촌,1,서울교통공사,37.522373,126.97452,서울특별시 용산구 서빙고로 지하83(용산동5가),37.52241291408466,126.97354382085399,카카오,이촌역 경의중앙선
서울교통공사,4호선,창동,1,서울교통공사,37.629878,127.024714,서울특별시 도봉구 마들로11길 77(창동),37.6533385121404,127.047644999036,카카오,창동역 1호선
서울교통공사,4호선,총신대입구,1,서울교통공사,37.4868,126.982212,서울특별시 동작구 동작대로 지하117(사당동),37.4867995957995,126.982211871752,카카오,총신대입구역 4호선
서울교통공사,4호선,충무로,1,서울교통공사,37.535982,126.971351,서울특별시 중구 퇴계로 지하214(필동2가),37.56139658395457,126.99414960395544,카카오,충무로역 3호선
서울교통공사,4호선,한성대입구,1,서울교통공사,37.588425,127.006018,서울특별시 성북구 삼선교로 지하1(삼선동1가),37.58842461354086,127.00601781685579,카카오,한성대입구역 4호선
서울교통공사,4호선,혜화,1,서울교통공사,37.582044,127.01945,서울특별시 종로구 대학로 지하120(명륜4가),37.58204391787134,127.00194500977393,카카오,혜화역 4호선
서울교통공사,4호선,회현,1,서울교통공사,37.534394,126.973014,서울특별시 중구 퇴계로 지하54(남창동),37.55876114587941,126.9784372569283,카카오,회현역 4호선
서울교통공사,5호선,강동,1,서울교통공사,37.53594,127.1299,서울특별시 강동구 천호대로 지하1097(천호동),37.5358819145235,127.132396300314,카카오,강동역 5호선
서울교통공사,5호선,강일,2,서울교통공사,37.55758,127.17588,서울특별시 강동구 고덕로 지하456(강일동),37.5574259795986,127.175680183486,카카오,강일역 5호선
서울교통공사,5호선,개롱,1,서울교통공사,37.498162,127.132471,서울특별시 송파구 오금로 지하402(가락동),37.497968278388235,127.13507959838425,카카오,개롱역 5호선
서울교통공사,5호선,개화산,1,서울교통공사,37.572455,126.80465,서울특별시 강서구 양천로 22(방화동),37.5725371505293,126.806814314979,카카오,개화산역 5호선
서울교통공사,5호선,거여,1,서울교통공사,37.494249,127.13979,서울특별시 송파구 오금로 지하499(거여동),37.4933304500736,127.143773841911,카카오,거여역 5호선
서울교통공사,5호선,고덕,1,서울교통공사,37.555051,127.151921,서울특별시 강동구 고덕로 지하253(고덕동),37.55504766830918,127.15416500963447,카카오,고덕역 5호선
서울교통공사,5호선,공덕,1,서울교통공사,37.544542,126.951451,서울특별시 마포구 마포대로 지하100(공덕동),37.5445416897534,126.951451177648,카카오,공덕역 5호선
서울교통공사,5호선,광나루,1,서울교통공사,37.545332,127.101417,서울특별시 광진구 아차산로 지하571(광장동),37.5452991715677,127.103521464507,카카오,광나루역 5호선
서울교통공사,5호선,광화문,1,서울교통공사,37.568666,126.969794,서울특별시 종로구 세종대로 지하172(세종로),37.57164860977568,126.97642427981408,카카오,광화문역 5호선
서울교통공사,5호선,군자,1,서울교통공사,37.557336,127.0774,서울특별시 광진구 천호대로 지하550(능동),37.557151488837924,127.0795106156054,카카오,군자역 5호선
서울교통공사,5호선,굽은다리,1,서울교통공사,37.545539,127.140717,서울특별시 강동구 양재대로 지하1572(명일동),37.54551759022203,127.14288387331297,카카오,굽은다리역 5호선
서울교통공사,5호선,길동,1,서울교통공사,37.537769,127.137803,서울특별시 강동구 양재대로 지하1480(길동),37.5378264874159,127.140021295948,카카오,길동역 5호선
서울교통공사,5호선,김포공항,2,서울교통공사,37.5621,126.801257,서울특별시 강서구 하늘길 지하77(방화동),37.56196757232288,126.80191361988808,카카오,김포공항역 9호선
서울교통공사,5호선,까치산,1,서울교통공사,37.531768,126.844517,서울특별시 강서구 강서로 지하54(화곡동),37.5322306724471,126.846444264065,카카오,까치산역 5호선
서울교통공사,5호선,답십리,1,서울교통공사,37.567072,127.050193,서울특별시 성동구 천호대로 지하300(용답동),37.56697480965114,127.05256127651293,카카오,답십리역 5호선
서울교통공사,5호선,동대문역사문화공원,1,서울교통공사,37.565102,127.005576,서울특별시 중구 을지로 지하279(을지로7가),37.56566440553802,127.00900417014896,카카오,동대문역사문화공원역 2호선
서울교통공사,5호선,둔촌동,1,서울교통공사,37.527657,127.134042,서울특별시 강동구 양재대로 지하1369(둔촌동),37.52765684247226,127.13621464981398,카카오,둔촌동역 5호선
서울교통공사,5호선,마곡,1,서울교통공사,37.561084,126.823603,서울특별시 강서구 공항대로 지하163(마곡동),37.56022863776301,126.82469691791624,카카오,마곡역 5호선
서울교통공사,5호선,마장,1,서울교통공사,37.566127,127.040776,서울특별시 성동구 마장로 지하296(마장동),37.5661389565959,127.042984855663,카카오,마장역 5호선
서울교통공사,5호선,마천,1,서울교통공사,37.49502,127.150601,서울특별시 송파구 마천로57길 지하7(마천동),37.4950381629493,127.152859864985,카카오,마천역 5호선
서울교통공사,5호선,마포,1,서울교통공사,37.539705,126.943851,서울특별시 마포구 마포대로 지하33(도화동),37.53955402908912,126.94586257221307,카카오,마포역 5호선
서울교통공사,5호선,명일,1,서울교통공사,37.55131,127.141825,서울특별시 강동구 양재대로 지하1632(명일동),37.5513978958277,127.14404374474,카카오,명일역 5호선
서울교통공사,5호선,목동,1,서울교통공사,37.526072,126.862112,서울특별시 양천구 오목로 지하245(목동),37.526135115923466,126.86462527157516,카카오,목동역 5호선
서울교통공사,5호선,미사,2,서울교통공사,37.563355,127.192636,경기도 하남시 미사강변동로 지하90(망월동),37.562991348199,127.192490980441,카카오,미사역 5호선
서울교통공사,5호선,발산,1,서울교통공사,37.558678,126.837736,서울특별시 강서구 공항대로 지하267(마곡동),37.558677743241596,126.83773640693936,카카오,발산역 5호선
서울교통공사,5호선,방이,1,서울교통공사,37.508559,127.123771,서울특별시 송파구 양재대로 지하1127(방이동),37.5087506251989,127.126096046986,카카오,방이역 5호선
서울교통공사,5호선,방화,1,서울교통공사,37.577622,126.810637,서울특별시 강서구 금낭화로 지하132(방화동),37.5776031994404,126.812819296675,카카오,방화역 5호선
서울교통공사,5호선,상일동,1,서울교통공사,37.557055,127.166995,서울특별시 강동구 고덕로 지하359(상일동),37.5566778757215,127.165905758209,카카오,상일동역 5호선
서울교통공사,5호선,서대문,1,서울교통공사,37.56577,126.964461,서울특별시 종로구 통일로 지하126(평동),37.56575193662503,126.96663755850754,카카오,서대문역 5호선
서울교통공사,5호선,송정,1,서울교통공사,36.344485,126.875648,서울특별시 강서구 공항대로 지하33(공항동),37.5611612387718,126.812430347154,카카오,송정역 5호선
서울교통공사,5호선,신금호,1,서울교통공사,37.554468,127.018605,서울특별시 성동구 금호로 지하154(금호동2가),37.55447619249223,127.02049316578315,카카오,신금호역 5호선
서울교통공사,5호선,신길,1,서울교통공사,37.517346,126.914221,서울특별시 영등포구 경인로114가길 지하9(영등포동1가),37.51678703217714,126.91836721069228,카카오,신길역 1호선
서울교통공사,5호선,신정,1,서울교통공사,37.524977,126.853975,서울특별시 양천구 오목로 지하179(신정동),37.5250276134139,126.856097474225,카카오,신정역 5호선
서울교통공사,5호선,아차산,1,서울교통공사,37.551959,127.087363,서울특별시 광진구 천호대로 지하657(능동),37.55224917071854,127.08956495447913,카카오,아차산역 5호선
서울교통공사,5호선,애오개,1,서울교통공사,37.55359,126.95455,서울특별시 마포구 마포대로 지하210(아현동),37.5534131497489,126.956669363197,카카오,애오개역 5호선
서울교통공사,5호선,양평,1,서울교통공사,37.509109,127.049088,서울특별시 영등포구 양산로 지하21(양평동2가),37.5255796429707,126.886419282885,카카오,양평역 5호선
서울교통공사,5호선,여의나루,1,서울교통공사,37.527141,126.930621,서울특별시 영등포구 여의동로 지하343(여의도동),37.5271469489465,126.93298596744,카카오,여의나루역 5호선
서울교통공사,5호선,여의도,1,서울교통공사,37.52157,126.922123,서울특별시 영등포구 여의나루로 지하40(여의도동),37.5217753947299,126.924397990207,카카오,여의도역 5호선
서울교통공사,5호선,영등포구청,1,서울교통공사,37.526714,126.893067,서울특별시 영등포구 당산로 지하121(당산동3가),37.5258305311402,126.89667739939,카카오,영등포구청역 2호선
서울교통공사,5호선,영등포시장,1,서울교통공사,37.521638,126.902798,서울특별시 영등포구 양산로 지하200(영등포동5가),37.522709383885,126.905179566968,카카오,영등포시장역 5호선
서울교통공사,5호선,오금,1,서울교통공사,37.502234,127.126165,서울특별시 송파구 오금로 지하321(오금동),37.5021388575469,127.127953219596,카카오,오금역 5호선
서울교통공사,5호선,오목교,1,서울교통공사,37.524553,126.872861,서울특별시 양천구 오목로 지하342(목동),37.5245340839144,126.875307312696,카카오,오목교역 5호선
서울교통공사,5호선,올림픽공원,1,서울교통공사,37.516628,127.128901,서울특별시 송파구 양재대로 지하1233(방이동),37.5163389870117,127.130963675401,카카오,올림픽공원역 5호선
서울교통공사,5호선,왕십리,1,서울교통공사,37.56204,127.037331,서울특별시 성동구 왕십리로 지하300(행당동),37.561268363317176,127.03710337610202,카카오,왕십리역 2호선
서울교통공사,5호선,우장산,1,서울교통공사,37.548816,126.836326,서울특별시 강서구 강서로 지하262(화곡동),37.54881618721654,126.83632627213518,카카오,우장산역 5호선
서울교통공사,5호선,을지로4가,1,서울교통공사,37.567015,126.995642,서울특별시 중구 을지로 지하178(을지로4가),37.5666405038268,126.997632059113,카카오,을지로4가역 2호선
서울교통공사,5호선,장한평,1,서울교통공사,37.561472,127.062468,서울특별시 동대문구 천호대로 지하405(장안동),37.5616038910656,127.06370373106944,카카오,장한평역 5호선
서울교통공사,5호선,종로3가,1,서울교통공사,37.5715,126.989059,서울특별시 종로구 종로 지하129(종로3가),37.570420844523,126.992153252476,카카오,종로3가역 1호선
서울교통공사,5호선,천호,1,서울교통공사,37.538462,127.122905,서울특별시 강동구 천호대로 지하997(천호동),37.5385112120297,127.12392845044,카카오,천호역 5호선
서울교통공사,5호선,충정로,1,서울교통공사,37.560055,126.961483,서울특별시 서대문구 서소문로 지하17(충정로3가),37.56042867918723,126.96303964820936,카카오,충정로역 5호선
서울교통공사,5호선,하남검단산,1,서울교통공사,37.53996,127.22263,경기도 하남시 대청로 지하100(창우동),37.5398032640088,127.223219337317,카카오,하남검단산역 5호선
서울교통공사,5호선,하남시청,1,서울교통공사,37.54172,127.20676,경기도 하남시 하남대로 지하820(덕풍동),37.5419775122576,127.206298162203,카카오,하남시청역 5호선
서울교통공사,5호선,하남풍산,1,서울교통공사,37.552026,127.203768,경기도 하남시 덕풍서로 지하50(덕풍동),37.5522898049699,127.204006631381,카카오,하남풍산역 5호선
서울교통공사,5호선,행당,1,서울교통공사,37.557364,127.029512,서울특별시 성동구 행당로 지하89(행당동),37.5573637818732,127.029511840513,카카오,행당역 5호선
서울교통공사,5호선,화곡,1,서울교통공사,37.541578,126.838247,서울특별시 강서구 화곡로 지하168(화곡동),37.5416507925709,126.840455026335,카카오,화곡역 5호선
서울교통공사,6호선,고려대,1,서울교통공사,37.590401,127.03367,서울특별시 성북구 종암로 지하1(종암동),37.59044191064368,127.03630828564728,카카오,고려대역 6호선
서울교통공사,6호선,공덕,1,서울교통공사,37.54322,126.949387,서울특별시 마포구 마포대로 지하100(공덕동),37.5445416897534,126.951451177648,카카오,공덕역 5호선
서울교통공사,6호선,광흥창,1,서울교통공사,37.547478,126.929666,서울특별시 마포구 독막로 지하165(창전동),37.54748648317645,126.93202965599583,카카오,광흥창역 6호선
서울교통공사,6호선,구산,1,서울교통공사,37.611025,126.915399,서울특별시 은평구 연서로 지하137-1(구산동),37.61124669148435,126.91725947715172,카카오,구산역 6호선
서울교통공사,6호선,녹사평,1,서울교통공사,37.534945,126.983163,서울특별시 용산구 녹사평대로 지하195(용산동4가),37.5347227952064,126.9865496751,카카오,녹사평역 6호선
서울교통공사,6호선,대흥,1,서울교통공사,37.547674,126.940143,서울특별시 마포구 대흥로 지하85(대흥동),37.5476479056751,126.942473188734,카카오,대흥역 6호선
서울교통공사,6호선,독바위,1,서울교통공사,37.618387,126.930848,서울특별시 은평구 불광로 지하129-1(불광동),37.6184141599944,126.933053652461,카카오,독바위역 6호선
서울교통공사,6호선,돌곶이,1,서울교통공사,37.610493,127.054214,서울특별시 성북구 화랑로 지하243(석관동),37.61054501416126,127.0564381246322,카카오,돌곶이역 6호선
서울교통공사,6호선,동묘앞,1,서울교통공사,37.572729,127.013819,서울특별시 종로구 종로 359(숭인동),37.5732166600283,127.016364227103,카카오,동묘앞역 1호선
서울교통공사,6호선,디지털미디어시티,2,서울교통공사,37.577964,126.898232,서울특별시 은평구 수색로 지하175(증산동),37.57601374718818,126.90127778415635,카카오,디지털미디어시티역 6호선
서울교통공사,6호선,마포구청,2,서울교통공사,37.563418,126.901283,서울특별시 마포구 월드컵로 지하190(성산동),37.5634871865932,126.903425598797,카카오,마포구청역 6호선
서울교통공사,6호선,망원,1,서울교통공사,37.555757,126.907718,서울특별시 마포구 월드컵로 지하77(망원동),37.5560826563712,126.910094329982,카카오,망원역 6호선
서울교통공사,6호선,버티고개,1,서울교통공사,37.547892,127.004934,서울특별시 중구 다산로 지하38(신당동),37.5478275106099,127.006730866101,카카오,버티고개역 6호선
서울교통공사,6호선,보문,1,서울교통공사,37.58533,127.017202,서울특별시 성북구 보문로 지하116(보문동1가),37.585541696968,127.020003515933,카카오,보문역 6호선
서울교통공사,6호선,봉화산,1,서울교통공사,37.699655,127.050087,서울특별시 중랑구 신내로 지하232(신내동),37.617350836302734,127.09136011564394,카카오,봉화산역 6호선
서울교통공사,6호선,불광,1,서울교통공사,37.610098,126.928007,서울특별시 은평구 통일로 지하723-1(대조동),37.6100477979795,126.930315826401,카카오,불광역 3호선
서울교통공사,6호선,삼각지,1,서울교통공사,37.53563,126.974797,서울특별시 용산구 한강대로 지하180(한강로1가),37.5344393447708,126.972922951307,카카오,삼각지역 4호선
서울교통공사,6호선,상수,1,서울교통공사,37.547703,126.920759,서울특별시 마포구 독막로 지하85(상수동),37.54776618366393,126.92242989321456,카카오,상수역 6호선
서울교통공사,6호선,상월곡,1,서울교통공사,37.6066,127.046673,서울특별시 성북구 화랑로 지하157(상월곡동),37.6065588265169,127.048829192974,카카오,상월곡역 6호선
서울교통공사,6호선,새절,1,서울교통공사,37.591014,126.911393,서울특별시 은평구 증산로 지하400(신사동),37.5908600479967,126.913580663181,카카오,새절역 6호선
서울교통공사,6호선,석계,2,서울교통공사,37.615233,127.064155,서울특별시 노원구 화랑로 지하 347-1(월계동),37.61500552731744,127.06568946412851,카카오,석계역 1호선
서울교통공사,6호선,신당,1,서울교통공사,37.565671,127.017279,서울특별시 중구 퇴계로 지하431-1(신당동),37.5656730531732,127.019477533278,카카오,신당역 2호선
서울교통공사,6호선,안암,2,서울교통공사,37.587422,127.029258,서울특별시 성북구 고려대로 지하89(안암동5가),37.586307417971,127.029233420248,카카오,안암역 6호선
서울교통공사,6호선,약수,1,서울교통공사,37.553465,127.009158,서울특별시 중구 다산로 지하122(신당동),37.5545053994984,127.010891666957,카카오,약수역 3호선
서울교통공사,6호선,역촌,1,서울교통공사,37.60515,126.919893,서울특별시 은평구 서오릉로 지하63(녹번동),37.60622745935512,126.9228437430386,카카오,역촌역 6호선
서울교통공사,6호선,연신내,1,서울교통공사,37.618812,126.918653,서울특별시 은평구 통일로 지하849(갈현동),37.61920414913163,126.92110296894133,카카오,연신내역 3호선
서울교통공사,6호선,월곡,1,서울교통공사,37.601925,127.039341,서울특별시 성북구 월곡로 지하107(하월곡동),37.6018044172918,127.041460725816,카카오,월곡역 6호선
서울교통공사,6호선,월드컵경기장,2,서울교통공사,37.569656,126.896869,서울특별시 마포구 월드컵로 지하240(성산동),37.5696355653344,126.899098148061,카카오,월드컵경기장역 6호선
서울교통공사,6호선,응암,1,서울교통공사,37.598472,126.913403,서울특별시 은평구 증산로 지하477(신사동),37.5984928632876,126.9155399209037,카카오,응암역 6호선
서울교통공사,6호선,이태원,1,서울교통공사,37.534533,126.99239,서울특별시 용산구 이태원로 지하177(이태원동),37.5345252050511,126.994333861918,카카오,이태원역 6호선
서울교통공사,6호선,증산,1,서울교통공사,37.583933,126.907497,서울특별시 은평구 증산로 지하306(증산동),37.583746353282,126.909494991105,카카오,증산역 6호선
서울교통공사,6호선,창신,1,서울교통공사,37.579361,127.013092,서울특별시 종로구 지봉로 지하112(창신동),37.57941474393655,127.01529688465331,카카오,창신역 6호선
서울교통공사,6호선,청구,1,서울교통공사,37.557424,127.009814,서울특별시 중구 청구로 지하77(신당동),37.5609165488093,127.014165812912,카카오,청구역 6호선
서울교통공사,6호선,태릉입구,1,서울교통공사,37.62187,127.086099,서울특별시 노원구 동일로 지하 992-1(공릉동),37.618459513199,127.075405300578,카카오,태릉입구역 7호선
서울교통공사,6호선,한강진,1,서울교통공사,37.539518,126.999547,서울특별시 용산구 이태원로 지하287(한남동),37.5397907743775,127.001765135176,카카오,한강진역 6호선
서울교통공사,6호선,합정,1,서울교통공사,37.549575,126.911802,서울특별시 마포구 양화로 지하55(서교동),37.54991315995173,126.91445406513526,카카오,합정역 2호선
서울교통공사,6호선,화랑대,1,서울교통공사,37.621869,127.079533,서울특별시 노원구 화랑로 지하510(공릉동),37.61984245540276,127.08354181123269,카카오,화랑대역 6호선
서울교통공사,6호선,효창공원앞,1,서울교통공사,37.539289,126.95915,서울특별시 용산구 백범로 지하287(효창동),37.5393087503306,126.96139810075,카카오,효창공원앞역 6호선
서울교통공사,7호선,가산디지털단지,1,서울교통공사,37.480396,126.882662,서울특별시 금천구 벚꽃로 309(가산동),37.4803959660982,126.882661758356,카카오,가산디지털단지역 7호선
서울교통공사,7호선,강남구청,1,서울교통공사,37.517473,127.03898,서울특별시 강남구 학동로 지하346(삼성동),37.51721617197854,127.0413109462156,카카오,강남구청역 7호선
서울교통공사,7호선,건대입구,1,서울교통공사,37.540389,127.067047,서울특별시 광진구 아차산로 243(화양동),37.54040751726388,127.06920291650829,카카오,건대입구역 2호선
서울교통공사,7호선,고속터미널,1,서울교통공사,37.504914,127.002726,서울특별시 서초구 신반포로 지하188(반포동),37.50454885557265,127.00512100872538,카카오,고속터미널역 3호선
서울교통공사,7호선,공릉,1,서울교통공사,37.625543,127.073034,서울특별시 노원구 동일로 지하1074(공릉동),37.6255427648558,127.073033585328,카카오,공릉역 7호선
서울교통공사,7호선,광명사거리,1,서울교통공사,37.479307,126.852486,경기도 광명시 오리로 지하980(광명동),37.4792983082726,126.854873735158,카카오,광명사거리역 7호선
서울교통공사,7호선,남구로,1,서울교통공사,37.486051,126.885062,서울특별시 구로구 도림로 지하7(구로동),37.48625714438263,126.88741505160269,카카오,남구로역 7호선
서울교통공사,7호선,남성,1,서울교통공사,37.484876,126.968484,서울특별시 동작구 사당로 지하218(사당동),37.484793511299706,126.97091020065321,카카오,남성역 7호선
서울교통공사,7호선,내방,1,서울교통공사,37.487707,126.991409,서울특별시 서초구 서초대로 지하103(방배동),37.4876585212369,126.993600180589,카카오,내방역 7호선
서울교통공사,7호선,노원,1,서울교통공사,37.645494,127.061718,서울특별시 노원구 상계로 69-1(상계동),37.6563403513278,127.063449137455,카카오,노원역 4호선
서울교통공사,7호선,논현,2,서울교통공사,37.511206,127.019539,서울특별시 강남구 학동로 지하102(논현동),37.51120000205266,127.02165424259898,카카오,논현역 7호선
서울교통공사,7호선,대림,1,서울교통공사,37.492981,126.893984,서울특별시 구로구 도림천로 351(구로동),37.4933099444417,126.894931036051,카카오,대림역 2호선
서울교통공사,7호선,도봉산,2,서울교통공사,37.68963,127.046426,서울특별시 도봉구 도봉로 964-40(도봉동),37.68951167833238,127.04606271663916,카카오,도봉산역 1호선
서울교통공사,7호선,뚝섬유원지,1,서울교통공사,37.531537,127.064502,서울특별시 광진구 능동로 10(자양동),37.53155927720518,127.06679509976304,카카오,자양역 7호선
서울교통공사,7호선,마들,1,서울교통공사,37.654527,127.058362,서울특별시 노원구 동일로 지하1530-1(상계동),37.6652017465321,127.057712619869,카카오,마들역 7호선
서울교통공사,7호선,먹골,1,서울교통공사,37.61078,127.075518,서울특별시 중랑구 동일로 지하901(묵동),37.6106193846197,127.077762187968,카카오,먹골역 7호선
서울교통공사,7호선,면목,1,서울교통공사,37.588745,127.085305,서울특별시 중랑구 면목로 지하407(면목동),37.5887148877725,127.087503803859,카카오,면목역 7호선
서울교통공사,7호선,반포,1,서울교통공사,37.508213,127.009658,서울특별시 서초구 신반포로 지하241(잠원동),37.5081614290284,127.011586161943,카카오,반포역 7호선
서울교통공사,7호선,보라매,1,서울교통공사,37.499929,126.918093,서울특별시 동작구 상도로 지하2(대방동),37.49992085496506,126.92061230710924,카카오,보라매역 7호선
서울교통공사,7호선,사가정,1,서울교통공사,37.580966,127.086314,서울특별시 중랑구 사가정로 지하393(면목동),37.5809403751459,127.088504554212,카카오,사가정역 7호선
서울교통공사,7호선,상도,1,서울교통공사,37.503072,126.945564,서울특별시 동작구 상도로 지하272(상도1동),37.5028706251049,126.947917975554,카카오,상도역 7호선
서울교통공사,7호선,상봉,1,서울교통공사,37.595254,127.083664,서울특별시 중랑구 망우로 297(상봉동),37.59690265237782,127.08565745176551,카카오,상봉역
서울교통공사,7호선,수락산,1,서울교통공사,37.665375,127.055425,서울특별시 노원구 동일로 지하1662(상계동),37.6778814656816,127.055350968781,카카오,수락산역 7호선
서울교통공사,7호선,숭실대입구,1,서울교통공사,37.496374,126.951315,서울특별시 동작구 상도로 지하378(상도동),37.4963172817574,126.953621963422,카카오,숭실대입구역 7호선
서울교통공사,7호선,신대방삼거리,1,서울교통공사,37.487519,126.911093,서울특별시 동작구 상도로 지하76(대방동),37.499757228908564,126.92821094566965,카카오,신대방삼거리역 7호선
서울교통공사,7호선,신풍,1,서울교통공사,37.50013,126.90678,서울특별시 영등포구 신풍로 지하27(신길동),37.5001229935524,126.90975434386,카카오,신풍역 7호선
서울교통공사,7호선,어린이대공원,1,서울교통공사,37.547905,127.072404,서울특별시 광진구 능동로 지하210(화양동),37.54796087622509,127.07465525507352,카카오,어린이대공원역 7호선
서울교통공사,7호선,온수,1,서울교통공사,37.492151,126.821446,서울특별시 구로구 경인로3길 지하64(온수동),37.4919675365056,126.823847928009,카카오,온수역 7호선
서울교통공사,7호선,용마산,1,서울교통공사,37.573793,127.084629,서울특별시 중랑구 용마산로 지하227(면목동),37.57366797492471,127.08671982507775,카카오,용마산역 7호선
서울교통공사,7호선,이수,2,서울교통공사,37.485936,126.979819,서울특별시 동작구 사당로 지하310(사당동),37.48528852311765,126.98167629035197,카카오,이수역 7호선
서울교통공사,7호선,장승배기,1,서울교통공사,37.504905,126.937002,서울특별시 동작구 상도로 지하188(상도동),37.5048990621814,126.939072381356,카카오,장승배기역 7호선
서울교통공사,7호선,장암,1,서울교통공사,37.699957,127.052818,경기도 의정부시 동일로 121(장암동),37.699956566426,127.052818310578,카카오,장암역 7호선
서울교통공사,7호선,중계,1,서울교통공사,37.63595,127.066024,서울특별시 노원구 동일로 지하1308-1(중계동),37.6450921230569,127.06411035896,카카오,중계역 7호선
서울교통공사,7호선,중곡,1,서울교통공사,37.565535,127.081897,서울특별시 광진구 능동로 지하417(중곡동),37.56592206115955,127.08431236632154,카카오,중곡역 7호선
서울교통공사,7호선,중화,1,서울교통공사,37.602572,127.077096,서울특별시 중랑구 동일로 지하797(중화동),37.6025526943256,127.079312037122,카카오,중화역 7호선
서울교통공사,7호선,천왕,1,서울교통공사,37.486686,126.836492,서울특별시 구로구 오리로 지하1154(천왕동),37.48685558277736,126.83860534807998,카카오,천왕역 7호선
서울교통공사,7호선,철산,1,서울교통공사,37.476193,126.868211,경기도 광명시 철산로 지하13(철산동),37.4761928424537,126.868211027014,카카오,철산역 7호선
서울교통공사,7호선,청담,1,서울교통공사,37.51912,127.049748,서울특별시 강남구 학동로 지하508(청담동),37.519455579961,127.053717937903,카카오,청담역 7호선
서울교통공사,7호선,태릉입구,1,서울교통공사,37.61846,127.075405,서울특별시 노원구 동일로 지하 992-1(공릉동),37.618459513199,127.075405300578,카카오,태릉입구역 7호선
서울교통공사,7호선,하계,1,서울교통공사,37.625787,127.070705,서울특별시 노원구 동일로 지하1196(하계동),37.6364765391858,127.067991278758,카카오,하계역 7호선
서울교통공사,7호선,학동,1,서울교통공사,37.515323,127.027744,서울특별시 강남구 학동로 지하180(논현동),37.51434578734927,127.03190190063152,카카오,학동역 7호선
서울교통공사,8호선,가락시장,1,서울교통공사,37.493099,127.118263,서울특별시 송파구 송파대로 지하257(가락동),37.4930992522183,127.118262745146,카카오,가락시장역 8호선
서울교통공사,8호선,강동구청,1,서울교통공사,37.538374,127.115484,서울특별시 강동구 올림픽로 지하550(성내동),37.5302111983522,127.12044373032,카카오,강동구청역 8호선
서울교통공사,8호선,남위례,1,서울교통공사,37.462723,127.139351,경기도 성남시 수정구 공원로 601(복정동),37.4627230752808,127.139350997519,카카오,남위례역 8호선
서울교통공사,8호선,남한산성입구,1,서울교통공사,37.451541,127.157632,경기도 성남시 수정구 산성대로 지하445(단대동),37.4516686968693,127.159882577768,카카오,남한산성입구역 8호선
서울교통공사,8호선,단대오거리,1,서울교통공사,37.445163,127.154033,경기도 성남시 수정구 산성대로 지하365(신흥동),37.44502248894697,127.156769790167,카카오,단대오거리역 8호선
서울교통공사,8호선,모란,1,서울교통공사,37.433072,127.127123,경기도 성남시 수정구 산성대로 지하100(수진동),37.4340382896277,127.129970457799,카카오,모란역 8호선
서울교통공사,8호선,몽촌토성,1,서울교통공사,37.517641,127.110551,서울특별시 송파구 올림픽로 지하383(신천동),37.5178055794687,127.11286534895457,카카오,몽촌토성역 8호선
서울교통공사,8호선,문정,2,서울교통공사,37.495002,127.103639,서울특별시 송파구 송파대로 지하179(문정동),37.4860310539381,127.122484886901,카카오,문정역 8호선
서울교통공사,8호선,복정,1,서울교통공사,37.470742,127.126724,서울특별시 송파구 송파대로 지하6(장지동),37.47074367341675,127.12672175187316,카카오,복정역 8호선
서울교통공사,8호선,산성,1,서울교통공사,37.470375,127.11793,경기도 성남시 수정구 수정로 지하365(신흥동),37.456881468719025,127.14994186233623,카카오,산성역 8호선
서울교통공사,8호선,석촌,1,서울교통공사,37.505414,127.107004,서울특별시 송파구 송파대로 지하439(석촌동),37.5054141216925,127.107004062699,카카오,석촌역 8호선
서울교통공사,8호선,송파,1,서울교통공사,37.499715,127.112194,서울특별시 송파구 송파대로 지하354(가락동),37.4997149535067,127.112193506363,카카오,송파역 8호선
서울교통공사,8호선,수진,1,서울교통공사,37.437611,127.138831,경기도 성남시 수정구 산성대로 지하200(수진동),37.43765554712791,127.14048756927254,카카오,수진역 8호선 3번출구
서울교통공사,8호선,신흥,1,서울교통공사,37.440749,127.144161,경기도 성남시 수정구 산성대로 지하280(신흥동),37.4409230460675,127.147538132656,카카오,신흥역 8호선
서울교통공사,8호선,암사,1,서울교통공사,37.550646,127.125659,서울특별시 강동구 올림픽로 지하776(암사동),37.55015818096496,127.12754072968517,카카오,암사역 8호선
서울교통공사,8호선,암사역사공원역,1,서울교통공사,37.557155,127.13732,서울특별시 강동구 아리수로 27번길2(암사동),37.5571837185175,127.137563111896,카카오,암사역사공원역 8호선
서울교통공사,8호선,잠실,1,서울교통공사,37.513152,127.101221,서울특별시 송파구 올림픽로 지하265(신천동),37.51331105877401,127.10023101886318,카카오,잠실역 2호선
서울교통공사,8호선,장지,1,서울교통공사,37.482299,127.124225,서울특별시 송파구 송파대로 지하82(장지동),37.4786316933099,127.12617656737,카카오,장지역 8호선
